Gene_set;Term;Overlap;P-value;Adjusted P-value;Odds Ratio;Combined Score;Genes
gs_ind_0;Negative Regulation of Apoptotic Process (GO:0043066);13/497;1.8870660616084118e-05;0.015479194349656202;4.734723806420075;51.50386246477285;"ASNS;CAV1;PLAUR;KRT18;CCL2;SERPINB2;SPHK1;CLCF1;NGF;SERPINE1;HMGA2;SOCS3;ADAM8"
gs_ind_0;Cellular Response to Chemokine (GO:1990869);5/60;4.264240867673885e-05;0.015479194349656202;15.853206147323794;159.52544383748318;"STK39;SH2B3;CXCL17;GNAI1;CCL2"
gs_ind_0;Chemokine-mediated Signaling Pathway (GO:0070098);5/59;3.9289416278887435e-05;0.015479194349656202;16.145169994603346;163.78557114977386;"STK39;SH2B3;CXCL17;GNAI1;CCL2"
gs_ind_0;Regulation of Cell Migration (GO:0030334);11/484;0.00029516798566139315;0.0447710442301928;4.035703726052195;32.80206235169924;"CAV1;FLT1;CCL2;MYADM;SPHK1;GCNT2;CLDN1;KRT16;SERPINE1;LAMC2;TNC"
gs_ind_0;Lymphocyte Migration (GO:0072676);3/21;0.0003232515664789499;0.0447710442301928;29.704683741332957;238.73891052291646;"CXCL17;GNAI1;ADAM8"
gs_ind_0;Positive Regulation of Cell Population Proliferation (GO:0008284);11/486;0.0003057333267554929;0.0447710442301928;4.018176355715788;32.51828683142691;"TSPAN31;NES;CDK4;TIMP1;FLT1;CLCF1;SPHK1;GCNT2;LAMC2;HMGA2;FOSL1"
gs_ind_0;Positive Regulation of Cell Motility (GO:2000147);8/254;0.00024400112079958847;0.0447710442301928;5.626405029529434;46.8023372933883;"CAV1;FLT1;MYADM;SPHK1;GCNT2;CLDN1;LAMC2;CCL2"
gs_ind_0;Negative Regulation of Vascular Endothelial Cell Proliferation (GO:1905563);2/5;0.0004111207000017704;0.0447710442301928;111.09918578830496;866.1985463689351;"FLT1;CCL2"
gs_ind_0;Protein Localization to Plasma Membrane Raft (GO:0044860);2/5;0.0004111207000017704;0.0447710442301928;111.09918578830496;866.1985463689351;"CAV1;MYADM"
gs_ind_0;Negative Regulation of Receptor Signaling Pathway via STAT (GO:1904893);3/22;0.0003725344653486842;0.0447710442301928;28.17948717948718;222.48215176919646;"CAV1;SH2B3;SOCS3"
gs_ind_0;Negative Regulation of Receptor Signaling Pathway via JAK-STAT (GO:0046426);3/24;0.00048503312117452246;0.04801827899627772;25.554730305613052;195.01564416488026;"CAV1;SH2B3;SOCS3"
gs_ind_0;Monocyte Chemotaxis (GO:0002548);3/26;0.0006172365277484524;0.05601421489317206;23.376740559206862;172.7601499213114;"CXCL17;FLT1;CCL2"
gs_ind_0;Regulation of Blood Coagulation (GO:0030193);3/28;0.0007704452608334331;0.06453960684981605;21.54039626321733;154.41323422005206;"CAV1;PLAUR;SERPINE1"
gs_ind_0;Protein Localization to Membrane Raft (GO:1903044);2/7;0.0008560666574793343;0.06658975642821394;70.69006123410269;499.2953764807505;"CAV1;MYADM"
gs_ind_0;Maintenance of Lens Transparency (GO:0036438);2/8;0.0011365986419248541;0.08251706140374442;59.81068154643284;405.49938225468;"GCNT2;STK39"
gs_ind_0;Negative Regulation of Binding (GO:0051100);3/33;0.0012533753789227054;0.08530786172792663;18.003175693073555;120.29569085975622;"HMGA2;SLPI;NES"
gs_ind_0;Regulation of Cell Population Proliferation (GO:0042127);13/777;0.0014974068011622684;0.09059311147031723;2.942790265395339;19.13996811385676;"TSPAN31;SH2B3;CDK4;TIMP1;FLT1;CLCF1;GCNT2;NGF;LAMC2;SULT2B1;IGFBP3;SAV1;FOSL1"
gs_ind_0;Intermediate Filament Organization (GO:0045109);4/75;0.001421749112810657;0.09059311147031723;9.951048951048952;65.2377573720897;"KRT75;KRT16;KRT18;KRT17"
gs_ind_0;Negative Regulation of Endothelial Cell Proliferation (GO:0001937);3/39;0.002041243631470626;0.10228683818217818;15.037725023309187;93.14661669376243;"CAV1;FLT1;CCL2"
gs_ind_0;Negative Regulation of Neuron Apoptotic Process (GO:0043524);4/83;0.002066400771357135;0.10228683818217818;8.944893680742737;55.29685814420826;"NGF;ADAM8;CCL2;CLCF1"
gs_ind_0;Positive Regulation of Cell Migration (GO:0030335);8/349;0.001934923667335708;0.10228683818217818;4.035098646691958;25.21003497948878;"CAV1;FLT1;MYADM;SPHK1;GCNT2;CLDN1;LAMC2;CCL2"
gs_ind_0;Regulation of Potassium Ion Transmembrane Transport (GO:1901379);3/39;0.002041243631470626;0.10228683818217818;15.037725023309187;93.14661669376243;"CAV1;KCNN4;STK39"
gs_ind_0;Epidermis Development (GO:0008544);4/87;0.0024541954682873787;0.11620082021586763;8.514114627887084;51.169456701513255;"SPRR1A;SPRR2D;LAMC2;LAMB3"
gs_ind_0;Regulation of DNA-templated Transcription Initiation (GO:2000142);2/13;0.0030999967464291757;0.12067267791319769;33.79477359765713;195.21058298441986;"FOSL1;CDK4"
gs_ind_0;Macrophage Chemotaxis (GO:0048246);2/13;0.0030999967464291757;0.12067267791319769;33.79477359765713;195.21058298441986;"CXCL17;CCL2"
gs_ind_0;Positive Regulation of Cellular Process (GO:0048522);11/647;0.0031026951162254684;0.12067267791319769;2.9685512288183142;17.144820579001728;"TSPAN31;CDK4;TIMP1;FLT1;CLCF1;SPHK1;GCNT2;LAMC2;FOSL1;S100A9;ADAM8"
gs_ind_0;Regulation of Intrinsic Apoptotic Signaling Pathway (GO:2001242);3/45;0.003081686715980476;0.12067267791319769;12.909578072066523;74.6467718164548;"CAV1;PLAUR;S100A9"
gs_ind_0;Fibrinolysis (GO:0042730);2/13;0.0030999967464291757;0.12067267791319769;33.79477359765713;195.21058298441986;"SERPINE1;SERPINB2"
gs_ind_0;Positive Regulation of Sodium Ion Transmembrane Transport (GO:1902307);2/14;0.00360142383597857;0.13073168524602208;31.089119170984457;174.9206284741827;"STK39;FXYD5"
gs_ind_0;Macrophage Migration (GO:1905517);2/14;0.00360142383597857;0.13073168524602208;31.089119170984457;174.9206284741827;"CXCL17;CCL2"
gs_ind_0;Ganglioside Biosynthetic Process (GO:0001574);2/15;0.004137988227999756;0.13253732883210984;28.784302437152178;157.95517059098043;"ST3GAL1;B4GALNT1"
gs_ind_0;Negative Regulation of Smooth Muscle Cell Migration (GO:0014912);2/15;0.004137988227999756;0.13253732883210984;28.784302437152178;157.95517059098043;"SERPINE1;IGFBP3"
gs_ind_0;Positive Regulation of Macrophage Chemotaxis (GO:0010759);2/15;0.004137988227999756;0.13253732883210984;28.784302437152178;157.95517059098043;"CXCL17;CCL2"
gs_ind_0;Response to Chemokine (GO:1990868);2/15;0.004137988227999756;0.13253732883210984;28.784302437152178;157.95517059098043;"STK39;SH2B3"
gs_ind_0;Regulation of Coagulation (GO:0050818);2/16;0.004709222504907369;0.14245398077344792;26.79739145971056;143.5866527050793;"CAV1;SERPINE1"
gs_ind_0;Negative Regulation of Cation Transmembrane Transport (GO:1904063);2/16;0.004709222504907369;0.14245398077344792;26.79739145971056;143.5866527050793;"CAV1;STK39"
gs_ind_0;Regulation of Wound Healing (GO:0061041);3/53;0.004900981856513793;0.14424781734441947;10.858690581099994;57.74998819718258;"CAV1;SERPINE1;CLDN1"
gs_ind_0;Regulation of Fibrinolysis (GO:0051917);2/17;0.005314663726412452;0.14840176405290154;25.066856092261407;131.28228289447338;"PLAUR;SERPINE1"
gs_ind_0;Regulation of Plasminogen Activation (GO:0010755);2/17;0.005314663726412452;0.14840176405290154;25.066856092261407;131.28228289447338;"PLAUR;SERPINE1"
gs_ind_0;Regulation of Vascular Endothelial Cell Proliferation (GO:1905562);2/18;0.005953853392074927;0.1521675680038259;23.546082587533366;120.64345516351523;"FLT1;CCL2"
gs_ind_0;Positive Regulation of Leukocyte Chemotaxis (GO:0002690);3/57;0.006008453098406348;0.1521675680038259;10.059032614438733;51.44780701372831;"CXCL17;SERPINE1;CCL2"
gs_ind_0;Positive Regulation of Vasculature Development (GO:1904018);4/110;0.005685293804604956;0.1521675680038259;6.66510172143975;34.45772591572208;"SPHK1;FLT1;SERPINE1;HMGA2"
gs_ind_0;Positive Regulation of Potassium Ion Transmembrane Transport (GO:1901381);2/18;0.005953853392074927;0.1521675680038259;23.546082587533366;120.64345516351523;"KCNN4;STK39"
gs_ind_0;Regulation of Smooth Muscle Contraction (GO:0006940);2/23;0.009640286998959167;0.17210282855518907;18.064224605374143;83.85059724003645;"SPHK1;CAV1"
gs_ind_0;Hexose Transmembrane Transport (GO:0008645);2/23;0.009640286998959167;0.17210282855518907;18.064224605374143;83.85059724003645;"PPBP;SLC45A3"
gs_ind_0;Regulation of Smooth Muscle Cell Migration (GO:0014910);2/20;0.007331666030696678;0.17210282855518907;20.99775941744854;103.21558879028031;"SERPINE1;IGFBP3"
gs_ind_0;Glycosaminoglycan Biosynthetic Process (GO:0006024);2/23;0.009640286998959167;0.17210282855518907;18.064224605374143;83.85059724003645;"GCNT2;HAS3"
gs_ind_0;Regulation of Calcium Ion Import (GO:0090279);2/22;0.008839079809404066;0.17210282855518907;18.946670036648552;89.59070293426066;"KCNN4;CCL2"
gs_ind_0;Regulation of Integrin-Mediated Signaling Pathway (GO:2001044);2/22;0.008839079809404066;0.17210282855518907;18.946670036648552;89.59070293426066;"TIMP1;SERPINE1"
gs_ind_0;Regulation of Heterotypic Cell-Cell Adhesion (GO:0034114);2/21;0.00806939386903539;0.17210282855518907;19.91962269164342;96.00614551666128;"GCNT2;MYADM"
gs_ind_0;Positive Regulation of p38MAPK Cascade (GO:1900745);2/23;0.009640286998959167;0.17210282855518907;18.064224605374143;83.85059724003645;"SPHK1;STK39"
gs_ind_0;Positive Regulation of Macrophage Migration (GO:1905523);2/21;0.00806939386903539;0.17210282855518907;19.91962269164342;96.00614551666128;"CXCL17;CCL2"
gs_ind_0;Establishment of Skin Barrier (GO:0061436);2/21;0.00806939386903539;0.17210282855518907;19.91962269164342;96.00614551666128;"KRT16;CLDN1"
gs_ind_0;Positive Regulation of Monocyte Chemotaxis (GO:0090026);2/21;0.00806939386903539;0.17210282855518907;19.91962269164342;96.00614551666128;"CXCL17;SERPINE1"
gs_ind_0;Regulation of Receptor Signaling Pathway via JAK-STAT (GO:0046425);3/66;0.009011382139975497;0.17210282855518907;8.62814857566888;40.63225379216937;"CAV1;SH2B3;SOCS3"
gs_ind_0;Regulation of Macrophage Chemotaxis (GO:0010758);2/22;0.008839079809404066;0.17210282855518907;18.946670036648552;89.59070293426066;"CXCL17;CCL2"
gs_ind_0;Cell Junction Maintenance (GO:0034331);2/23;0.009640286998959167;0.17210282855518907;18.064224605374143;83.85059724003645;"CLDN1;MYADM"
gs_ind_0;Positive Regulation of Angiogenesis (GO:0045766);4/127;0.009364843485458758;0.17210282855518907;5.741083477925583;26.815410545816263;"SPHK1;FLT1;SERPINE1;HMGA2"
gs_ind_0;Negative Regulation of Protein Binding (GO:0032091);2/20;0.007331666030696678;0.17210282855518907;20.99775941744854;103.21558879028031;"SLPI;NES"
gs_ind_0;Regulation of Granulocyte Chemotaxis (GO:0071622);2/21;0.00806939386903539;0.17210282855518907;19.91962269164342;96.00614551666128;"CXCL17;CCL2"
gs_ind_0;Granulocyte Chemotaxis (GO:0071621);3/65;0.008641835291344668;0.17210282855518907;8.766785340314136;41.65222713833794;"S100A9;CCL2;PPBP"
gs_ind_0;Skin Epidermis Development (GO:0098773);2/24;0.010472582806030502;0.18102607421852723;17.26021876799079;78.68924412662194;"KRT16;CLDN1"
gs_ind_0;Lymphocyte Chemotaxis (GO:0048247);2/24;0.010472582806030502;0.18102607421852723;17.26021876799079;78.68924412662194;"CXCL17;ADAM8"
gs_ind_0;Regulation of Membrane Protein Ectodomain Proteolysis (GO:0051043);2/25;0.011335538784657337;0.18424480203719162;16.524638959320914;74.02728356182428;"TIMP1;ADAM8"
gs_ind_0;Regulation of Neuron Apoptotic Process (GO:0043523);4/133;0.010962524875367892;0.18424480203719162;5.472881044309616;24.700604345772692;"NGF;CCL2;ADAM8;CLCF1"
gs_ind_0;Ganglioside Metabolic Process (GO:0001573);2/25;0.011335538784657337;0.18424480203719162;16.524638959320914;74.02728356182428;"ST3GAL1;B4GALNT1"
gs_ind_0;Response to Ketone (GO:1901654);2/25;0.011335538784657337;0.18424480203719162;16.524638959320914;74.02728356182428;"GNAI1;CAV1"
gs_ind_0;Cell Surface Receptor Signaling Pathway via JAK-STAT (GO:0007259);3/73;0.011856562246047872;0.18987935714626666;7.7678140432958305;34.44927489564678;"SOCS3;CCL2;CLCF1"
gs_ind_0;Regulation of Protein Processing (GO:0070613);2/26;0.012228730639399738;0.19300127052617846;15.849106481971027;69.79894391352366;"PLAUR;ADAM8"
gs_ind_0;Embryonic Organ Development (GO:0048568);3/75;0.012753669334232224;0.19841065578541273;7.552518505145333;32.94360430576254;"IFT122;SH2B3;NES"
gs_ind_0;Regulation of Cell Adhesion (GO:0030155);4/142;0.01367295566077032;0.20971617907857576;5.114148186350352;21.951639487740632;"PLAUR;ADAM8;TNC;MYADM"
gs_ind_0;Regulation of DNA Binding (GO:0051101);2/28;0.014104145338852929;0.21332519825015053;14.650992276859908;62.43207602796042;"PLAUR;HMGA2"
gs_ind_0;Cell Surface Receptor Signaling Pathway via STAT (GO:0097696);3/80;0.015162719923970783;0.2172658157526866;7.0628947812869445;29.58586942667982;"SOCS3;CCL2;CLCF1"
gs_ind_0;Regulation of Cellular Response to Growth Factor Stimulus (GO:0090287);2/29;0.015085540032400788;0.2172658157526866;14.1172868582195;59.20816377381631;"FST;TWSG1"
gs_ind_0;Regulation of Monocyte Chemotaxis (GO:0090025);2/29;0.015085540032400788;0.2172658157526866;14.1172868582195;59.20816377381631;"CXCL17;SERPINE1"
gs_ind_0;Positive Regulation of Fibroblast Proliferation (GO:0048146);2/29;0.015085540032400788;0.2172658157526866;14.1172868582195;59.20816377381631;"SPHK1;CDK4"
gs_ind_0;Positive Regulation of Mitotic Cell Cycle (GO:0045931);2/30;0.016095514231254666;0.2232223961783271;13.621034451413507;56.24417520911043;"SPHK1;ASNS"
gs_ind_0;Regulation of Protein Binding (GO:0043393);2/30;0.016095514231254666;0.2232223961783271;13.621034451413507;56.24417520911043;"SLPI;NES"
gs_ind_0;Regulation of BMP Signaling Pathway (GO:0030510);3/82;0.016193360236995264;0.2232223961783271;6.884289900885772;28.384987322719727;"CAV1;FST;TWSG1"
gs_ind_0;Negative Regulation of Programmed Cell Death (GO:0043069);7/410;0.01722328502876266;0.2315574987200313;2.967781908302354;12.053625534998542;"ASNS;PLAUR;KRT18;SERPINB2;SPHK1;HMGA2;SOCS3"
gs_ind_0;Golgi to Plasma Membrane Protein Transport (GO:0043001);2/31;0.017133663874236465;0.2315574987200313;13.158426275577412;53.51150507584782;"KRT18;PREPL"
gs_ind_0;Response to Peptide Hormone (GO:0043434);2/57;0.05278129353693078;0.241429798655155;6.981981981981982;20.538187307132993;"GNAI1;CAV1"
gs_ind_0;Angiotensin-activated Signaling Pathway (GO:0038166);1/12;0.07513848782583187;0.241429798655155;20.068896321070234;51.94678005413839;CAV1
gs_ind_0;Uridine Transmembrane Transport (GO:0015862);1/6;0.038295311674392554;0.241429798655155;41.97902097902098;136.95352509562392;SLC29A2
gs_ind_0;Thrombopoietin-mediated Signaling Pathway (GO:0038163);1/7;0.04453518584387808;0.241429798655155;35.51834319526627;110.51446208033717;SH2B3
gs_ind_0;Biogenic Amine Biosynthetic Process (GO:0042401);1/10;0.06301536977924864;0.241429798655155;24.297165991902833;67.16651754184515;SAT1
gs_ind_0;Biogenic Amine Catabolic Process (GO:0042402);1/11;0.06909646208134355;0.241429798655155;21.98168498168498;58.7405961492619;COMT
gs_ind_0;Blood Vessel Morphogenesis (GO:0048514);2/52;0.044768279842070345;0.241429798655155;7.675832350074385;23.843095913955633;"CAV1;FLT1"
gs_ind_0;Regulation of Fibroblast Proliferation (GO:0048145);2/47;0.037261115181880806;0.241429798655155;8.522177304560724;28.036301375530915;"SPHK1;CDK4"
gs_ind_0;CRD-mediated mRNA Stabilization (GO:0070934);1/11;0.06909646208134355;0.241429798655155;21.98168498168498;58.7405961492619;IGF2BP2
gs_ind_0;Camera-type Eye Development (GO:0043010);2/40;0.02768016220380188;0.241429798655155;10.076374402799273;36.144350866319336;"IFT122;NES"
gs_ind_0;Camera-type Eye Morphogenesis (GO:0048593);1/13;0.08114169541578212;0.241429798655155;18.462153846153846;46.36877621702206;IFT122
gs_ind_0;Negative Regulation of Proteolysis (GO:0045861);2/41;0.028978694545994776;0.241429798655155;9.820620449924576;34.77672604188626;"TIMP1;SERPINE1"
gs_ind_0;Negative Regulation of RNA Catabolic Process (GO:1902369);1/12;0.07513848782583187;0.241429798655155;20.068896321070234;51.94678005413839;IGF2BP2
gs_ind_0;Positive Regulation of Wound Healing (GO:0090303);2/46;0.035823991357420745;0.241429798655155;8.714269080747512;29.010999636520392;"SERPINE1;CLDN1"
gs_ind_0;Urate Transport (GO:0015747);1/7;0.04453518584387808;0.241429798655155;35.51834319526627;110.51446208033717;SLC29A2
gs_ind_0;Positive Regulation of Sodium Ion Export Across Plasma Membrane (GO:1903278);1/10;0.06301536977924864;0.241429798655155;24.297165991902833;67.16651754184515;FXYD5
gs_ind_0;Negative Regulation of Sodium Ion Transmembrane Transport (GO:1902306);1/8;0.05073498401558569;0.241429798655155;30.780512820512822;91.76100525609444;STK39
gs_ind_0;Positive Regulation of Sterol Biosynthetic Process (GO:0106120);1/13;0.08114169541578212;0.241429798655155;18.462153846153846;46.36877621702206;GNAI1
gs_ind_0;Positive Regulation of Substrate Adhesion-Dependent Cell Spreading (GO:1900026);2/35;0.021560073042885736;0.241429798655155;11.584177557806822;44.44747156205883;"OLFM4;MYADM"
gs_ind_0;Positive Regulation of T Cell Apoptotic Process (GO:0070234);1/11;0.06909646208134355;0.241429798655155;21.98168498168498;58.7405961492619;ADAM8
gs_ind_0;Positive Regulation of T Cell Chemotaxis (GO:0010820);1/12;0.07513848782583187;0.241429798655155;20.068896321070234;51.94678005413839;STK39
gs_ind_0;Positive Regulation of T Cell Differentiation in Thymus (GO:0033089);1/6;0.038295311674392554;0.241429798655155;41.97902097902098;136.95352509562392;ADAM8
gs_ind_0;Nerve Growth Factor Signaling Pathway (GO:0038180);1/11;0.06909646208134355;0.241429798655155;21.98168498168498;58.7405961492619;NGF
gs_ind_0;Spinal Cord Dorsal/Ventral Patterning (GO:0021513);1/6;0.038295311674392554;0.241429798655155;41.97902097902098;136.95352509562392;IFT122
gs_ind_0;Neurotransmitter Uptake (GO:0001504);1/12;0.07513848782583187;0.241429798655155;20.068896321070234;51.94678005413839;SLC29A2
gs_ind_0;Sulfur Amino Acid Transport (GO:0000101);1/9;0.05689496094357355;0.241429798655155;27.157466063348416;77.84819365218726;SLC1A4
gs_ind_0;Regulation of Cold-Induced Thermogenesis (GO:0120161);3/151;0.07501393384044545;0.241429798655155;3.668500008814145;9.501713631987984;"CAV1;ACOT11;LCN2"
gs_ind_0;Nicotinate Metabolic Process (GO:1901847);1/12;0.07513848782583187;0.241429798655155;20.068896321070234;51.94678005413839;SLC5A8
gs_ind_0;Catecholamine Catabolic Process (GO:0042424);1/8;0.05073498401558569;0.241429798655155;30.780512820512822;91.76100525609444;COMT
gs_ind_0;Nitrogen Compound Transport (GO:0071705);3/145;0.0681946347390402;0.241429798655155;3.82450629190778;10.270288605820477;"SLC29A2;SLC5A8;SLC1A4"
gs_ind_0;Caveola Assembly (GO:0070836);1/6;0.038295311674392554;0.241429798655155;41.97902097902098;136.95352509562392;CAV1
gs_ind_0;Caveolin-mediated Endocytosis (GO:0072584);1/5;0.03201510514038111;0.241429798655155;51.31111111111111;176.58962369959124;CAV1
gs_ind_0;Renal Sodium Ion Transport (GO:0003096);1/9;0.05689496094357355;0.241429798655155;27.157466063348416;77.84819365218726;STK39
gs_ind_0;Dopamine Catabolic Process (GO:0042420);1/8;0.05073498401558569;0.241429798655155;30.780512820512822;91.76100525609444;COMT
gs_ind_0;Embryonic Camera-Type Eye Development (GO:0031076);1/5;0.03201510514038111;0.241429798655155;51.31111111111111;176.58962369959124;NES
gs_ind_0;Embryonic Forelimb Morphogenesis (GO:0035115);1/10;0.06301536977924864;0.241429798655155;24.297165991902833;67.16651754184515;IFT122
gs_ind_0;Pyrimidine Nucleobase Transport (GO:0015855);1/5;0.03201510514038111;0.241429798655155;51.31111111111111;176.58962369959124;SLC29A2
gs_ind_0;Pyrimidine Nucleoside Transport (GO:0015864);1/6;0.038295311674392554;0.241429798655155;41.97902097902098;136.95352509562392;SLC29A2
gs_ind_0;Positive Regulation of Odontoblast Differentiation (GO:1901331);1/6;0.038295311674392554;0.241429798655155;41.97902097902098;136.95352509562392;SERPINE1
gs_ind_0;Positive Regulation of Potassium Ion Import Across Plasma Membrane (GO:1903288);1/5;0.03201510514038111;0.241429798655155;51.31111111111111;176.58962369959124;STK39
gs_ind_0;Nuclear Membrane Disassembly (GO:0051081);1/12;0.07513848782583187;0.241429798655155;20.068896321070234;51.94678005413839;PADI4
gs_ind_0;Positive Regulation of Protein Depolymerization (GO:1901881);1/12;0.07513848782583187;0.241429798655155;20.068896321070234;51.94678005413839;NES
gs_ind_0;Regulation of Gap Junction Assembly (GO:1903596);1/9;0.05689496094357355;0.241429798655155;27.157466063348416;77.84819365218726;CAV1
gs_ind_0;Regulation of Glial Cell Apoptotic Process (GO:0034350);1/7;0.04453518584387808;0.241429798655155;35.51834319526627;110.51446208033717;CCL2
gs_ind_0;Protein Modification Process (GO:0036211);6/439;0.06580585907599239;0.241429798655155;2.36333426852458;6.430742205508821;"ST3GAL1;STK39;PADI4;IGFBP3;SPRR1A;CCL2"
gs_ind_0;Response to Misfolded Protein (GO:0051788);1/13;0.08114169541578212;0.241429798655155;18.462153846153846;46.36877621702206;CAV1
gs_ind_0;Response to Lipopolysaccharide (GO:0032496);4/161;0.020705729164895364;0.241429798655155;4.49145880574452;17.414934650369602;"SERPINE1;SLPI;CCL2;PPBP"
gs_ind_0;Regulation of Glial Cell Differentiation (GO:0045685);1/8;0.05073498401558569;0.241429798655155;30.780512820512822;91.76100525609444;SLC45A3
gs_ind_0;Endoderm Formation (GO:0001706);2/37;0.02393211153318266;0.241429798655155;10.930088301831717;40.79692777308081;"HMGA2;LAMB3"
gs_ind_0;Endodermal Cell Differentiation (GO:0035987);2/33;0.019292892939821817;0.241429798655155;12.321325766921621;48.64482197806084;"HMGA2;LAMB3"
gs_ind_0;Endosome to Melanosome Transport (GO:0035646);1/9;0.05689496094357355;0.241429798655155;27.157466063348416;77.84819365218726;BLOC1S5
gs_ind_0;Epidermal Cell Differentiation (GO:0009913);2/58;0.05444109883069997;0.241429798655155;6.857948553349535;19.960991377347295;"SPRR1A;KRT16"
gs_ind_0;Neutrophil Chemotaxis (GO:0030593);2/44;0.0330167633295863;0.241429798655155;9.125571472112162;31.124950427349912;"S100A9;PPBP"
gs_ind_0;Neutrophil Migration (GO:1990266);2/51;0.0432250838145275;0.241429798655155;7.831423038676925;24.601117874877907;"S100A9;PPBP"
gs_ind_0;Negative Regulation of Sodium Ion Transport (GO:0010766);1/10;0.06301536977924864;0.241429798655155;24.297165991902833;67.16651754184515;STK39
gs_ind_0;Chronic Inflammatory Response (GO:0002544);1/6;0.038295311674392554;0.241429798655155;41.97902097902098;136.95352509562392;S100A9
gs_ind_0;Cytokine-mediated Signaling Pathway (GO:0019221);5/287;0.03889170551869409;0.241429798655155;3.067256637168142;9.959303401333585;"CXCL17;CLCF1;SOCS3;GNAI1;CCL2"
gs_ind_0;Defense Response to Bacterium (GO:0042742);4/236;0.06742793413372317;0.241429798655155;3.0272401433691756;8.163546064482615;"S100A9;SERPINE1;SLPI;LCN2"
gs_ind_0;Diol Metabolic Process (GO:0034311);1/12;0.07513848782583187;0.241429798655155;20.068896321070234;51.94678005413839;SPHK1
gs_ind_0;Regulation of Vascular Wound Healing (GO:0061043);1/10;0.06301536977924864;0.241429798655155;24.297165991902833;67.16651754184515;SERPINE1
gs_ind_0;Regulation of Ventricular Cardiac Muscle Cell Action Potential (GO:0098911);1/12;0.07513848782583187;0.241429798655155;20.068896321070234;51.94678005413839;CAV1
gs_ind_0;Negative Regulation of Sphingolipid Biosynthetic Process (GO:0090155);1/5;0.03201510514038111;0.241429798655155;51.31111111111111;176.58962369959124;SPHK1
gs_ind_0;Regulation of p38MAPK Cascade (GO:1900744);2/36;0.02273317590499811;0.241429798655155;11.247653375384846;42.56033222491938;"SPHK1;STK39"
gs_ind_0;Renal Sodium Ion Absorption (GO:0070294);1/9;0.05689496094357355;0.241429798655155;27.157466063348416;77.84819365218726;STK39
gs_ind_0;Positive Regulation of Neutrophil Extravasation (GO:2000391);1/5;0.03201510514038111;0.241429798655155;51.31111111111111;176.58962369959124;ADAM8
gs_ind_0;Purine Nucleobase Transmembrane Transport (GO:1904823);1/6;0.038295311674392554;0.241429798655155;41.97902097902098;136.95352509562392;SLC29A2
gs_ind_0;Purine Nucleobase Transport (GO:0006863);1/10;0.06301536977924864;0.241429798655155;24.297165991902833;67.16651754184515;SLC29A2
gs_ind_0;Negative Regulation of Trophoblast Cell Migration (GO:1901164);1/6;0.038295311674392554;0.241429798655155;41.97902097902098;136.95352509562392;TIMP1
gs_ind_0;Establishment of Protein Localization to Plasma Membrane (GO:0061951);2/43;0.0316473521913687;0.241429798655155;9.346089019289593;32.272987403322404;"KRT18;PREPL"
gs_ind_0;Establishment or Maintenance of Transmembrane Electrochemical Gradient (GO:0010248);1/11;0.06909646208134355;0.241429798655155;21.98168498168498;58.7405961492619;FXYD5
gs_ind_0;Regulation of T Cell Chemotaxis (GO:0010819);1/13;0.08114169541578212;0.241429798655155;18.462153846153846;46.36877621702206;STK39
gs_ind_0;Regulation of T Cell Differentiation in Thymus (GO:0033081);1/13;0.08114169541578212;0.241429798655155;18.462153846153846;46.36877621702206;ADAM8
gs_ind_0;Regulation of Thymocyte Apoptotic Process (GO:0070243);1/8;0.05073498401558569;0.241429798655155;30.780512820512822;91.76100525609444;ADAM8
gs_ind_0;Regulation of Transmembrane Receptor Protein Serine/Threonine Kinase Signaling Pathway (GO:0090092);2/35;0.021560073042885736;0.241429798655155;11.584177557806822;44.44747156205883;"FST;TWSG1"
gs_ind_0;Regulation of Transmembrane Transport (GO:0034762);1/11;0.06909646208134355;0.241429798655155;21.98168498168498;58.7405961492619;STK39
gs_ind_0;Negative Regulation of Viral Genome Replication (GO:0045071);2/48;0.038720122593061915;0.241429798655155;8.338347540252938;27.111268591868672;"SLPI;HMGA2"
gs_ind_0;Negative Regulation of Viral Life Cycle (GO:1903901);1/6;0.038295311674392554;0.241429798655155;41.97902097902098;136.95352509562392;TRIM15
gs_ind_0;Endochondral Bone Morphogenesis (GO:0060350);1/13;0.08114169541578212;0.241429798655155;18.462153846153846;46.36877621702206;DLX5
gs_ind_0;Endochondral Ossification (GO:0001958);1/9;0.05689496094357355;0.241429798655155;27.157466063348416;77.84819365218726;DLX5
gs_ind_0;Endocytosis Involved in Viral Entry Into Host Cell (GO:0075509);1/12;0.07513848782583187;0.241429798655155;20.068896321070234;51.94678005413839;CAV1
gs_ind_0;Cellular Response to Lipid (GO:0071396);4/234;0.0657820236832715;0.241429798655155;3.053920049581655;8.310964513484965;"GNAI1;SERPINE1;CCL2;PPBP"
gs_ind_0;Cellular Response to Lipopolysaccharide (GO:0071222);3/125;0.04768835985098182;0.241429798655155;4.454899027673897;13.556560403260004;"SERPINE1;CCL2;PPBP"
gs_ind_0;Regulation of Endopeptidase Activity (GO:0052548);1/11;0.06909646208134355;0.241429798655155;21.98168498168498;58.7405961492619;TIMP1
gs_ind_0;Cellular Response to Molecule of Bacterial Origin (GO:0071219);3/122;0.04492087814090874;0.241429798655155;4.567657560954237;14.172768140317809;"SERPINE1;CCL2;PPBP"
gs_ind_0;Cellular Response to Salt (GO:1902075);1/5;0.03201510514038111;0.241429798655155;51.31111111111111;176.58962369959124;HNRNPA1
gs_ind_0;Cellular Response to Sodium Arsenite (GO:1903936);1/5;0.03201510514038111;0.241429798655155;51.31111111111111;176.58962369959124;HNRNPA1
gs_ind_0;Cellular Response to Starvation (GO:0009267);3/152;0.07617905089894664;0.241429798655155;3.6437164019681663;9.381362851201203;"CAV1;ASNS;HNRNPA1"
gs_ind_0;Cellular Response to UV-A (GO:0071492);1/11;0.06909646208134355;0.241429798655155;21.98168498168498;58.7405961492619;TIMP1
gs_ind_0;Cellular Response to Vascular Endothelial Growth Factor Stimulus (GO:0035924);2/37;0.02393211153318266;0.241429798655155;10.930088301831717;40.79692777308081;"SPHK1;FLT1"
gs_ind_0;Ceramide Biosynthetic Process (GO:0046513);2/51;0.0432250838145275;0.241429798655155;7.831423038676925;24.601117874877907;"ST3GAL1;B4GALNT1"
gs_ind_0;Chemokine (C-X-C Motif) Ligand 12 Signaling Pathway (GO:0038146);1/7;0.04453518584387808;0.241429798655155;35.51834319526627;110.51446208033717;STK39
gs_ind_0;Response to Forskolin (GO:1904321);1/11;0.06909646208134355;0.241429798655155;21.98168498168498;58.7405961492619;GNAI1
gs_ind_0;Regulation of Endothelial Cell Apoptotic Process (GO:2000351);2/48;0.038720122593061915;0.241429798655155;8.338347540252938;27.111268591868672;"SERPINE1;CCL2"
gs_ind_0;Positive Regulation of Mononuclear Cell Migration (GO:0071677);2/36;0.02273317590499811;0.241429798655155;11.247653375384846;42.56033222491938;"CXCL17;SERPINE1"
gs_ind_0;Positive Regulation of Multicellular Organismal Process (GO:0051240);6/432;0.06186806565390373;0.241429798655155;2.4032761953043313;6.68771955927289;"CAV1;FST;GCNT2;SERPINE1;LCN2;ADAM8"
gs_ind_0;Positive Regulation of Neuroepithelial Cell Differentiation (GO:1902913);1/6;0.038295311674392554;0.241429798655155;41.97902097902098;136.95352509562392;SERPINE1
gs_ind_0;Glycosphingolipid Biosynthetic Process (GO:0006688);2/42;0.030301210829666234;0.241429798655155;9.577496321883196;33.488363384628606;"ST3GAL1;B4GALNT1"
gs_ind_0;Glycosylceramide Metabolic Process (GO:0006677);1/9;0.05689496094357355;0.241429798655155;27.157466063348416;77.84819365218726;B4GALT3
gs_ind_0;Positive Regulation of Intracellular Signal Transduction (GO:1902533);9/707;0.039827427667384174;0.241429798655155;2.1752558355294465;7.011283448941498;"GOLT1B;TRIM15;CAV1;FLT1;SPHK1;GCNT2;TWSG1;S100A9;ADAM8"
gs_ind_0;Positive Regulation of Intrinsic Apoptotic Signaling Pathway (GO:2001244);2/41;0.028978694545994776;0.241429798655155;9.820620449924576;34.77672604188626;"CAV1;S100A9"
gs_ind_0;Regulation of Entry of Bacterium Into Host Cell (GO:2000535);1/7;0.04453518584387808;0.241429798655155;35.51834319526627;110.51446208033717;CAV1
gs_ind_0;Regulation of Epidermal Growth Factor Receptor Signaling Pathway (GO:0042058);2/59;0.056119251739760775;0.241429798655155;6.738229330930389;19.40796263029716;"PLAUR;RHBDF2"
gs_ind_0;Positive Regulation of MAPK Cascade (GO:0043410);6/380;0.03710906994720252;0.241429798655155;2.74673258037744;9.047445598808382;"STK39;CXCL17;FLT1;SPHK1;GCNT2;ADAM8"
gs_ind_0;Receptor-mediated Endocytosis of Virus by Host Cell (GO:0019065);1/11;0.06909646208134355;0.241429798655155;21.98168498168498;58.7405961492619;CAV1
gs_ind_0;Reg of Cardiac Muscle Cell Action Potential Involved in Regulation of Contraction (GO:0098909);1/8;0.05073498401558569;0.241429798655155;30.780512820512822;91.76100525609444;CAV1
gs_ind_0;Reg of Single Stranded Viral RNA Replication via Double Stranded DNA Intermediate (GO:0045091);1/13;0.08114169541578212;0.241429798655155;18.462153846153846;46.36877621702206;HMGA2
gs_ind_0;Regulation of Alternative mRNA Splicing, via Spliceosome (GO:0000381);2/68;0.07199939809524343;0.241429798655155;5.822782344462191;15.320308184787459;"RBPMS;HNRNPA1"
gs_ind_0;Regulation of Angiogenesis (GO:0045765);4/213;0.04980981030580439;0.241429798655155;3.364814183429935;10.0929059078229;"SPHK1;FLT1;SERPINE1;HMGA2"
gs_ind_0;Negative Regulation of Potassium Ion Transmembrane Transport (GO:1901380);1/9;0.05689496094357355;0.241429798655155;27.157466063348416;77.84819365218726;CAV1
gs_ind_0;Foam Cell Differentiation (GO:0090077);1/7;0.04453518584387808;0.241429798655155;35.51834319526627;110.51446208033717;APOBR
gs_ind_0;Forelimb Morphogenesis (GO:0035136);1/11;0.06909646208134355;0.241429798655155;21.98168498168498;58.7405961492619;IFT122
gs_ind_0;Fructose Metabolic Process (GO:0006000);1/9;0.05689496094357355;0.241429798655155;27.157466063348416;77.84819365218726;FBP2
gs_ind_0;Positive Regulation of Heterotypic Cell-Cell Adhesion (GO:0034116);1/13;0.08114169541578212;0.241429798655155;18.462153846153846;46.36877621702206;GCNT2
gs_ind_0;Positive Regulation of Inflammatory Response (GO:0050729);3/131;0.053469355656083385;0.241429798655155;4.245176930755597;12.432622902566656;"SERPINE1;S100A9;ADAM8"
gs_ind_0;Golgi to Plasma Membrane Transport (GO:0006893);2/57;0.05278129353693078;0.241429798655155;6.981981981981982;20.538187307132993;"KRT18;PREPL"
gs_ind_0;Negative Regulation of Potassium Ion Transport (GO:0043267);1/10;0.06301536977924864;0.241429798655155;24.297165991902833;67.16651754184515;CAV1
gs_ind_0;Host-mediated Suppression of Viral Transcription (GO:0043922);1/13;0.08114169541578212;0.241429798655155;18.462153846153846;46.36877621702206;HMGA2
gs_ind_0;Hyaluronan Biosynthetic Process (GO:0030213);1/5;0.03201510514038111;0.241429798655155;51.31111111111111;176.58962369959124;HAS3
gs_ind_0;Antimicrobial Humoral Immune Response Mediated by Antimicrobial Peptide (GO:0061844);3/126;0.048629190203893405;0.241429798655155;4.418530215995083;13.359564438532777;"S100A9;CCL2;PPBP"
gs_ind_0;Hyperosmotic Response (GO:0006972);1/13;0.08114169541578212;0.241429798655155;18.462153846153846;46.36877621702206;STK39
gs_ind_0;Antimicrobial Humoral Response (GO:0019730);4/158;0.019472791431089684;0.241429798655155;4.579596239790415;18.03782560806572;"S100A9;SLPI;CCL2;PPBP"
gs_ind_0;G2/M Transition of Mitotic Cell Cycle (GO:0000086);2/45;0.03440909247440515;0.241429798655155;8.91519266273599;30.03915713832204;"NES;CDK4"
gs_ind_0;Regulation of Sodium Ion Export Across Plasma Membrane (GO:1903276);1/10;0.06301536977924864;0.241429798655155;24.297165991902833;67.16651754184515;FXYD5
gs_ind_0;Aspartate Family Amino Acid Biosynthetic Process (GO:0009067);1/8;0.05073498401558569;0.241429798655155;30.780512820512822;91.76100525609444;ASNS
gs_ind_0;Regulation of Substrate Adhesion-Dependent Cell Spreading (GO:1900024);2/52;0.044768279842070345;0.241429798655155;7.675832350074385;23.843095913955633;"OLFM4;MYADM"
gs_ind_0;Glial Cell Migration (GO:0008347);1/6;0.038295311674392554;0.241429798655155;41.97902097902098;136.95352509562392;CCL2
gs_ind_0;Glucosylceramide Metabolic Process (GO:0006678);1/8;0.05073498401558569;0.241429798655155;30.780512820512822;91.76100525609444;B4GALT3
gs_ind_0;Astrocyte Differentiation (GO:0048708);1/6;0.038295311674392554;0.241429798655155;41.97902097902098;136.95352509562392;S100A9
gs_ind_0;Regulation of Respiratory Burst Involved in Inflammatory Response (GO:0060264);1/6;0.038295311674392554;0.241429798655155;41.97902097902098;136.95352509562392;S100A9
gs_ind_0;Autocrine Signaling (GO:0035425);1/8;0.05073498401558569;0.241429798655155;30.780512820512822;91.76100525609444;S100A9
gs_ind_0;Hypotonic Response (GO:0006971);1/9;0.05689496094357355;0.241429798655155;27.157466063348416;77.84819365218726;STK39
gs_ind_0;Inflammatory Response (GO:0006954);5/298;0.044501329946641154;0.241429798655155;2.9500951999198315;9.18139308589182;"ADAM8;PPBP;KRT16;S100A9;CCL2"
gs_ind_0;Supramolecular Fiber Organization (GO:0097435);5/318;0.055889929114952164;0.241429798655155;2.75813866216343;7.955495375217135;"KRT75;KRT18;KRT16;KRT17;ACTN1"
gs_ind_0;Intracellular Amino Acid Homeostasis (GO:0080144);1/10;0.06301536977924864;0.241429798655155;24.297165991902833;67.16651754184515;SLC1A4
gs_ind_0;Intracellular Glutamate Homeostasis (GO:0090461);1/7;0.04453518584387808;0.241429798655155;35.51834319526627;110.51446208033717;SLC1A4
gs_ind_0;Positive Regulation of Coagulation (GO:0050820);1/12;0.07513848782583187;0.241429798655155;20.068896321070234;51.94678005413839;SERPINE1
gs_ind_0;Positive Regulation of Defense Response (GO:0031349);3/143;0.06598793672894725;0.241429798655155;3.8794693596169254;10.545496891414993;"SERPINE1;S100A9;ADAM8"
gs_ind_0;Positive Regulation of Epidermis Development (GO:0045684);1/11;0.06909646208134355;0.241429798655155;21.98168498168498;58.7405961492619;SULT2B1
gs_ind_0;Positive Regulation of Epithelial Cell Proliferation Involved in Wound Healing (GO:0060054);1/9;0.05689496094357355;0.241429798655155;27.157466063348416;77.84819365218726;CLDN1
gs_ind_0;Regulation of Protein Localization to Ciliary Membrane (GO:1903567);1/5;0.03201510514038111;0.241429798655155;51.31111111111111;176.58962369959124;EFCAB7
gs_ind_0;Positive Regulation of Gap Junction Assembly (GO:1903598);1/6;0.038295311674392554;0.241429798655155;41.97902097902098;136.95352509562392;CAV1
gs_ind_0;Positive Regulation of Glutamate Receptor Signaling Pathway (GO:1900451);1/10;0.06301536977924864;0.241429798655155;24.297165991902833;67.16651754184515;CCL2
gs_ind_0;T Cell Extravasation (GO:0072683);1/5;0.03201510514038111;0.241429798655155;51.31111111111111;176.58962369959124;CCL2
gs_ind_0;Positive Regulation of Hemostasis (GO:1900048);1/9;0.05689496094357355;0.241429798655155;27.157466063348416;77.84819365218726;SERPINE1
gs_ind_0;Positive Regulation of Extracellular Matrix Disassembly (GO:0090091);1/12;0.07513848782583187;0.241429798655155;20.068896321070234;51.94678005413839;PLAUR
gs_ind_0;Iodide Transport (GO:0015705);1/6;0.038295311674392554;0.241429798655155;41.97902097902098;136.95352509562392;SLC5A8
gs_ind_0;Iron Coordination Entity Transport (GO:1901678);1/6;0.038295311674392554;0.241429798655155;41.97902097902098;136.95352509562392;LCN2
gs_ind_0;T-helper 17 Cell Lineage Commitment (GO:0072540);1/10;0.06301536977924864;0.241429798655155;24.297165991902833;67.16651754184515;SOCS3
gs_ind_0;T-helper Cell Lineage Commitment (GO:0002295);1/13;0.08114169541578212;0.241429798655155;18.462153846153846;46.36877621702206;SOCS3
gs_ind_0;Keratinocyte Differentiation (GO:0030216);2/44;0.0330167633295863;0.241429798655155;9.125571472112162;31.124950427349912;"SPRR1A;KRT16"
gs_ind_0;L-alanine Transmembrane Transport (GO:1904557);1/5;0.03201510514038111;0.241429798655155;51.31111111111111;176.58962369959124;SLC1A4
gs_ind_0;L-alanine Transport (GO:0015808);1/8;0.05073498401558569;0.241429798655155;30.780512820512822;91.76100525609444;SLC1A4
gs_ind_0;L-aspartate Import Across Plasma Membrane (GO:0140009);1/6;0.038295311674392554;0.241429798655155;41.97902097902098;136.95352509562392;SLC1A4
gs_ind_0;L-aspartate Transmembrane Transport (GO:0070778);1/6;0.038295311674392554;0.241429798655155;41.97902097902098;136.95352509562392;SLC1A4
gs_ind_0;L-cystine Transport (GO:0015811);1/5;0.03201510514038111;0.241429798655155;51.31111111111111;176.58962369959124;SLC1A4
gs_ind_0;Regulation of Potassium Ion Import (GO:1903286);1/6;0.038295311674392554;0.241429798655155;41.97902097902098;136.95352509562392;STK39
gs_ind_0;Regulation of Astrocyte Differentiation (GO:0048710);1/13;0.08114169541578212;0.241429798655155;18.462153846153846;46.36877621702206;CLCF1
gs_ind_0;Regulation of Proteolysis (GO:0030162);2/56;0.051140141240842214;0.241429798655155;7.110567096068831;21.141035322969348;"PLAUR;SERPINE1"
gs_ind_0;Regulation of Regulated Secretory Pathway (GO:1903305);2/36;0.02273317590499811;0.241429798655155;11.247653375384846;42.56033222491938;"PREPL;SYT12"
gs_ind_0;Regulation of Respiratory Burst (GO:0060263);1/10;0.06301536977924864;0.241429798655155;24.297165991902833;67.16651754184515;S100A9
gs_ind_0;Positive Regulation of Protein Localization to Cell Periphery (GO:1904377);2/59;0.056119251739760775;0.241429798655155;6.738229330930389;19.40796263029716;"GNAI1;EFCAB7"
gs_ind_0;Positive Regulation of Protein Localization to Cilium (GO:1903566);1/6;0.038295311674392554;0.241429798655155;41.97902097902098;136.95352509562392;EFCAB7
gs_ind_0;Positive Regulation of Protein Maturation (GO:1903319);1/11;0.06909646208134355;0.241429798655155;21.98168498168498;58.7405961492619;ADAM8
gs_ind_0;Actin Filament Network Formation (GO:0051639);1/12;0.07513848782583187;0.241429798655155;20.068896321070234;51.94678005413839;ACTN1
gs_ind_0;Positive Regulation of Protein Serine/Threonine Kinase Activity (GO:0071902);2/40;0.02768016220380188;0.241429798655155;10.076374402799273;36.144350866319336;"FLT1;HMGA2"
gs_ind_0;Acylglycerol Metabolic Process (GO:0006639);2/42;0.030301210829666234;0.241429798655155;9.577496321883196;33.488363384628606;"CAV1;APOBR"
gs_ind_0;Potassium Ion Transmembrane Transport (GO:0071805);3/148;0.07156727545749159;0.241429798655155;3.7448948381641207;9.875727174777587;"KCNN4;FXYD5;KCNQ5"
gs_ind_0;Proline Transport (GO:0015824);1/9;0.05689496094357355;0.241429798655155;27.157466063348416;77.84819365218726;SLC1A4
gs_ind_0;Adenosine Transport (GO:0032238);1/5;0.03201510514038111;0.241429798655155;51.31111111111111;176.58962369959124;SLC29A2
gs_ind_0;Adenylate Cyclase-Inhibiting Serotonin Receptor Signaling Pathway (GO:0007198);1/10;0.06301536977924864;0.241429798655155;24.297165991902833;67.16651754184515;GNAI1
gs_ind_0;Alanine Transport (GO:0032328);1/13;0.08114169541578212;0.241429798655155;18.462153846153846;46.36877621702206;SLC1A4
gs_ind_0;Sensory Perception (GO:0007600);2/65;0.0665567554752081;0.241429798655155;6.099098363999837;16.52672823681106;"TMC7;CCL2"
gs_ind_0;Serine Transport (GO:0032329);1/7;0.04453518584387808;0.241429798655155;35.51834319526627;110.51446208033717;SLC1A4
gs_ind_0;Sialylation (GO:0097503);1/10;0.06301536977924864;0.241429798655155;24.297165991902833;67.16651754184515;ST3GAL1
gs_ind_0;Signal Release (GO:0023061);1/11;0.06909646208134355;0.241429798655155;21.98168498168498;58.7405961492619;ADAM8
gs_ind_0;Positive Regulation of Epithelial to Mesenchymal Transition (GO:0010718);2/49;0.040200675648878546;0.241429798655155;8.162257976547586;26.23244809312939;"GCNT2;ADAM8"
gs_ind_0;Megakaryocyte Development (GO:0035855);1/11;0.06909646208134355;0.241429798655155;21.98168498168498;58.7405961492619;SH2B3
gs_ind_0;Response to Prostaglandin (GO:0034694);1/7;0.04453518584387808;0.241429798655155;35.51834319526627;110.51446208033717;GNAI1
gs_ind_0;Positive Regulation of Calcium Ion Transport Into Cytosol (GO:0010524);1/10;0.06301536977924864;0.241429798655155;24.297165991902833;67.16651754184515;CAV1
gs_ind_0;Triglyceride Metabolic Process (GO:0006641);2/59;0.056119251739760775;0.241429798655155;6.738229330930389;19.40796263029716;"CAV1;APOBR"
gs_ind_0;Regulation of CD4-positive, Alpha-Beta T Cell Activation (GO:2000514);1/8;0.05073498401558569;0.241429798655155;30.780512820512822;91.76100525609444;TWSG1
gs_ind_0;Regulation of CD4-positive, Alpha-Beta T Cell Proliferation (GO:2000561);1/11;0.06909646208134355;0.241429798655155;21.98168498168498;58.7405961492619;TWSG1
gs_ind_0;Regulation of Calcium Ion Import Across Plasma Membrane (GO:1905664);1/10;0.06301536977924864;0.241429798655155;24.297165991902833;67.16651754184515;KCNN4
gs_ind_0;Positive Regulation of Cholesterol Biosynthetic Process (GO:0045542);1/13;0.08114169541578212;0.241429798655155;18.462153846153846;46.36877621702206;GNAI1
gs_ind_0;Regulation of Protein Localization to Cell Cortex (GO:1904776);1/7;0.04453518584387808;0.241429798655155;35.51834319526627;110.51446208033717;GNAI1
gs_ind_0;Modulation by Symbiont of Entry Into Host (GO:0052372);1/12;0.07513848782583187;0.241429798655155;20.068896321070234;51.94678005413839;CAV1
gs_ind_0;L-glutamate Import Across Plasma Membrane (GO:0098712);1/5;0.03201510514038111;0.241429798655155;51.31111111111111;176.58962369959124;SLC1A4
gs_ind_0;L-leucine Catabolic Process (GO:0006552);1/6;0.038295311674392554;0.241429798655155;41.97902097902098;136.95352509562392;MCCC1
gs_ind_0;L-leucine Metabolic Process (GO:0006551);1/6;0.038295311674392554;0.241429798655155;41.97902097902098;136.95352509562392;MCCC1
gs_ind_0;Positive Regulation of Protein Localization to Cell Cortex (GO:1904778);1/5;0.03201510514038111;0.241429798655155;51.31111111111111;176.58962369959124;GNAI1
gs_ind_0;Positive Regulation of Cellular Extravasation (GO:0002693);1/13;0.08114169541578212;0.241429798655155;18.462153846153846;46.36877621702206;ADAM8
gs_ind_0;Regulation of Apoptotic Cell Clearance (GO:2000425);1/8;0.05073498401558569;0.241429798655155;30.780512820512822;91.76100525609444;CCL2
gs_ind_0;Regulation of Apoptotic Process (GO:0042981);10/722;0.018540948990135593;0.241429798655155;2.3812905144216474;9.496047290325759;"SOCS3;ASNS;PLAUR;KRT18;SERPINB2;SPHK1;IGFBP3;HMGA2;SAV1;ACTN1"
gs_ind_0;Mesodermal Cell Differentiation (GO:0048333);1/9;0.05689496094357355;0.241429798655155;27.157466063348416;77.84819365218726;HMGA2
gs_ind_0;Mesodermal Cell Fate Commitment (GO:0001710);1/6;0.038295311674392554;0.241429798655155;41.97902097902098;136.95352509562392;TRIM15
gs_ind_0;Microvillus Organization (GO:0032528);1/5;0.03201510514038111;0.241429798655155;51.31111111111111;176.58962369959124;FXYD5
gs_ind_0;Regulation of Neutrophil Extravasation (GO:2000389);1/5;0.03201510514038111;0.241429798655155;51.31111111111111;176.58962369959124;ADAM8
gs_ind_0;Leukocyte Aggregation (GO:0070486);1/8;0.05073498401558569;0.241429798655155;30.780512820512822;91.76100525609444;S100A9
gs_ind_0;Macromolecule Biosynthetic Process (GO:0009059);4/243;0.07335639680524422;0.241429798655155;2.9373695198329854;7.673659238782748;"ST3GAL1;GCNT2;EEF1G;HAS3"
gs_ind_0;Macropinocytosis (GO:0044351);1/8;0.05073498401558569;0.241429798655155;30.780512820512822;91.76100525609444;KCNN4
gs_ind_0;SnRNA Transcription by RNA Polymerase III (GO:0042796);1/10;0.06301536977924864;0.241429798655155;24.297165991902833;67.16651754184515;SNAPC1
gs_ind_0;Spermidine Metabolic Process (GO:0008216);1/9;0.05689496094357355;0.241429798655155;27.157466063348416;77.84819365218726;SAT1
gs_ind_0;Sphingoid Metabolic Process (GO:0046519);1/11;0.06909646208134355;0.241429798655155;21.98168498168498;58.7405961492619;SPHK1
gs_ind_0;Cellular Response to Cytokine Stimulus (GO:0071345);5/332;0.06478005382799923;0.241429798655155;2.6377189043556353;7.218797084870947;"STK39;SH2B3;CLCF1;SOCS3;CCL2"
gs_ind_0;Cellular Response to Forskolin (GO:1904322);1/11;0.06909646208134355;0.241429798655155;21.98168498168498;58.7405961492619;GNAI1
gs_ind_0;Cellular Response to Glucose Starvation (GO:0042149);2/48;0.038720122593061915;0.241429798655155;8.338347540252938;27.111268591868672;"ASNS;HNRNPA1"
gs_ind_0;Cellular Response to Growth Factor Stimulus (GO:0071363);3/151;0.07501393384044545;0.241429798655155;3.668500008814145;9.501713631987984;"SPHK1;FLT1;CCL2"
gs_ind_0;Cellular Response to Increased Oxygen Levels (GO:0036295);1/11;0.06909646208134355;0.241429798655155;21.98168498168498;58.7405961492619;CAV1
gs_ind_0;Response to Sodium Arsenite (GO:1903935);1/5;0.03201510514038111;0.241429798655155;51.31111111111111;176.58962369959124;HNRNPA1
gs_ind_0;Positive Regulation of Cell Cycle (GO:0045787);2/60;0.05781544998589099;0.241429798655155;6.622603073380276;18.87772501575911;"SPHK1;ASNS"
gs_ind_0;Positive Regulation of Cell Differentiation (GO:0045597);5/302;0.046655863148817284;0.241429798655155;2.909639149777558;8.917917936268225;"BLOC1S5;GCNT2;NGF;IGFBP3;ADAM8"
gs_ind_0;Positive Regulation of Cell-Cell Adhesion (GO:0022409);2/51;0.0432250838145275;0.241429798655155;7.831423038676925;24.601117874877907;"GCNT2;PLAUR"
gs_ind_0;Positive Regulation of Cell-Substrate Adhesion (GO:0010811);2/72;0.07947145802623751;0.241429798655155;5.490941829272774;13.905026846641823;"OLFM4;MYADM"
gs_ind_0;Regulation of Natural Killer Cell Chemotaxis (GO:2000501);1/7;0.04453518584387808;0.241429798655155;35.51834319526627;110.51446208033717;CCL2
gs_ind_0;Negative Regulation of Alpha-Beta T Cell Activation (GO:0046636);1/12;0.07513848782583187;0.241429798655155;20.068896321070234;51.94678005413839;TWSG1
gs_ind_0;Regulation of Odontoblast Differentiation (GO:1901329);1/10;0.06301536977924864;0.241429798655155;24.297165991902833;67.16651754184515;SERPINE1
gs_ind_0;Regulation of Pattern Recognition Receptor Signaling Pathway (GO:0062207);1/13;0.08114169541578212;0.241429798655155;18.462153846153846;46.36877621702206;S100A9
gs_ind_0;Regulation of Phosphatidylinositol 3-Kinase/Protein Kinase B Signal Transduction (GO:0051896);4/229;0.06176134693338226;0.241429798655155;3.122690317812269;8.695061130357884;"GCNT2;FLT1;SH2B3;ADAM8"
gs_ind_0;Regulation of Pinocytosis (GO:0048548);1/9;0.05689496094357355;0.241429798655155;27.157466063348416;77.84819365218726;CAV1
gs_ind_0;Monocarboxylic Acid Metabolic Process (GO:0032787);3/137;0.05957201180718208;0.241429798655155;4.054166098989859;11.435056905215095;"MCCC1;SLC5A8;ACOT11"
gs_ind_0;Morphogenesis of an Epithelium (GO:0002009);2/56;0.051140141240842214;0.241429798655155;7.110567096068831;21.141035322969348;"KRT16;KRT17"
gs_ind_0;N-acetylneuraminate Metabolic Process (GO:0006054);1/11;0.06909646208134355;0.241429798655155;21.98168498168498;58.7405961492619;ST3GAL1
gs_ind_0;Neg Reg Single Stranded Viral RNA Replication via Double Stranded DNA Intermediate (GO:0045869);1/10;0.06301536977924864;0.241429798655155;24.297165991902833;67.16651754184515;HMGA2
gs_ind_0;SnRNA Transcription by RNA Polymerase II (GO:0042795);1/12;0.07513848782583187;0.241429798655155;20.068896321070234;51.94678005413839;SNAPC1
gs_ind_0;Negative Regulation of Cell Migration (GO:0030336);4/187;0.03340301595252616;0.241429798655155;3.8483197093551316;13.08085848642408;"SERPINE1;TIMP1;KRT16;IGFBP3"
gs_ind_0;Negative Regulation of Cell-Cell Adhesion (GO:0022408);2/39;0.02640597625903592;0.241429798655155;10.345768566493955;37.598229205138225;"FXYD5;MYADM"
gs_ind_0;Negative Regulation of Cellular Process (GO:0048523);7/551;0.06682531872464813;0.241429798655155;2.178039711571753;5.893063779432155;"STK39;SH2B3;NGF;SULT2B1;HMGA2;SAV1;IGFBP3"
gs_ind_0;Negative Regulation of Ceramide Biosynthetic Process (GO:1900060);1/5;0.03201510514038111;0.241429798655155;51.31111111111111;176.58962369959124;SPHK1
gs_ind_0;Regulation of Cell Communication by Electrical Coupling Involved in Cardiac Conduction (GO:1901844);1/12;0.07513848782583187;0.241429798655155;20.068896321070234;51.94678005413839;CAV1
gs_ind_0;Regulation of Cell-Cell Adhesion Involved in Gastrulation (GO:0070587);1/9;0.05689496094357355;0.241429798655155;27.157466063348416;77.84819365218726;MYADM
gs_ind_0;Regulation of Cell-Substrate Adhesion (GO:0010810);2/46;0.035823991357420745;0.241429798655155;8.714269080747512;29.010999636520392;"GCNT2;MYADM"
gs_ind_0;Regulation of Cellular Extravasation (GO:0002691);1/8;0.05073498401558569;0.241429798655155;30.780512820512822;91.76100525609444;ADAM8
gs_ind_0;Positive Regulation of Apoptotic Cell Clearance (GO:2000427);1/8;0.05073498401558569;0.241429798655155;30.780512820512822;91.76100525609444;CCL2
gs_ind_0;Positive Regulation of Apoptotic Signaling Pathway (GO:2001235);2/72;0.07947145802623751;0.241429798655155;5.490941829272774;13.905026846641823;"CAV1;S100A9"
gs_ind_0;Positive Regulation of Astrocyte Differentiation (GO:0048711);1/8;0.05073498401558569;0.241429798655155;30.780512820512822;91.76100525609444;CLCF1
gs_ind_0;Positive Regulation of Bone Resorption (GO:0045780);1/12;0.07513848782583187;0.241429798655155;20.068896321070234;51.94678005413839;ADAM8
gs_ind_0;Polysaccharide Biosynthetic Process (GO:0000271);1/7;0.04453518584387808;0.241429798655155;35.51834319526627;110.51446208033717;HAS3
gs_ind_0;Polysaccharide Metabolic Process (GO:0005976);1/8;0.05073498401558569;0.241429798655155;30.780512820512822;91.76100525609444;HAS3
gs_ind_0;Negative Regulation of Chemokine-Mediated Signaling Pathway (GO:0070100);1/7;0.04453518584387808;0.241429798655155;35.51834319526627;110.51446208033717;SH2B3
gs_ind_0;Negative Regulation of DNA Binding (GO:0043392);1/12;0.07513848782583187;0.241429798655155;20.068896321070234;51.94678005413839;HMGA2
gs_ind_0;Negative Regulation of Double-Strand Break Repair via Nonhomologous End Joining (GO:2001033);1/8;0.05073498401558569;0.241429798655155;30.780512820512822;91.76100525609444;HMGA2
gs_ind_0;Negative Regulation of Endopeptidase Activity (GO:0010951);1/8;0.05073498401558569;0.241429798655155;30.780512820512822;91.76100525609444;TIMP1
gs_ind_0;Negative Regulation of Alpha-Beta T Cell Proliferation (GO:0046642);1/11;0.06909646208134355;0.241429798655155;21.98168498168498;58.7405961492619;TWSG1
gs_ind_0;Negative Regulation of Blood Coagulation (GO:0030195);2/32;0.018199588845221878;0.241429798655155;12.726153062091226;50.9855031906186;"SERPINE1;SERPINB2"
gs_ind_0;Negative Regulation of CD4-positive, Alpha-Beta T Cell Activation (GO:2000515);1/12;0.07513848782583187;0.241429798655155;20.068896321070234;51.94678005413839;TWSG1
gs_ind_0;Negative Regulation of CD4-positive, Alpha-Beta T Cell Proliferation (GO:2000562);1/8;0.05073498401558569;0.241429798655155;30.780512820512822;91.76100525609444;TWSG1
gs_ind_0;Negative Regulation of Catalytic Activity (GO:0043086);2/39;0.02640597625903592;0.241429798655155;10.345768566493955;37.598229205138225;"TIMP1;NES"
gs_ind_0;Negative Regulation of Cell Adhesion (GO:0007162);2/71;0.07758119939147479;0.241429798655155;5.570320945316285;14.24013644893998;"GCNT2;SERPINE1"
gs_ind_0;Positive Regulation of Small GTPase Mediated Signal Transduction (GO:0051057);2/72;0.07947145802623751;0.241429798655155;5.490941829272774;13.905026846641823;"TNS3;NGF"
gs_ind_0;Cell Cycle G2/M Phase Transition (GO:0044839);2/49;0.040200675648878546;0.241429798655155;8.162257976547586;26.23244809312939;"NES;CDK4"
gs_ind_0;Negative Regulation of Response to Stimulus (GO:0048585);2/62;0.061260788737090024;0.241429798655155;6.402817625144521;17.880606478597333;"IGFBP3;SH2B3"
gs_ind_0;Cellular Component Maintenance (GO:0043954);1/13;0.08114169541578212;0.241429798655155;18.462153846153846;46.36877621702206;CLDN1
gs_ind_0;Cellular Hyperosmotic Response (GO:0071474);1/12;0.07513848782583187;0.241429798655155;20.068896321070234;51.94678005413839;STK39
gs_ind_0;Cellular Hypotonic Response (GO:0071476);1/8;0.05073498401558569;0.241429798655155;30.780512820512822;91.76100525609444;STK39
gs_ind_0;Skin Development (GO:0043588);2/72;0.07947145802623751;0.241429798655155;5.490941829272774;13.905026846641823;"SPRR1A;KRT16"
gs_ind_0;Plasma Membrane Phospholipid Scrambling (GO:0017121);1/11;0.06909646208134355;0.241429798655155;21.98168498168498;58.7405961492619;SERINC2
gs_ind_0;Plasma Membrane Raft Assembly (GO:0044854);1/6;0.038295311674392554;0.241429798655155;41.97902097902098;136.95352509562392;CAV1
gs_ind_0;Plasminogen Activation (GO:0031639);1/11;0.06909646208134355;0.241429798655155;21.98168498168498;58.7405961492619;PLAUR
gs_ind_0;Polyamine Biosynthetic Process (GO:0006596);1/8;0.05073498401558569;0.241429798655155;30.780512820512822;91.76100525609444;SAT1
gs_ind_0;Regulation of Ceramide Biosynthetic Process (GO:2000303);1/13;0.08114169541578212;0.241429798655155;18.462153846153846;46.36877621702206;SPHK1
gs_ind_0;Regulation of Chemokine-Mediated Signaling Pathway (GO:0070099);1/9;0.05689496094357355;0.241429798655155;27.157466063348416;77.84819365218726;SH2B3
gs_ind_0;Regulation of Intracellular mRNA Localization (GO:1904580);1/8;0.05073498401558569;0.241429798655155;30.780512820512822;91.76100525609444;PPP1R21
gs_ind_0;Regulation of Ketone Metabolic Process (GO:0010565);1/13;0.08114169541578212;0.241429798655155;18.462153846153846;46.36877621702206;CAV1
gs_ind_0;Negative Regulation of Fibrinolysis (GO:0051918);1/12;0.07513848782583187;0.241429798655155;20.068896321070234;51.94678005413839;SERPINE1
gs_ind_0;Negative Regulation of G Protein-Coupled Receptor Signaling Pathway (GO:0045744);2/55;0.049517950455939146;0.241429798655155;7.243959130308459;21.77113993678187;"SERPINE1;SH2B3"
gs_ind_0;Negative Regulation of Glial Cell Apoptotic Process (GO:0034351);1/8;0.05073498401558569;0.241429798655155;30.780512820512822;91.76100525609444;CCL2
gs_ind_0;Negative Regulation of Hemostasis (GO:1900047);1/13;0.08114169541578212;0.241429798655155;18.462153846153846;46.36877621702206;SERPINE1
gs_ind_0;Negative Regulation of Heterochromatin Formation (GO:0031452);1/10;0.06301536977924864;0.241429798655155;24.297165991902833;67.16651754184515;PADI4
gs_ind_0;Nucleobase Transport (GO:0015851);1/6;0.038295311674392554;0.241429798655155;41.97902097902098;136.95352509562392;SLC29A2
gs_ind_0;Nucleobase-containing Compound Transport (GO:0015931);1/5;0.03201510514038111;0.241429798655155;51.31111111111111;176.58962369959124;SLC29A2
gs_ind_0;Nucleoside Transport (GO:0015858);1/6;0.038295311674392554;0.241429798655155;41.97902097902098;136.95352509562392;SLC29A2
gs_ind_0;Positive Regulation of RIG-I Signaling Pathway (GO:1900246);1/12;0.07513848782583187;0.241429798655155;20.068896321070234;51.94678005413839;TRIM15
gs_ind_0;Regulation of Glutamate Receptor Signaling Pathway (GO:1900449);1/13;0.08114169541578212;0.241429798655155;18.462153846153846;46.36877621702206;CCL2
gs_ind_0;Regulation of Heterochromatin Formation (GO:0031445);1/7;0.04453518584387808;0.241429798655155;35.51834319526627;110.51446208033717;PADI4
gs_ind_0;Negative Regulation of Platelet Aggregation (GO:0090331);1/10;0.06301536977924864;0.241429798655155;24.297165991902833;67.16651754184515;SH2B3
gs_ind_0;Peptidyl-lysine Trimethylation (GO:0018023);1/8;0.05073498401558569;0.241429798655155;30.780512820512822;91.76100525609444;VCPKMT
gs_ind_0;Pinocytosis (GO:0006907);1/11;0.06909646208134355;0.241429798655155;21.98168498168498;58.7405961492619;KCNN4
gs_ind_0;Negative Regulation of Heterotypic Cell-Cell Adhesion (GO:0034115);1/9;0.05689496094357355;0.241429798655155;27.157466063348416;77.84819365218726;MYADM
gs_ind_0;Negative Regulation of Homotypic Cell-Cell Adhesion (GO:0034111);1/11;0.06909646208134355;0.241429798655155;21.98168498168498;58.7405961492619;SH2B3
gs_ind_0;Negative Regulation of Intracellular Signal Transduction (GO:1902532);5/354;0.08026864010902823;0.241429798655155;2.4679794664646977;6.225172837212407;"PDE1A;TRIM15;SH2B3;CAV1;PLAUR"
gs_ind_0;Negative Regulation of Membrane Protein Ectodomain Proteolysis (GO:0051045);1/7;0.04453518584387808;0.241429798655155;35.51834319526627;110.51446208033717;TIMP1
gs_ind_0;Negative Regulation of Nitric Oxide Biosynthetic Process (GO:0045019);1/9;0.05689496094357355;0.241429798655155;27.157466063348416;77.84819365218726;CAV1
gs_ind_0;Negative Regulation of Peptidase Activity (GO:0010466);1/11;0.06909646208134355;0.241429798655155;21.98168498168498;58.7405961492619;TIMP1
gs_ind_0;Negative Regulation of Pinocytosis (GO:0048550);1/5;0.03201510514038111;0.241429798655155;51.31111111111111;176.58962369959124;CAV1
gs_ind_0;Negative Regulation of Plasminogen Activation (GO:0010757);1/7;0.04453518584387808;0.241429798655155;35.51834319526627;110.51446208033717;SERPINE1
gs_ind_0;Cell-cell Junction Organization (GO:0045216);2/73;0.08137610297779219;0.2414675099259283;5.413783108083626;13.58141489085815;"CLDN1;MYADM"
gs_ind_0;Plasma Membrane Organization (GO:0007009);2/74;0.08329487271258158;0.24648944669565584;5.338752903341075;13.268767140868109;"SERINC2;DMKN"
gs_ind_0;Regulation of ERBB Signaling Pathway (GO:1901184);1/14;0.08710633169115158;0.2483214534336756;17.093447293447294;41.71870682176708;RHBDF2
gs_ind_0;Purine Ribonucleoside Bisphosphate Metabolic Process (GO:0034035);1/14;0.08710633169115158;0.2483214534336756;17.093447293447294;41.71870682176708;SULT2B1
gs_ind_0;Interleukin-6-mediated Signaling Pathway (GO:0070102);1/14;0.08710633169115158;0.2483214534336756;17.093447293447294;41.71870682176708;SOCS3
gs_ind_0;Positive Regulation of Calcium Ion Import (GO:0090280);1/14;0.08710633169115158;0.2483214534336756;17.093447293447294;41.71870682176708;CCL2
gs_ind_0;Macromolecule Modification (GO:0043412);2/75;0.08522750842157738;0.2483214534336756;5.265764336822812;12.966581491550189;"ST3GAL1;PADI4"
gs_ind_0;Cellular Response to Arsenic-Containing Substance (GO:0071243);1/14;0.08710633169115158;0.2483214534336756;17.093447293447294;41.71870682176708;HNRNPA1
gs_ind_0;Positive Regulation of Protein Ubiquitination (GO:0031398);2/75;0.08522750842157738;0.2483214534336756;5.265764336822812;12.966581491550189;"SPHK1;CAV1"
gs_ind_0;Catecholamine Metabolic Process (GO:0006584);1/14;0.08710633169115158;0.2483214534336756;17.093447293447294;41.71870682176708;COMT
gs_ind_0;Cellular Response to Angiotensin (GO:1904385);1/14;0.08710633169115158;0.2483214534336756;17.093447293447294;41.71870682176708;CAV1
gs_ind_0;Negative Regulation of Cell Adhesion Mediated by Integrin (GO:0033629);1/14;0.08710633169115158;0.2483214534336756;17.093447293447294;41.71870682176708;SERPINE1
gs_ind_0;Polyamine Metabolic Process (GO:0006595);1/14;0.08710633169115158;0.2483214534336756;17.093447293447294;41.71870682176708;SAT1
gs_ind_0;Response to Progesterone (GO:0032570);1/14;0.08710633169115158;0.2483214534336756;17.093447293447294;41.71870682176708;CAV1
gs_ind_0;Response to UV-A (GO:0070141);1/14;0.08710633169115158;0.2483214534336756;17.093447293447294;41.71870682176708;TIMP1
gs_ind_0;Regulation of Cell Communication by Electrical Coupling (GO:0010649);1/14;0.08710633169115158;0.2483214534336756;17.093447293447294;41.71870682176708;CAV1
gs_ind_0;Embryonic Hemopoiesis (GO:0035162);1/15;0.09303264193851957;0.24908300693252552;15.913527851458886;37.791523262687285;SH2B3
gs_ind_0;Positive Regulation of Growth (GO:0045927);2/79;0.09309162885357015;0.24908300693252552;4.992645829851245;11.85339501432539;"SPHK1;S100A9"
gs_ind_0;Sphingosine Biosynthetic Process (GO:0046512);1/15;0.09303264193851957;0.24908300693252552;15.913527851458886;37.791523262687285;SPHK1
gs_ind_0;Positive Regulation of Smooth Muscle Contraction (GO:0045987);1/15;0.09303264193851957;0.24908300693252552;15.913527851458886;37.791523262687285;SPHK1
gs_ind_0;Protein Alkylation (GO:0008213);1/15;0.09303264193851957;0.24908300693252552;15.913527851458886;37.791523262687285;VCPKMT
gs_ind_0;Positive Regulation of Fatty Acid Biosynthetic Process (GO:0045723);1/15;0.09303264193851957;0.24908300693252552;15.913527851458886;37.791523262687285;SLC45A3
gs_ind_0;Sulfation (GO:0051923);1/15;0.09303264193851957;0.24908300693252552;15.913527851458886;37.791523262687285;SULT2B1
gs_ind_0;Suppression of Viral Release by Host (GO:0044790);1/15;0.09303264193851957;0.24908300693252552;15.913527851458886;37.791523262687285;TRIM15
gs_ind_0;Regulation of Non-Canonical NF-kappaB Signal Transduction (GO:1901222);2/77;0.08913335600648759;0.24908300693252552;5.125587619668531;12.391731591152801;"SPHK1;TRIM15"
gs_ind_0;Mast Cell Activation Involved in Immune Response (GO:0002279);1/15;0.09303264193851957;0.24908300693252552;15.913527851458886;37.791523262687285;GNAI1
gs_ind_0;Peptidyl-lysine Methylation (GO:0018022);1/15;0.09303264193851957;0.24908300693252552;15.913527851458886;37.791523262687285;VCPKMT
gs_ind_0;Mast Cell Degranulation (GO:0043303);1/15;0.09303264193851957;0.24908300693252552;15.913527851458886;37.791523262687285;GNAI1
gs_ind_0;Epithelium Development (GO:0060429);3/163;0.08951500443143988;0.24908300693252552;3.391479506124513;8.184823744062912;"IFT122;KRT16;KRT17"
gs_ind_0;Positive Regulation of Membrane Protein Ectodomain Proteolysis (GO:0051044);1/15;0.09303264193851957;0.24908300693252552;15.913527851458886;37.791523262687285;ADAM8
gs_ind_0;Response to Prostaglandin E (GO:0034695);1/15;0.09303264193851957;0.24908300693252552;15.913527851458886;37.791523262687285;GNAI1
gs_ind_0;Regulation of Vesicle Fusion (GO:0031338);1/15;0.09303264193851957;0.24908300693252552;15.913527851458886;37.791523262687285;SPHK1
gs_ind_0;Positive Regulation of Secretion by Cell (GO:1903532);2/78;0.0911060636742982;0.24908300693252552;5.058247824172847;12.11820069463434;"CADPS;ADAM8"
gs_ind_0;Positive Regulation of Vasoconstriction (GO:0045907);1/15;0.09303264193851957;0.24908300693252552;15.913527851458886;37.791523262687285;CAV1
gs_ind_0;Sphingoid Biosynthetic Process (GO:0046520);1/15;0.09303264193851957;0.24908300693252552;15.913527851458886;37.791523262687285;SPHK1
gs_ind_0;Positive Regulation of Acute Inflammatory Response (GO:0002675);1/15;0.09303264193851957;0.24908300693252552;15.913527851458886;37.791523262687285;ADAM8
gs_ind_0;Positive Regulation of Isotype Switching (GO:0045830);1/15;0.09303264193851957;0.24908300693252552;15.913527851458886;37.791523262687285;CLCF1
gs_ind_0;SnRNA Transcription (GO:0009301);1/15;0.09303264193851957;0.24908300693252552;15.913527851458886;37.791523262687285;SNAPC1
gs_ind_0;Regulation of Trophoblast Cell Migration (GO:1901163);1/15;0.09303264193851957;0.24908300693252552;15.913527851458886;37.791523262687285;TIMP1
gs_ind_0;Regulation of Homotypic Cell-Cell Adhesion (GO:0034110);1/15;0.09303264193851957;0.24908300693252552;15.913527851458886;37.791523262687285;PLAUR
gs_ind_0;G Protein-Coupled Serotonin Receptor Signaling Pathway (GO:0098664);1/15;0.09303264193851957;0.24908300693252552;15.913527851458886;37.791523262687285;GNAI1
gs_ind_0;Sphingolipid Metabolic Process (GO:0006665);2/82;0.09912302697512407;0.2529842566068062;4.805619026164194;11.107676598033109;"SPHK1;B4GALNT1"
gs_ind_0;Translational Elongation (GO:0006414);1/17;0.10477125778665711;0.2529842566068062;13.982750582750583;31.544746966681515;EEF1G
gs_ind_0;Positive Regulation of T Cell Receptor Signaling Pathway (GO:0050862);1/16;0.09892086990076036;0.2529842566068062;14.885856079404466;34.43746108999367;KCNN4
gs_ind_0;Carbohydrate Derivative Biosynthetic Process (GO:1901137);2/83;0.10115759254939988;0.2529842566068062;4.7463365014781145;10.874216013282203;"ST3GAL1;GCNT2"
gs_ind_0;Protein Localization to Non-Motile Cilium (GO:0097499);1/16;0.09892086990076036;0.2529842566068062;14.885856079404466;34.43746108999367;IFT122
gs_ind_0;Protein Methylation (GO:0006479);1/16;0.09892086990076036;0.2529842566068062;14.885856079404466;34.43746108999367;VCPKMT
gs_ind_0;Embryonic Heart Tube Development (GO:0035050);1/17;0.10477125778665711;0.2529842566068062;13.982750582750583;31.544746966681515;IFT122
gs_ind_0;Positive Regulation of Potassium Ion Transport (GO:0043268);1/17;0.10477125778665711;0.2529842566068062;13.982750582750583;31.544746966681515;KCNN4
gs_ind_0;Cellular Response to Misfolded Protein (GO:0071218);1/16;0.09892086990076036;0.2529842566068062;14.885856079404466;34.43746108999367;CAV1
gs_ind_0;3'-Phosphoadenosine 5'-Phosphosulfate Metabolic Process (GO:0050427);1/16;0.09892086990076036;0.2529842566068062;14.885856079404466;34.43746108999367;SULT2B1
gs_ind_0;Positive Regulation of Lymphocyte Chemotaxis (GO:0140131);1/17;0.10477125778665711;0.2529842566068062;13.982750582750583;31.544746966681515;STK39
gs_ind_0;Host-mediated Suppression of Viral Proces (GO:0044793);1/16;0.09892086990076036;0.2529842566068062;14.885856079404466;34.43746108999367;HMGA2
gs_ind_0;Neurotrophin Signaling Pathway (GO:0038179);1/17;0.10477125778665711;0.2529842566068062;13.982750582750583;31.544746966681515;NGF
gs_ind_0;Positive Regulation of Cation Transmembrane Transport (GO:1904064);1/17;0.10477125778665711;0.2529842566068062;13.982750582750583;31.544746966681515;KCNN4
gs_ind_0;Negative Regulation of Transmembrane Transport (GO:0034763);1/17;0.10477125778665711;0.2529842566068062;13.982750582750583;31.544746966681515;STK39
gs_ind_0;Response to Tumor Necrosis Factor (GO:0034612);2/80;0.09508980600561112;0.2529842566068062;4.928715223920003;11.596939199515061;"SPHK1;CCL2"
gs_ind_0;L-glutamate Transmembrane Transport (GO:0015813);1/16;0.09892086990076036;0.2529842566068062;14.885856079404466;34.43746108999367;SLC1A4
gs_ind_0;Positive Regulation of Protein Modification by Small Protein Conjugation or Removal (GO:1903322);2/81;0.09710035217663321;0.2529842566068062;4.866392935119106;11.348478335370286;"SPHK1;CAV1"
gs_ind_0;Regulation of Response to Cytokine Stimulus (GO:0060759);1/17;0.10477125778665711;0.2529842566068062;13.982750582750583;31.544746966681515;SH2B3
gs_ind_0;Negative Regulation of Platelet Activation (GO:0010544);1/17;0.10477125778665711;0.2529842566068062;13.982750582750583;31.544746966681515;SH2B3
gs_ind_0;Mast Cell Mediated Immunity (GO:0002448);1/16;0.09892086990076036;0.2529842566068062;14.885856079404466;34.43746108999367;GNAI1
gs_ind_0;Keratan Sulfate Proteoglycan Metabolic Process (GO:0042339);1/17;0.10477125778665711;0.2529842566068062;13.982750582750583;31.544746966681515;ST3GAL1
gs_ind_0;Pigment Granule Transport (GO:0051904);1/17;0.10477125778665711;0.2529842566068062;13.982750582750583;31.544746966681515;BLOC1S5
gs_ind_0;Anterograde Synaptic Vesicle Transport (GO:0048490);1/17;0.10477125778665711;0.2529842566068062;13.982750582750583;31.544746966681515;BLOC1S5
gs_ind_0;Glycoprotein Metabolic Process (GO:0009100);2/82;0.09912302697512407;0.2529842566068062;4.805619026164194;11.107676598033109;"ST3GAL1;GCNT2"
gs_ind_0;Cell-cell Junction Maintenance (GO:0045217);1/17;0.10477125778665711;0.2529842566068062;13.982750582750583;31.544746966681515;MYADM
gs_ind_0;Membrane Raft Organization (GO:0031579);1/17;0.10477125778665711;0.2529842566068062;13.982750582750583;31.544746966681515;MYADM
gs_ind_0;Monosaccharide Transmembrane Transport (GO:0015749);1/16;0.09892086990076036;0.2529842566068062;14.885856079404466;34.43746108999367;SLC45A3
gs_ind_0;L-glutamate Import (GO:0051938);1/17;0.10477125778665711;0.2529842566068062;13.982750582750583;31.544746966681515;SLC1A4
gs_ind_0;Astrocyte Development (GO:0014002);1/17;0.10477125778665711;0.2529842566068062;13.982750582750583;31.544746966681515;S100A9
gs_ind_0;Negative Regulation of Anoikis (GO:2000811);1/17;0.10477125778665711;0.2529842566068062;13.982750582750583;31.544746966681515;CAV1
gs_ind_0;Regulation of Microglial Cell Activation (GO:1903978);1/16;0.09892086990076036;0.2529842566068062;14.885856079404466;34.43746108999367;SPHK1
gs_ind_0;Regulation of Monoatomic Ion Transmembrane Transport (GO:0034765);1/17;0.10477125778665711;0.2529842566068062;13.982750582750583;31.544746966681515;STK39
gs_ind_0;Synaptic Vesicle Transport Along Microtubule (GO:0099517);1/17;0.10477125778665711;0.2529842566068062;13.982750582750583;31.544746966681515;BLOC1S5
gs_ind_0;Branched-chain Amino Acid Metabolic Process (GO:0009081);1/17;0.10477125778665711;0.2529842566068062;13.982750582750583;31.544746966681515;MCCC1
gs_ind_0;Regulation of Stem Cell Proliferation (GO:0072091);1/17;0.10477125778665711;0.2529842566068062;13.982750582750583;31.544746966681515;HMGA2
gs_ind_0;Negative Regulation of Protein Processing (GO:0010955);1/17;0.10477125778665711;0.2529842566068062;13.982750582750583;31.544746966681515;SERPINE1
gs_ind_0;Pos Reg Phosphatidylinositol 3-Kinase/Protein Kinase B Signal Transduction (GO:0051897);3/173;0.10242651987079315;0.2529842566068062;3.190416238043328;7.269713121580793;"GCNT2;FLT1;ADAM8"
gs_ind_0;Hyaluronan Metabolic Process (GO:0030212);1/17;0.10477125778665711;0.2529842566068062;13.982750582750583;31.544746966681515;HAS3
gs_ind_0;Negative Regulation of Response to Cytokine Stimulus (GO:0060761);1/17;0.10477125778665711;0.2529842566068062;13.982750582750583;31.544746966681515;SH2B3
gs_ind_0;Negative Regulation of Coagulation (GO:0050819);1/16;0.09892086990076036;0.2529842566068062;14.885856079404466;34.43746108999367;SERPINE1
gs_ind_0;Melanosome Transport (GO:0032402);1/17;0.10477125778665711;0.2529842566068062;13.982750582750583;31.544746966681515;BLOC1S5
gs_ind_0;Keratan Sulfate Proteoglycan Biosynthetic Process (GO:0018146);1/16;0.09892086990076036;0.2529842566068062;14.885856079404466;34.43746108999367;ST3GAL1
gs_ind_0;Regulation of Immune Effector Process (GO:0002697);1/16;0.09892086990076036;0.2529842566068062;14.885856079404466;34.43746108999367;S100A9
gs_ind_0;Positive Regulation of Response to External Stimulus (GO:0032103);3/176;0.10643816899291754;0.2564406328170071;3.1346168354029302;7.022140533665968;"SERPINE1;S100A9;ADAM8"
gs_ind_0;Regulation of Epithelial to Mesenchymal Transition (GO:0010717);2/86;0.10733029304109849;0.25745085709637944;4.576907747493638;10.214945688527134;"GCNT2;ADAM8"
gs_ind_0;Vascular Transport (GO:0010232);2/86;0.10733029304109849;0.25745085709637944;4.576907747493638;10.214945688527134;"SLC29A2;SLC1A4"
gs_ind_0;Negative Regulation of Cellular Senescence (GO:2000773);1/18;0.11058404628045612;0.2584249493549715;13.182857142857143;29.028380485403886;HMGA2
gs_ind_0;Positive Regulation of Rac Protein Signal Transduction (GO:0035022);1/18;0.11058404628045612;0.2584249493549715;13.182857142857143;29.028380485403886;TNS3
gs_ind_0;Negative Regulation of Cell Population Proliferation (GO:0008285);5/391;0.11037899064097159;0.2584249493549715;2.2260862948025264;4.905927925557873;"SH2B3;NGF;IGFBP3;SULT2B1;SAV1"
gs_ind_0;Establishment of Melanosome Localization (GO:0032401);1/18;0.11058404628045612;0.2584249493549715;13.182857142857143;29.028380485403886;BLOC1S5
gs_ind_0;Negative Regulation of Epithelial Cell Differentiation (GO:0030857);1/18;0.11058404628045612;0.2584249493549715;13.182857142857143;29.028380485403886;CAV1
gs_ind_0;Negative Regulation of Activin Receptor Signaling Pathway (GO:0032926);1/18;0.11058404628045612;0.2584249493549715;13.182857142857143;29.028380485403886;FST
gs_ind_0;Positive Regulation of ERAD Pathway (GO:1904294);1/18;0.11058404628045612;0.2584249493549715;13.182857142857143;29.028380485403886;CAV1
gs_ind_0;Positive Regulation of Glial Cell Differentiation (GO:0045687);1/18;0.11058404628045612;0.2584249493549715;13.182857142857143;29.028380485403886;CLCF1
gs_ind_0;Positive Regulation of Homotypic Cell-Cell Adhesion (GO:0034112);1/18;0.11058404628045612;0.2584249493549715;13.182857142857143;29.028380485403886;PLAUR
gs_ind_0;Negative Regulation of Actin Filament Polymerization (GO:0030837);1/18;0.11058404628045612;0.2584249493549715;13.182857142857143;29.028380485403886;MYADM
gs_ind_0;Positive Regulation of Stem Cell Proliferation (GO:2000648);1/18;0.11058404628045612;0.2584249493549715;13.182857142857143;29.028380485403886;HMGA2
gs_ind_0;Peptide Cross-Linking (GO:0018149);1/18;0.11058404628045612;0.2584249493549715;13.182857142857143;29.028380485403886;SPRR1A
gs_ind_0;Transport Across Blood-Brain Barrier (GO:0150104);2/88;0.11150063224547789;0.2600089689835662;4.47048429123364;9.807013231070599;"SLC29A2;SLC1A4"
gs_ind_0;Regulation of Inflammatory Response (GO:0050727);4/283;0.11202066745894666;0.260663476202549;2.5101797427378822;5.49496392328219;"SPHK1;SERPINE1;CXCL17;S100A9"
gs_ind_0;Muscle Cell Development (GO:0055001);1/19;0.11635947455136224;0.26454168640174003;12.46943866943867;26.82264742280602;ACTN1
gs_ind_0;Glycolipid Metabolic Process (GO:0006664);1/19;0.11635947455136224;0.26454168640174003;12.46943866943867;26.82264742280602;B4GALNT1
gs_ind_0;Modified Amino Acid Transport (GO:0072337);1/19;0.11635947455136224;0.26454168640174003;12.46943866943867;26.82264742280602;SLC1A4
gs_ind_0;SMAD Protein Signal Transduction (GO:0060395);1/19;0.11635947455136224;0.26454168640174003;12.46943866943867;26.82264742280602;RBPMS
gs_ind_0;Mesenchyme Development (GO:0060485);1/19;0.11635947455136224;0.26454168640174003;12.46943866943867;26.82264742280602;HMGA2
gs_ind_0;Regulation of Oligodendrocyte Differentiation (GO:0048713);1/19;0.11635947455136224;0.26454168640174003;12.46943866943867;26.82264742280602;SLC45A3
gs_ind_0;Amino Acid Catabolic Process (GO:0009063);1/19;0.11635947455136224;0.26454168640174003;12.46943866943867;26.82264742280602;MCCC1
gs_ind_0;Positive Regulation of Endothelial Cell Apoptotic Process (GO:2000353);1/19;0.11635947455136224;0.26454168640174003;12.46943866943867;26.82264742280602;CCL2
gs_ind_0;Peptidyl-threonine Phosphorylation (GO:0018107);1/19;0.11635947455136224;0.26454168640174003;12.46943866943867;26.82264742280602;STK39
gs_ind_0;Peptidyl-threonine Modification (GO:0018210);1/19;0.11635947455136224;0.26454168640174003;12.46943866943867;26.82264742280602;STK39
gs_ind_0;Negative Regulation of Reproductive Process (GO:2000242);1/19;0.11635947455136224;0.26454168640174003;12.46943866943867;26.82264742280602;TIMP1
gs_ind_0;Regulation of Insulin-Like Growth Factor Receptor Signaling Pathway (GO:0043567);1/20;0.12209778026297624;0.26539816907461306;11.829191321499014;24.875997712364498;IGFBP3
gs_ind_0;Regulation of MAPK Cascade (GO:0043408);4/292;0.1217713097361662;0.26539816907461306;2.4303870595031776;5.117448520549737;"CAV1;FLT1;SH2B3;ADAM8"
gs_ind_0;Sodium Ion Export Across Plasma Membrane (GO:0036376);1/20;0.12209778026297624;0.26539816907461306;11.829191321499014;24.875997712364498;FXYD5
gs_ind_0;Oxoacid Metabolic Process (GO:0043436);1/20;0.12209778026297624;0.26539816907461306;11.829191321499014;24.875997712364498;SULT2B1
gs_ind_0;Response to Fibroblast Growth Factor (GO:0071774);1/20;0.12209778026297624;0.26539816907461306;11.829191321499014;24.875997712364498;CCL2
gs_ind_0;Regulation of Activin Receptor Signaling Pathway (GO:0032925);1/20;0.12209778026297624;0.26539816907461306;11.829191321499014;24.875997712364498;FST
gs_ind_0;Positive Regulation of Glucose Metabolic Process (GO:0010907);1/20;0.12209778026297624;0.26539816907461306;11.829191321499014;24.875997712364498;SLC45A3
gs_ind_0;Positive Regulation of Fatty Acid Metabolic Process (GO:0045923);1/20;0.12209778026297624;0.26539816907461306;11.829191321499014;24.875997712364498;SLC45A3
gs_ind_0;Positive Regulation of Antigen Receptor-Mediated Signaling Pathway (GO:0050857);1/20;0.12209778026297624;0.26539816907461306;11.829191321499014;24.875997712364498;KCNN4
gs_ind_0;Epithelial Cell Migration (GO:0010631);1/20;0.12209778026297624;0.26539816907461306;11.829191321499014;24.875997712364498;KRT16
gs_ind_0;Eosinophil Migration (GO:0072677);1/20;0.12209778026297624;0.26539816907461306;11.829191321499014;24.875997712364498;CCL2
gs_ind_0;Positive Regulation of Alcohol Biosynthetic Process (GO:1902932);1/20;0.12209778026297624;0.26539816907461306;11.829191321499014;24.875997712364498;GNAI1
gs_ind_0;Eosinophil Chemotaxis (GO:0048245);1/20;0.12209778026297624;0.26539816907461306;11.829191321499014;24.875997712364498;CCL2
gs_ind_0;Regulation of Receptor Signaling Pathway via STAT (GO:1904892);1/20;0.12209778026297624;0.26539816907461306;11.829191321499014;24.875997712364498;SH2B3
gs_ind_0;Import Into Cell (GO:0098657);1/20;0.12209778026297624;0.26539816907461306;11.829191321499014;24.875997712364498;SLC29A2
gs_ind_0;Amino Sugar Metabolic Process (GO:0006040);1/20;0.12209778026297624;0.26539816907461306;11.829191321499014;24.875997712364498;ST3GAL1
gs_ind_0;Regulation of Acute Inflammatory Response (GO:0002673);1/20;0.12209778026297624;0.26539816907461306;11.829191321499014;24.875997712364498;ADAM8
gs_ind_0;Positive Regulation of Cholesterol Metabolic Process (GO:0090205);1/20;0.12209778026297624;0.26539816907461306;11.829191321499014;24.875997712364498;GNAI1
gs_ind_0;Positive Regulation of DNA Binding (GO:0043388);1/20;0.12209778026297624;0.26539816907461306;11.829191321499014;24.875997712364498;PLAUR
gs_ind_0;Diol Biosynthetic Process (GO:0034312);1/20;0.12209778026297624;0.26539816907461306;11.829191321499014;24.875997712364498;SPHK1
gs_ind_0;Protein Acetylation (GO:0006473);1/20;0.12209778026297624;0.26539816907461306;11.829191321499014;24.875997712364498;SPHK1
gs_ind_0;Calcium-independent Cell-Cell Adhesion (GO:0016338);1/20;0.12209778026297624;0.26539816907461306;11.829191321499014;24.875997712364498;CLDN1
gs_ind_0;Erythrocyte Development (GO:0048821);1/21;0.1277991995826733;0.27076523024422416;11.25140712945591;23.14746363157191;SH2B3
gs_ind_0;Extracellular Matrix Assembly (GO:0085029);1/21;0.1277991995826733;0.27076523024422416;11.25140712945591;23.14746363157191;HAS3
gs_ind_0;Regulation of Spindle Organization (GO:0090224);1/21;0.1277991995826733;0.27076523024422416;11.25140712945591;23.14746363157191;GNAI1
gs_ind_0;Regulation of Sodium Ion Transmembrane Transport (GO:1902305);1/21;0.1277991995826733;0.27076523024422416;11.25140712945591;23.14746363157191;STK39
gs_ind_0;Dopamine Metabolic Process (GO:0042417);1/21;0.1277991995826733;0.27076523024422416;11.25140712945591;23.14746363157191;COMT
gs_ind_0;Mesoderm Formation (GO:0001707);1/21;0.1277991995826733;0.27076523024422416;11.25140712945591;23.14746363157191;HMGA2
gs_ind_0;Melanosome Localization (GO:0032400);1/21;0.1277991995826733;0.27076523024422416;11.25140712945591;23.14746363157191;BLOC1S5
gs_ind_0;Positive Regulation of Ras Protein Signal Transduction (GO:0046579);1/21;0.1277991995826733;0.27076523024422416;11.25140712945591;23.14746363157191;NGF
gs_ind_0;Regulation of Innate Immune Response (GO:0045088);2/95;0.12641665293665943;0.27076523024422416;4.133856086004821;8.549525648995594;"S100A9;ADAM8"
gs_ind_0;Carbohydrate Metabolic Process (GO:0005975);2/95;0.12641665293665943;0.27076523024422416;4.133856086004821;8.549525648995594;"HAS3;B4GALNT1"
gs_ind_0;Regulation of Epidermal Cell Differentiation (GO:0045604);1/21;0.1277991995826733;0.27076523024422416;11.25140712945591;23.14746363157191;SULT2B1
gs_ind_0;Sphingosine Metabolic Process (GO:0006670);1/21;0.1277991995826733;0.27076523024422416;11.25140712945591;23.14746363157191;SPHK1
gs_ind_0;Positive Regulation of Blood Coagulation (GO:0030194);1/21;0.1277991995826733;0.27076523024422416;11.25140712945591;23.14746363157191;SERPINE1
gs_ind_0;Positive Regulation of Protein Processing (GO:0010954);1/22;0.13346396719092413;0.274230679756446;10.72737030411449;21.60410579033712;ADAM8
gs_ind_0;Regulation of Anoikis (GO:2000209);1/22;0.13346396719092413;0.274230679756446;10.72737030411449;21.60410579033712;CAV1
gs_ind_0;Regulation of Epithelial Cell Differentiation (GO:0030856);1/22;0.13346396719092413;0.274230679756446;10.72737030411449;21.60410579033712;CAV1
gs_ind_0;Megakaryocyte Differentiation (GO:0030219);1/22;0.13346396719092413;0.274230679756446;10.72737030411449;21.60410579033712;SH2B3
gs_ind_0;Hippo Signaling (GO:0035329);1/22;0.13346396719092413;0.274230679756446;10.72737030411449;21.60410579033712;SAV1
gs_ind_0;Regulation of RIG-I Signaling Pathway (GO:0039535);1/22;0.13346396719092413;0.274230679756446;10.72737030411449;21.60410579033712;TRIM15
gs_ind_0;Intraciliary Retrograde Transport (GO:0035721);1/22;0.13346396719092413;0.274230679756446;10.72737030411449;21.60410579033712;IFT122
gs_ind_0;Negative Regulation of Telomere Maintenance via Telomerase (GO:0032211);1/22;0.13346396719092413;0.274230679756446;10.72737030411449;21.60410579033712;HNRNPA1
gs_ind_0;Intracellular Potassium Ion Homeostasis (GO:0030007);1/22;0.13346396719092413;0.274230679756446;10.72737030411449;21.60410579033712;FXYD5
gs_ind_0;Glial Cell Development (GO:0021782);1/22;0.13346396719092413;0.274230679756446;10.72737030411449;21.60410579033712;S100A9
gs_ind_0;Positive Regulation of G2/M Transition of Mitotic Cell Cycle (GO:0010971);1/22;0.13346396719092413;0.274230679756446;10.72737030411449;21.60410579033712;CDK4
gs_ind_0;Regulation of Extracellular Matrix Disassembly (GO:0010715);1/22;0.13346396719092413;0.274230679756446;10.72737030411449;21.60410579033712;PLAUR
gs_ind_0;Protein Acylation (GO:0043543);1/22;0.13346396719092413;0.274230679756446;10.72737030411449;21.60410579033712;SPHK1
gs_ind_0;Negative Regulation of Inflammatory Response to Antigenic Stimulus (GO:0002862);1/22;0.13346396719092413;0.274230679756446;10.72737030411449;21.60410579033712;RHBDF2
gs_ind_0;Branched-chain Amino Acid Catabolic Process (GO:0009083);1/22;0.13346396719092413;0.274230679756446;10.72737030411449;21.60410579033712;MCCC1
gs_ind_0;Regulation of Fatty Acid Metabolic Process (GO:0019217);1/22;0.13346396719092413;0.274230679756446;10.72737030411449;21.60410579033712;CAV1
gs_ind_0;Intraciliary Anterograde Transport (GO:0035720);1/23;0.13909231629055896;0.27885707702184265;10.24991452991453;20.219159958536757;IFT122
gs_ind_0;T Cell Migration (GO:0072678);1/23;0.13909231629055896;0.27885707702184265;10.24991452991453;20.219159958536757;GNAI1
gs_ind_0;Protein Phosphorylation (GO:0006468);4/305;0.13647643723481787;0.27885707702184265;2.3235410250335624;4.627571973718895;"STK39;FLT1;IGFBP3;CCL2"
gs_ind_0;Regulation of Inflammatory Response to Antigenic Stimulus (GO:0002861);1/23;0.13909231629055896;0.27885707702184265;10.24991452991453;20.219159958536757;RHBDF2
gs_ind_0;Positive Regulation of Release of Cytochrome C From Mitochondria (GO:0090200);1/23;0.13909231629055896;0.27885707702184265;10.24991452991453;20.219159958536757;PLAUR
gs_ind_0;Protein Autophosphorylation (GO:0046777);2/101;0.13955657206327296;0.27885707702184265;3.8830161168536987;7.646766269002719;"STK39;FLT1"
gs_ind_0;Nitric Oxide Metabolic Process (GO:0046209);1/23;0.13909231629055896;0.27885707702184265;10.24991452991453;20.219159958536757;CAV1
gs_ind_0;Positive Regulation of Cholesterol Efflux (GO:0010875);1/23;0.13909231629055896;0.27885707702184265;10.24991452991453;20.219159958536757;CAV1
gs_ind_0;Cellular Response to Nerve Growth Factor Stimulus (GO:1990090);1/23;0.13909231629055896;0.27885707702184265;10.24991452991453;20.219159958536757;NGF
gs_ind_0;Positive Regulation of Muscle Contraction (GO:0045933);1/23;0.13909231629055896;0.27885707702184265;10.24991452991453;20.219159958536757;SPHK1
gs_ind_0;Regulation of Protein Secretion (GO:0050708);2/100;0.1373458795033739;0.27885707702184265;3.9227006128192317;7.787552637457564;"RHBDF2;ADAM8"
gs_ind_0;Regulation of Neural Precursor Cell Proliferation (GO:2000177);1/23;0.13909231629055896;0.27885707702184265;10.24991452991453;20.219159958536757;NES
gs_ind_0;Positive Regulation of Telomere Maintenance via Telomerase (GO:0032212);1/23;0.13909231629055896;0.27885707702184265;10.24991452991453;20.219159958536757;HNRNPA1
gs_ind_0;Positive Regulation of Synaptic Transmission, Glutamatergic (GO:0051968);1/23;0.13909231629055896;0.27885707702184265;10.24991452991453;20.219159958536757;CCL2
gs_ind_0;Regulation of Protein Phosphorylation (GO:0001932);2/101;0.13955657206327296;0.27885707702184265;3.8830161168536987;7.646766269002719;"PLAUR;IGFBP3"
gs_ind_0;Metal Ion Transport (GO:0030001);3/200;0.14061003052281038;0.2804474784603306;2.749247796407979;5.393377996938666;"CAV1;SLC5A8;KCNN4"
gs_ind_0;Positive Regulation of Gene Expression (GO:0010628);5/424;0.14124604064076876;0.28120098401791077;2.0463436864614737;4.005210150663761;"PADI4;ACTA2;NGF;HMGA2;CCL2"
gs_ind_0;Hemopoiesis (GO:0030097);2/102;0.1417750902008726;0.2817391847239968;3.84412136210141;7.509542395490425;"FST;SH2B3"
gs_ind_0;Focal Adhesion Assembly (GO:0048041);1/24;0.1446844786159731;0.28236809536343144;9.813093289689034;18.970671133684153;ACTN1
gs_ind_0;Positive Regulation of Epidermal Cell Differentiation (GO:0045606);1/24;0.1446844786159731;0.28236809536343144;9.813093289689034;18.970671133684153;SULT2B1
gs_ind_0;Positive Regulation of Cold-Induced Thermogenesis (GO:0120162);2/103;0.14400124241258017;0.28236809536343144;3.805993006457541;7.3757607830875145;"CAV1;LCN2"
gs_ind_0;Mammary Gland Development (GO:0030879);1/24;0.1446844786159731;0.28236809536343144;9.813093289689034;18.970671133684153;CAV1
gs_ind_0;Eye Morphogenesis (GO:0048592);1/24;0.1446844786159731;0.28236809536343144;9.813093289689034;18.970671133684153;IFT122
gs_ind_0;Regulation of Synaptic Vesicle Exocytosis (GO:2000300);1/24;0.1446844786159731;0.28236809536343144;9.813093289689034;18.970671133684153;PREPL
gs_ind_0;Carbohydrate Derivative Transport (GO:1901264);1/24;0.1446844786159731;0.28236809536343144;9.813093289689034;18.970671133684153;SLC29A2
gs_ind_0;Neuron Apoptotic Process (GO:0051402);1/24;0.1446844786159731;0.28236809536343144;9.813093289689034;18.970671133684153;NGF
gs_ind_0;Negative Regulation of Cell Communication (GO:0010648);1/24;0.1446844786159731;0.28236809536343144;9.813093289689034;18.970671133684153;IGFBP3
gs_ind_0;Positive Regulation of Neural Precursor Cell Proliferation (GO:2000179);1/24;0.1446844786159731;0.28236809536343144;9.813093289689034;18.970671133684153;NES
gs_ind_0;Cellular Response to Interleukin-6 (GO:0071354);1/25;0.15024068444227803;0.2855359604845389;9.411930926216641;17.840472323991147;SOCS3
gs_ind_0;Protein K63-linked Deubiquitination (GO:0070536);1/25;0.15024068444227803;0.2855359604845389;9.411930926216641;17.840472323991147;OTUD1
gs_ind_0;Retinol Metabolic Process (GO:0042572);1/25;0.15024068444227803;0.2855359604845389;9.411930926216641;17.840472323991147;RDH16
gs_ind_0;Regulation of ERAD Pathway (GO:1904292);1/25;0.15024068444227803;0.2855359604845389;9.411930926216641;17.840472323991147;CAV1
gs_ind_0;Positive Regulation of Interleukin-17 Production (GO:0032740);1/25;0.15024068444227803;0.2855359604845389;9.411930926216641;17.840472323991147;SPHK1
gs_ind_0;Negative Regulation of Extrinsic Apoptotic Signaling Pathway via Death Domain Receptors (GO:1902042);1/25;0.15024068444227803;0.2855359604845389;9.411930926216641;17.840472323991147;SERPINE1
gs_ind_0;Regulation of Ruffle Assembly (GO:1900027);1/25;0.15024068444227803;0.2855359604845389;9.411930926216641;17.840472323991147;CAV1
gs_ind_0;Regulation of Protein Transport (GO:0051223);1/25;0.15024068444227803;0.2855359604845389;9.411930926216641;17.840472323991147;RHBDF2
gs_ind_0;T-helper 17 Cell Differentiation (GO:0072539);1/25;0.15024068444227803;0.2855359604845389;9.411930926216641;17.840472323991147;SOCS3
gs_ind_0;Positive Regulation of Cell Cycle G2/M Phase Transition (GO:1902751);1/25;0.15024068444227803;0.2855359604845389;9.411930926216641;17.840472323991147;CDK4
gs_ind_0;Negative Regulation of Signal Transduction (GO:0009968);4/316;0.14945864151471644;0.2855359604845389;2.2400761904761906;4.257792494325493;"IFT122;IGFBP3;SERPINE1;SH2B3"
gs_ind_0;Negative Regulation of Response to Wounding (GO:1903035);1/25;0.15024068444227803;0.2855359604845389;9.411930926216641;17.840472323991147;SERPINE1
gs_ind_0;Positive Regulation of Small Molecule Metabolic Process (GO:0062013);1/25;0.15024068444227803;0.2855359604845389;9.411930926216641;17.840472323991147;SLC45A3
gs_ind_0;Regulation of Cholesterol Biosynthetic Process (GO:0045540);1/25;0.15024068444227803;0.2855359604845389;9.411930926216641;17.840472323991147;GNAI1
gs_ind_0;D-glucose Transmembrane Transport (GO:1904659);1/25;0.15024068444227803;0.2855359604845389;9.411930926216641;17.840472323991147;PPBP
gs_ind_0;Negative Regulation of DNA Biosynthetic Process (GO:2000279);1/26;0.15576116259439304;0.28946059055510925;9.042232277526395;16.813411110617025;HNRNPA1
gs_ind_0;Negative Regulation of Protein Transport (GO:0051224);1/26;0.15576116259439304;0.28946059055510925;9.042232277526395;16.813411110617025;RHBDF2
gs_ind_0;Endothelial Cell Development (GO:0001885);1/26;0.15576116259439304;0.28946059055510925;9.042232277526395;16.813411110617025;MYADM
gs_ind_0;Protein Localization to Cell Surface (GO:0034394);1/26;0.15576116259439304;0.28946059055510925;9.042232277526395;16.813411110617025;PLAUR
gs_ind_0;Positive Regulation of Telomere Maintenance via Telomere Lengthening (GO:1904358);1/26;0.15576116259439304;0.28946059055510925;9.042232277526395;16.813411110617025;HNRNPA1
gs_ind_0;Negative Regulation of Protein Polymerization (GO:0032272);1/26;0.15576116259439304;0.28946059055510925;9.042232277526395;16.813411110617025;MYADM
gs_ind_0;Positive Regulation of Transforming Growth Factor Beta Receptor Signaling Pathway (GO:0030511);1/26;0.15576116259439304;0.28946059055510925;9.042232277526395;16.813411110617025;TWSG1
gs_ind_0;Steroid Metabolic Process (GO:0008202);2/108;0.1552399584468292;0.28946059055510925;3.6260916101097083;6.754622678568082;"RDH16;SULT2B1"
gs_ind_0;Aminoglycan Biosynthetic Process (GO:0006023);1/26;0.15576116259439304;0.28946059055510925;9.042232277526395;16.813411110617025;GCNT2
gs_ind_0;Positive Regulation of Cellular Response to Transforming Growth Factor Beta Stimulus (GO:1903846);1/26;0.15576116259439304;0.28946059055510925;9.042232277526395;16.813411110617025;TWSG1
gs_ind_0;Positive Regulation of Extracellular Matrix Organization (GO:1903055);1/26;0.15576116259439304;0.28946059055510925;9.042232277526395;16.813411110617025;PLAUR
gs_ind_0;Regulation of Toll-Like Receptor Signaling Pathway (GO:0034121);1/26;0.15576116259439304;0.28946059055510925;9.042232277526395;16.813411110617025;S100A9
gs_ind_0;Potassium Ion Homeostasis (GO:0055075);1/26;0.15576116259439304;0.28946059055510925;9.042232277526395;16.813411110617025;FXYD5
gs_ind_0;Sterol Transport (GO:0015918);1/27;0.16124614045608432;0.29561792416948796;8.70043541364296;15.876756904057165;CAV1
gs_ind_0;Positive Regulation of T Cell Migration (GO:2000406);1/27;0.16124614045608432;0.29561792416948796;8.70043541364296;15.876756904057165;STK39
gs_ind_0;Macromolecule Methylation (GO:0043414);1/27;0.16124614045608432;0.29561792416948796;8.70043541364296;15.876756904057165;VCPKMT
gs_ind_0;Positive Regulation of Cell Growth (GO:0030307);2/110;0.15978241357602307;0.29561792416948796;3.5587736682505193;6.526585582067541;"SPHK1;S100A9"
gs_ind_0;Regulation of Neuroinflammatory Response (GO:0150077);1/27;0.16124614045608432;0.29561792416948796;8.70043541364296;15.876756904057165;SPHK1
gs_ind_0;Cellular Response to Topologically Incorrect Protein (GO:0035967);1/27;0.16124614045608432;0.29561792416948796;8.70043541364296;15.876756904057165;CAV1
gs_ind_0;Renal Absorption (GO:0070293);1/27;0.16124614045608432;0.29561792416948796;8.70043541364296;15.876756904057165;STK39
gs_ind_0;Positive Regulation of Neutrophil Migration (GO:1902624);1/27;0.16124614045608432;0.29561792416948796;8.70043541364296;15.876756904057165;ADAM8
gs_ind_0;Hematopoietic Progenitor Cell Differentiation (GO:0002244);1/28;0.16669584397894466;0.29906387824229114;8.383496503496504;15.019741726458394;FST
gs_ind_0;Regulation of Platelet Aggregation (GO:0090330);1/28;0.16669584397894466;0.29906387824229114;8.383496503496504;15.019741726458394;SH2B3
gs_ind_0;Host-mediated Perturbation of Viral Transcription (GO:0043921);1/28;0.16669584397894466;0.29906387824229114;8.383496503496504;15.019741726458394;HMGA2
gs_ind_0;Cytoskeleton Organization (GO:0007010);2/112;0.16434957611189355;0.29906387824229114;3.4938925749654186;6.30912991205933;"KRT16;CCL2"
gs_ind_0;Negative Regulation of Endothelial Cell Apoptotic Process (GO:2000352);1/28;0.16669584397894466;0.29906387824229114;8.383496503496504;15.019741726458394;SERPINE1
gs_ind_0;Positive Regulation of Epidermal Growth Factor Receptor Signaling Pathway (GO:0045742);1/28;0.16669584397894466;0.29906387824229114;8.383496503496504;15.019741726458394;PLAUR
gs_ind_0;Intracellular Sodium Ion Homeostasis (GO:0006883);1/28;0.16669584397894466;0.29906387824229114;8.383496503496504;15.019741726458394;FXYD5
gs_ind_0;Synaptic Transmission, Glutamatergic (GO:0035249);1/28;0.16669584397894466;0.29906387824229114;8.383496503496504;15.019741726458394;SLC1A4
gs_ind_0;Regulation of Double-Strand Break Repair via Nonhomologous End Joining (GO:2001032);1/28;0.16669584397894466;0.29906387824229114;8.383496503496504;15.019741726458394;HMGA2
gs_ind_0;Epithelial Cell Development (GO:0002064);1/28;0.16669584397894466;0.29906387824229114;8.383496503496504;15.019741726458394;ACTA2
gs_ind_0;Regulation of mRNA Splicing, via Spliceosome (GO:0048024);2/113;0.1666419908682025;0.29906387824229114;3.462324868142847;6.204166019773915;"RBPMS;HNRNPA1"
gs_ind_0;Positive Regulation of Vascular Endothelial Growth Factor Production (GO:0010575);1/28;0.16669584397894466;0.29906387824229114;8.383496503496504;15.019741726458394;CXCL17
gs_ind_0;Negative Regulation of cAMP/PKA Signal Transduction (GO:0141162);1/28;0.16669584397894466;0.29906387824229114;8.383496503496504;15.019741726458394;PDE1A
gs_ind_0;Positive Regulation of Leukocyte Migration (GO:0002687);1/30;0.17749032470718562;0.30201088063457054;7.814080834419817;13.509289104140516;ADAM8
gs_ind_0;Negative Regulation of Cytoskeleton Organization (GO:0051494);1/30;0.17749032470718562;0.30201088063457054;7.814080834419817;13.509289104140516;MYADM
gs_ind_0;Positive Regulation of Binding (GO:0051099);1/30;0.17749032470718562;0.30201088063457054;7.814080834419817;13.509289104140516;PLAUR
gs_ind_0;Positive Regulation of B Cell Proliferation (GO:0030890);1/30;0.17749032470718562;0.30201088063457054;7.814080834419817;13.509289104140516;CLCF1
gs_ind_0;Glycosaminoglycan Metabolic Process (GO:0030203);1/30;0.17749032470718562;0.30201088063457054;7.814080834419817;13.509289104140516;GCNT2
gs_ind_0;Regulation of Cell Growth (GO:0001558);3/220;0.17152544296442912;0.30201088063457054;2.4930733586086538;4.395347337043005;"SPHK1;S100A9;TNC"
gs_ind_0;Regulation of Protein Ubiquitination (GO:0031396);2/114;0.16894006820275562;0.30201088063457054;3.4313183649971215;6.101608929170584;"SPHK1;CAV1"
gs_ind_0;Positive Regulation of Epithelial Cell Differentiation (GO:0030858);1/30;0.17749032470718562;0.30201088063457054;7.814080834419817;13.509289104140516;SULT2B1
gs_ind_0;Regulation of Calcium Ion Transmembrane Transport (GO:1903169);1/30;0.17749032470718562;0.30201088063457054;7.814080834419817;13.509289104140516;KCNN4
gs_ind_0;Negative Regulation of Telomere Maintenance via Telomere Lengthening (GO:1904357);1/29;0.1721104976913213;0.30201088063457054;8.088798920377867;14.233200870177447;HNRNPA1
gs_ind_0;Vascular Endothelial Growth Factor Receptor Signaling Pathway (GO:0048010);1/30;0.17749032470718562;0.30201088063457054;7.814080834419817;13.509289104140516;FLT1
gs_ind_0;Response to Alcohol (GO:0097305);1/30;0.17749032470718562;0.30201088063457054;7.814080834419817;13.509289104140516;GNAI1
gs_ind_0;Organic Anion Transport (GO:0015711);2/117;0.17586661091699904;0.30201088063457054;3.3415203104322275;5.807660753439936;"SLC29A2;SLC5A8"
gs_ind_0;Positive Regulation of Protein Import Into Nucleus (GO:0042307);1/30;0.17749032470718562;0.30201088063457054;7.814080834419817;13.509289104140516;EFCAB7
gs_ind_0;Establishment of Endothelial Barrier (GO:0061028);1/30;0.17749032470718562;0.30201088063457054;7.814080834419817;13.509289104140516;MYADM
gs_ind_0;Primary Neural Tube Formation (GO:0014020);1/29;0.1721104976913213;0.30201088063457054;8.088798920377867;14.233200870177447;IFT122
gs_ind_0;Regulation of Vascular Endothelial Growth Factor Production (GO:0010574);1/30;0.17749032470718562;0.30201088063457054;7.814080834419817;13.509289104140516;CXCL17
gs_ind_0;Positive Regulation of MAP Kinase Activity (GO:0043406);1/30;0.17749032470718562;0.30201088063457054;7.814080834419817;13.509289104140516;FLT1
gs_ind_0;Regulation of Immunoglobulin Production (GO:0002637);1/30;0.17749032470718562;0.30201088063457054;7.814080834419817;13.509289104140516;CLCF1
gs_ind_0;Tube Closure (GO:0060606);1/30;0.17749032470718562;0.30201088063457054;7.814080834419817;13.509289104140516;IFT122
gs_ind_0;Negative Regulation of Smoothened Signaling Pathway (GO:0045879);1/29;0.1721104976913213;0.30201088063457054;8.088798920377867;14.233200870177447;IFT122
gs_ind_0;Negative Regulation of Signaling (GO:0023057);1/29;0.1721104976913213;0.30201088063457054;8.088798920377867;14.233200870177447;IGFBP3
gs_ind_0;Nuclear Membrane Organization (GO:0071763);1/29;0.1721104976913213;0.30201088063457054;8.088798920377867;14.233200870177447;PADI4
gs_ind_0;Carbohydrate Biosynthetic Process (GO:0016051);1/30;0.17749032470718562;0.30201088063457054;7.814080834419817;13.509289104140516;HAS3
gs_ind_0;Cell-matrix Adhesion (GO:0007160);2/116;0.1735525428181698;0.30201088063457054;3.370930153630337;5.903425317113651;"PLAUR;ACTN1"
gs_ind_0;Carboxylic Acid Catabolic Process (GO:0046395);1/29;0.1721104976913213;0.30201088063457054;8.088798920377867;14.233200870177447;MCCC1
gs_ind_0;Negative Regulation of Non-Canonical NF-kappaB Signal Transduction (GO:1901223);1/30;0.17749032470718562;0.30201088063457054;7.814080834419817;13.509289104140516;TRIM15
gs_ind_0;Positive Regulation of ERBB Signaling Pathway (GO:1901186);1/30;0.17749032470718562;0.30201088063457054;7.814080834419817;13.509289104140516;PLAUR
gs_ind_0;Regulation of Rac Protein Signal Transduction (GO:0035020);1/29;0.1721104976913213;0.30201088063457054;8.088798920377867;14.233200870177447;TNS3
gs_ind_0;Bicellular Tight Junction Assembly (GO:0070830);1/29;0.1721104976913213;0.30201088063457054;8.088798920377867;14.233200870177447;CLDN1
gs_ind_0;Regulation of Cardiac Muscle Cell Action Potential (GO:0098901);1/29;0.1721104976913213;0.30201088063457054;8.088798920377867;14.233200870177447;CAV1
gs_ind_0;Maintenance of Blood-Brain Barrier (GO:0035633);1/29;0.1721104976913213;0.30201088063457054;8.088798920377867;14.233200870177447;CLDN1
gs_ind_0;Regulation of Cardiac Muscle Cell Contraction (GO:0086004);1/30;0.17749032470718562;0.30201088063457054;7.814080834419817;13.509289104140516;CAV1
gs_ind_0;Mitotic Cell Cycle Phase Transition (GO:0044772);2/118;0.1781856831960091;0.3027210748837034;3.312615357246103;5.714026654597066;"NES;CDK4"
gs_ind_0;Positive Regulation of Response to Endoplasmic Reticulum Stress (GO:1905898);1/31;0.1828355467349506;0.305849324722521;7.557377049180328;12.84125462052677;CAV1
gs_ind_0;Establishment of Mitotic Spindle Orientation (GO:0000132);1/31;0.1828355467349506;0.305849324722521;7.557377049180328;12.84125462052677;GNAI1
gs_ind_0;Positive Regulation of Calcium Ion Transport (GO:0051928);1/31;0.1828355467349506;0.305849324722521;7.557377049180328;12.84125462052677;CCL2
gs_ind_0;Cell-substrate Junction Assembly (GO:0007044);1/31;0.1828355467349506;0.305849324722521;7.557377049180328;12.84125462052677;ACTN1
gs_ind_0;Negative Regulation of Wound Healing (GO:0061045);1/31;0.1828355467349506;0.305849324722521;7.557377049180328;12.84125462052677;SERPINE1
gs_ind_0;Regulation of Glucose Metabolic Process (GO:0010906);1/31;0.1828355467349506;0.305849324722521;7.557377049180328;12.84125462052677;SLC45A3
gs_ind_0;Neural Tube Closure (GO:0001843);1/31;0.1828355467349506;0.305849324722521;7.557377049180328;12.84125462052677;IFT122
gs_ind_0;Positive Regulation of Cholesterol Transport (GO:0032376);1/31;0.1828355467349506;0.305849324722521;7.557377049180328;12.84125462052677;CAV1
gs_ind_0;Regulation of Calcium Ion-Dependent Exocytosis (GO:0017158);1/31;0.1828355467349506;0.305849324722521;7.557377049180328;12.84125462052677;SYT12
gs_ind_0;Dorsal/ventral Pattern Formation (GO:0009953);1/31;0.1828355467349506;0.305849324722521;7.557377049180328;12.84125462052677;IFT122
gs_ind_0;Positive Regulation of Macromolecule Biosynthetic Process (GO:0010557);4/344;0.1845015659435942;0.3081628915837026;2.0519544087826027;3.468002663540129;"NGF;HMGA2;CCL2;ACTA2"
gs_ind_0;Transforming Growth Factor Beta Receptor Superfamily Signaling Pathway (GO:0141091);2/121;0.18517133466788843;0.3088079379070911;3.2288030871290134;5.445291647652276;"GCNT2;DLX5"
gs_ind_0;Regulation of Fatty Acid Biosynthetic Process (GO:0042304);1/32;0.18814638408623222;0.3118590749922479;7.316971916971917;12.22325753774158;SLC45A3
gs_ind_0;Regulation of Macrophage Activation (GO:0043030);1/32;0.18814638408623222;0.3118590749922479;7.316971916971917;12.22325753774158;SPHK1
gs_ind_0;Regulation of Vasoconstriction (GO:0019229);1/32;0.18814638408623222;0.3118590749922479;7.316971916971917;12.22325753774158;CAV1
gs_ind_0;Acyl-CoA Metabolic Process (GO:0006637);1/32;0.18814638408623222;0.3118590749922479;7.316971916971917;12.22325753774158;ACOT11
gs_ind_0;Regulation of Cholesterol Efflux (GO:0010874);1/33;0.1934230556845576;0.3177039330927348;7.091360946745562;11.650223094655209;CAV1
gs_ind_0;Response to Steroid Hormone (GO:0048545);1/33;0.1934230556845576;0.3177039330927348;7.091360946745562;11.650223094655209;CAV1
gs_ind_0;Limb Development (GO:0060173);1/33;0.1934230556845576;0.3177039330927348;7.091360946745562;11.650223094655209;IFT122
gs_ind_0;Sphingolipid Catabolic Process (GO:0030149);1/33;0.1934230556845576;0.3177039330927348;7.091360946745562;11.650223094655209;SPHK1
gs_ind_0;Regulation of Extrinsic Apoptotic Signaling Pathway via Death Domain Receptors (GO:1902041);1/33;0.1934230556845576;0.3177039330927348;7.091360946745562;11.650223094655209;SERPINE1
gs_ind_0;Non-motile Cilium Assembly (GO:1905515);1/33;0.1934230556845576;0.3177039330927348;7.091360946745562;11.650223094655209;IFT122
gs_ind_0;Collagen Catabolic Process (GO:0030574);1/34;0.19866577907401914;0.32051412357275083;6.879219288174512;11.117722081329742;MRC2
gs_ind_0;Positive Regulation of Response to Wounding (GO:1903036);1/34;0.19866577907401914;0.32051412357275083;6.879219288174512;11.117722081329742;CLDN1
gs_ind_0;Sodium Ion Homeostasis (GO:0055078);1/34;0.19866577907401914;0.32051412357275083;6.879219288174512;11.117722081329742;FXYD5
gs_ind_0;Myeloid Cell Development (GO:0061515);1/34;0.19866577907401914;0.32051412357275083;6.879219288174512;11.117722081329742;SH2B3
gs_ind_0;Nucleoside Phosphate Metabolic Process (GO:0006753);1/34;0.19866577907401914;0.32051412357275083;6.879219288174512;11.117722081329742;ACOT11
gs_ind_0;Protein O-linked Glycosylation via N-acetyl-galactosamine (GO:0016266);1/34;0.19866577907401914;0.32051412357275083;6.879219288174512;11.117722081329742;ST3GAL1
gs_ind_0;Response to Estrogen (GO:0043627);1/34;0.19866577907401914;0.32051412357275083;6.879219288174512;11.117722081329742;CAV1
gs_ind_0;Regulation of Cell Adhesion Mediated by Integrin (GO:0033628);1/34;0.19866577907401914;0.32051412357275083;6.879219288174512;11.117722081329742;SERPINE1
gs_ind_0;Regulation of Signal Transduction (GO:0009966);3/235;0.19587911348550785;0.32051412357275083;2.329865450655858;3.798280806564228;"GNAI1;TIMP1;IGFBP3"
gs_ind_0;Regulation of Bone Resorption (GO:0045124);1/34;0.19866577907401914;0.32051412357275083;6.879219288174512;11.117722081329742;ADAM8
gs_ind_0;Vasculogenesis (GO:0001570);1/34;0.19866577907401914;0.32051412357275083;6.879219288174512;11.117722081329742;CAV1
gs_ind_0;Peptidyl-serine Modification (GO:0018209);1/34;0.19866577907401914;0.32051412357275083;6.879219288174512;11.117722081329742;STK39
gs_ind_0;Neg Reg Transmembrane Rec Protein Serine/Threonine Kinase Signaling Pathway (GO:0090101);2/128;0.20161733581503644;0.3247947909801401;3.048700567285834;4.882139563334987;"CAV1;FST"
gs_ind_0;Positive Regulation of Cytokine Production (GO:0001819);4/358;0.20296434275007585;0.32648178619620766;1.9690375444959365;3.1400733328654735;"SPHK1;TRIM15;SERPINE1;CXCL17"
gs_ind_0;Negative Regulation of G1/S Transition of Mitotic Cell Cycle (GO:2000134);1/35;0.203874770427876;0.3264994485234661;6.679375696767001;10.621872820681812;CCL2
gs_ind_0;Cellular Response to Osmotic Stress (GO:0071470);1/35;0.203874770427876;0.3264994485234661;6.679375696767001;10.621872820681812;STK39
gs_ind_0;Regulation of Interleukin-17 Production (GO:0032660);1/35;0.203874770427876;0.3264994485234661;6.679375696767001;10.621872820681812;SPHK1
gs_ind_0;Intracellular Signaling Cassette (GO:0141124);4/362;0.20834009773696283;0.3294583448953448;1.9465364946536494;3.0533049289790326;"SPHK1;FOSL1;RBPMS;ADAM8"
gs_ind_0;Regulation of Cellular Senescence (GO:2000772);1/36;0.20905024455710125;0.3294583448953448;6.4907908992416035;10.159260327324695;HMGA2
gs_ind_0;Establishment of Mitotic Spindle Localization (GO:0040001);1/36;0.20905024455710125;0.3294583448953448;6.4907908992416035;10.159260327324695;GNAI1
gs_ind_0;Negative Regulation of MAPK Cascade (GO:0043409);2/130;0.20634844633665197;0.3294583448953448;3.000846757121832;4.735903499043069;"CAV1;SH2B3"
gs_ind_0;Extrinsic Apoptotic Signaling Pathway via Death Domain Receptors (GO:0008625);1/36;0.20905024455710125;0.3294583448953448;6.4907908992416035;10.159260327324695;NGF
gs_ind_0;Regulation of Mitotic Cell Cycle (GO:0007346);2/131;0.208718664796816;0.3294583448953448;2.9774741432772522;4.665011313548744;"SPHK1;ASNS"
gs_ind_0;Regulation of Small Molecule Metabolic Process (GO:0062012);1/36;0.20905024455710125;0.3294583448953448;6.4907908992416035;10.159260327324695;CAV1
gs_ind_0;Platelet Aggregation (GO:0070527);1/36;0.20905024455710125;0.3294583448953448;6.4907908992416035;10.159260327324695;ACTN1
gs_ind_0;Negative Regulation of Cell-Matrix Adhesion (GO:0001953);1/36;0.20905024455710125;0.3294583448953448;6.4907908992416035;10.159260327324695;SERPINE1
gs_ind_0;Negative Regulation of Endocytosis (GO:0045806);1/36;0.20905024455710125;0.3294583448953448;6.4907908992416035;10.159260327324695;CAV1
gs_ind_0;Gluconeogenesis (GO:0006094);1/36;0.20905024455710125;0.3294583448953448;6.4907908992416035;10.159260327324695;FBP2
gs_ind_0;TRNA Methylation (GO:0030488);1/37;0.2141924149188765;0.33180019892838764;6.312539515279242;9.726869251657403;TRMT10B
gs_ind_0;Embryonic Limb Morphogenesis (GO:0030326);1/37;0.2141924149188765;0.33180019892838764;6.312539515279242;9.726869251657403;IFT122
gs_ind_0;Negative Regulation of Double-Strand Break Repair (GO:2000780);1/37;0.2141924149188765;0.33180019892838764;6.312539515279242;9.726869251657403;HMGA2
gs_ind_0;Amino Acid Import Across Plasma Membrane (GO:0089718);1/37;0.2141924149188765;0.33180019892838764;6.312539515279242;9.726869251657403;SLC1A4
gs_ind_0;Regulation of Muscle Contraction (GO:0006937);1/37;0.2141924149188765;0.33180019892838764;6.312539515279242;9.726869251657403;CAV1
gs_ind_0;Positive Regulation of Immunoglobulin Production (GO:0002639);1/37;0.2141924149188765;0.33180019892838764;6.312539515279242;9.726869251657403;CLCF1
gs_ind_0;Melanosome Organization (GO:0032438);1/37;0.2141924149188765;0.33180019892838764;6.312539515279242;9.726869251657403;BLOC1S5
gs_ind_0;Sensory Perception of Pain (GO:0019233);1/37;0.2141924149188765;0.33180019892838764;6.312539515279242;9.726869251657403;CCL2
gs_ind_0;Peptidyl-serine Phosphorylation (GO:0018105);1/37;0.2141924149188765;0.33180019892838764;6.312539515279242;9.726869251657403;STK39
gs_ind_0;Neutral Amino Acid Transport (GO:0015804);1/37;0.2141924149188765;0.33180019892838764;6.312539515279242;9.726869251657403;SLC1A4
gs_ind_0;Chondrocyte Differentiation (GO:0002062);1/37;0.2141924149188765;0.33180019892838764;6.312539515279242;9.726869251657403;HMGA2
gs_ind_0;Negative Regulation of Smooth Muscle Cell Proliferation (GO:0048662);1/37;0.2141924149188765;0.33180019892838764;6.312539515279242;9.726869251657403;IGFBP3
gs_ind_0;Integrated Stress Response Signaling (GO:0140467);1/38;0.2193014936250366;0.3363652486727674;6.143794871794872;9.322027958636241;FOSL1
gs_ind_0;Regulation of Potassium Ion Transport (GO:0043266);1/38;0.2193014936250366;0.3363652486727674;6.143794871794872;9.322027958636241;STK39
gs_ind_0;Apical Junction Assembly (GO:0043297);1/38;0.2193014936250366;0.3363652486727674;6.143794871794872;9.322027958636241;CLDN1
gs_ind_0;Negative Regulation of Protein Modification Process (GO:0031400);1/38;0.2193014936250366;0.3363652486727674;6.143794871794872;9.322027958636241;IGFBP3
gs_ind_0;Phospholipid Translocation (GO:0045332);1/38;0.2193014936250366;0.3363652486727674;6.143794871794872;9.322027958636241;SERINC2
gs_ind_0;Negative Regulation of Phosphorylation (GO:0042326);1/38;0.2193014936250366;0.3363652486727674;6.143794871794872;9.322027958636241;IGFBP3
gs_ind_0;Anterograde Axonal Transport (GO:0008089);1/38;0.2193014936250366;0.3363652486727674;6.143794871794872;9.322027958636241;BLOC1S5
gs_ind_0;Tight Junction Assembly (GO:0120192);1/39;0.22437769145045758;0.33890056309230004;5.983816183816184;8.94236165513006;CLDN1
gs_ind_0;Membrane Depolarization (GO:0051899);1/39;0.22437769145045758;0.33890056309230004;5.983816183816184;8.94236165513006;CAV1
gs_ind_0;Negative Regulation of Cell Cycle G1/S Phase Transition (GO:1902807);1/39;0.22437769145045758;0.33890056309230004;5.983816183816184;8.94236165513006;CCL2
gs_ind_0;Regulation of G2/M Transition of Mitotic Cell Cycle (GO:0010389);1/39;0.22437769145045758;0.33890056309230004;5.983816183816184;8.94236165513006;CDK4
gs_ind_0;Muscle Cell Differentiation (GO:0042692);1/39;0.22437769145045758;0.33890056309230004;5.983816183816184;8.94236165513006;ACTN1
gs_ind_0;Hexose Biosynthetic Process (GO:0019319);1/39;0.22437769145045758;0.33890056309230004;5.983816183816184;8.94236165513006;FBP2
gs_ind_0;L-amino Acid Transport (GO:0015807);1/39;0.22437769145045758;0.33890056309230004;5.983816183816184;8.94236165513006;SLC1A4
gs_ind_0;Negative Regulation of Transport (GO:0051051);1/39;0.22437769145045758;0.33890056309230004;5.983816183816184;8.94236165513006;STK39
gs_ind_0;Transcription by RNA Polymerase III (GO:0006383);1/39;0.22437769145045758;0.33890056309230004;5.983816183816184;8.94236165513006;SNAPC1
gs_ind_0;Positive Regulation of Carbohydrate Metabolic Process (GO:0045913);1/39;0.22437769145045758;0.33890056309230004;5.983816183816184;8.94236165513006;SLC45A3
gs_ind_0;Peptidyl-tyrosine Modification (GO:0018212);1/39;0.22437769145045758;0.33890056309230004;5.983816183816184;8.94236165513006;FLT1
gs_ind_0;Cell Surface Receptor Protein Serine/Threonine Kinase Signaling Pathway (GO:0007178);1/40;0.22942121784139752;0.33945612259413305;5.831937682570594;8.585752912907493;RBPMS
gs_ind_0;Regulation of Release of Cytochrome C From Mitochondria (GO:0090199);1/40;0.22942121784139752;0.33945612259413305;5.831937682570594;8.585752912907493;PLAUR
gs_ind_0;Establishment of Spindle Orientation (GO:0051294);1/40;0.22942121784139752;0.33945612259413305;5.831937682570594;8.585752912907493;GNAI1
gs_ind_0;Enzyme-linked Receptor Protein Signaling Pathway (GO:0007167);2/139;0.2277744972356795;0.33945612259413305;2.802731983042864;4.14635941616638;"NGF;FLT1"
gs_ind_0;Positive Regulation of SMAD Protein Signal Transduction (GO:0060391);1/40;0.22942121784139752;0.33945612259413305;5.831937682570594;8.585752912907493;TWSG1
gs_ind_0;Membrane Assembly (GO:0071709);1/40;0.22942121784139752;0.33945612259413305;5.831937682570594;8.585752912907493;DMKN
gs_ind_0;L-alpha-amino Acid Transmembrane Transport (GO:1902475);1/40;0.22942121784139752;0.33945612259413305;5.831937682570594;8.585752912907493;SLC1A4
gs_ind_0;Protein Localization to Cell Periphery (GO:1990778);2/138;0.22538459486556256;0.33945612259413305;2.8234546110193777;4.206797799245589;"CAV1;MYADM"
gs_ind_0;Skeletal Muscle Organ Development (GO:0060538);1/40;0.22942121784139752;0.33945612259413305;5.831937682570594;8.585752912907493;CAV1
gs_ind_0;Regulation of Cytosolic Calcium Ion Concentration (GO:0051480);1/40;0.22942121784139752;0.33945612259413305;5.831937682570594;8.585752912907493;CAV1
gs_ind_0;Positive Regulation of DNA Biosynthetic Process (GO:2000573);1/40;0.22942121784139752;0.33945612259413305;5.831937682570594;8.585752912907493;HNRNPA1
gs_ind_0;Positive Regulation of Extrinsic Apoptotic Signaling Pathway (GO:2001238);1/40;0.22942121784139752;0.33945612259413305;5.831937682570594;8.585752912907493;CAV1
gs_ind_0;Potassium Ion Transport (GO:0006813);2/139;0.2277744972356795;0.33945612259413305;2.802731983042864;4.14635941616638;"KCNN4;KCNQ5"
gs_ind_0;Positive Regulation of Exocytosis (GO:0045921);1/40;0.22942121784139752;0.33945612259413305;5.831937682570594;8.585752912907493;CADPS
gs_ind_0;Canonical NF-kappaB Signal Transduction (GO:0007249);1/40;0.22942121784139752;0.33945612259413305;5.831937682570594;8.585752912907493;ADAM8
gs_ind_0;Visual System Development (GO:0150063);1/42;0.23941108751144402;0.3444104019814565;5.550139017608897;7.934329847004329;MAB21L1
gs_ind_0;Cellular Response to Oxygen-Containing Compound (GO:1901701);4/382;0.2358089030655042;0.3444104019814565;1.8411649996854753;2.6599928180360437;"CAV1;SERPINE1;CCL2;PPBP"
gs_ind_0;Positive Regulation of Production of Molecular Mediator of Immune Response (GO:0002702);1/42;0.23941108751144402;0.3444104019814565;5.550139017608897;7.934329847004329;CLCF1
gs_ind_0;RNA Transport (GO:0050658);1/42;0.23941108751144402;0.3444104019814565;5.550139017608897;7.934329847004329;HNRNPA1
gs_ind_0;Response to Cytokine (GO:0034097);2/143;0.23735170055017069;0.3444104019814565;2.7227704644903787;3.9159218884472984;"SPHK1;TIMP1"
gs_ind_0;Embryonic Skeletal System Development (GO:0048706);1/42;0.23941108751144402;0.3444104019814565;5.550139017608897;7.934329847004329;DLX5
gs_ind_0;Positive Regulation of Neuron Differentiation (GO:0045666);1/42;0.23941108751144402;0.3444104019814565;5.550139017608897;7.934329847004329;NGF
gs_ind_0;Positive Regulation of Myoblast Differentiation (GO:0045663);1/42;0.23941108751144402;0.3444104019814565;5.550139017608897;7.934329847004329;IGFBP3
gs_ind_0;Regulation of Ras Protein Signal Transduction (GO:0046578);1/42;0.23941108751144402;0.3444104019814565;5.550139017608897;7.934329847004329;NGF
gs_ind_0;Receptor-mediated Endocytosis (GO:0006898);2/143;0.23735170055017069;0.3444104019814565;2.7227704644903787;3.9159218884472984;"CAV1;MRC2"
gs_ind_0;Left/right Pattern Formation (GO:0060972);1/41;0.23443228092378254;0.3444104019814565;5.687559354226021;8.250308269145469;IFT122
gs_ind_0;Positive Regulation of Lipid Biosynthetic Process (GO:0046889);1/42;0.23941108751144402;0.3444104019814565;5.550139017608897;7.934329847004329;SLC45A3
gs_ind_0;Negative Regulation of Secretion by Cell (GO:1903531);1/42;0.23941108751144402;0.3444104019814565;5.550139017608897;7.934329847004329;RHBDF2
gs_ind_0;Negative Regulation of Cell-Substrate Adhesion (GO:0010812);1/41;0.23443228092378254;0.3444104019814565;5.687559354226021;8.250308269145469;GCNT2
gs_ind_0;Regulation of Heart Rate by Cardiac Conduction (GO:0086091);1/42;0.23941108751144402;0.3444104019814565;5.550139017608897;7.934329847004329;CAV1
gs_ind_0;Phosphorylation (GO:0016310);3/258;0.23470630211510735;0.3444104019814565;2.1168328193358676;3.0681805123282784;"STK39;IGFBP3;CCL2"
gs_ind_0;Zymogen Activation (GO:0031638);1/42;0.23941108751144402;0.3444104019814565;5.550139017608897;7.934329847004329;PLAUR
gs_ind_0;Negative Regulation of Cell Motility (GO:2000146);2/142;0.23495500455267096;0.3444104019814565;2.7423340032821346;3.971890313575156;"SERPINE1;KRT16"
gs_ind_0;Negative Regulation of Protein Secretion (GO:0050709);1/42;0.23941108751144402;0.3444104019814565;5.550139017608897;7.934329847004329;RHBDF2
gs_ind_0;Negative Regulation of Multicellular Organismal Process (GO:0051241);3/259;0.2364270698804528;0.3444104019814565;2.108437177877795;3.0406099164506775;"TIMP1;TWSG1;ACOT11"
gs_ind_0;Carboxylic Acid Transport (GO:0046942);1/41;0.23443228092378254;0.3444104019814565;5.687559354226021;8.250308269145469;SLC1A4
gs_ind_0;Extracellular Matrix Disassembly (GO:0022617);1/43;0.24435784311430275;0.34922006712792086;5.4191855203619905;7.636291143066897;ADAM8
gs_ind_0;Substrate Adhesion-Dependent Cell Spreading (GO:0034446);1/43;0.24435784311430275;0.34922006712792086;5.4191855203619905;7.636291143066897;LAMB3
gs_ind_0;Striated Muscle Tissue Development (GO:0014706);1/43;0.24435784311430275;0.34922006712792086;5.4191855203619905;7.636291143066897;CAV1
gs_ind_0;Positive Regulation of Proteolysis (GO:0045862);1/43;0.24435784311430275;0.34922006712792086;5.4191855203619905;7.636291143066897;ADAM8
gs_ind_0;Regulation of Protein Import Into Nucleus (GO:0042306);1/43;0.24435784311430275;0.34922006712792086;5.4191855203619905;7.636291143066897;EFCAB7
gs_ind_0;Carboxylic Acid Metabolic Process (GO:0019752);1/44;0.24927275194650567;0.3543838470884395;5.294252873563218;7.354816289496458;ST3GAL1
gs_ind_0;Axonal Transport (GO:0098930);1/44;0.24927275194650567;0.3543838470884395;5.294252873563218;7.354816289496458;BLOC1S5
gs_ind_0;Regulation of Mitotic Spindle Organization (GO:0060236);1/44;0.24927275194650567;0.3543838470884395;5.294252873563218;7.354816289496458;GNAI1
gs_ind_0;Positive Regulation of Receptor-Mediated Endocytosis (GO:0048260);1/44;0.24927275194650567;0.3543838470884395;5.294252873563218;7.354816289496458;SERPINE1
gs_ind_0;Establishment of Protein Localization to Extracellular Region (GO:0035592);1/45;0.2541560169345081;0.35759891275659533;5.174935177182368;7.0886622265241925;LTBP1
gs_ind_0;Lipid Metabolic Process (GO:0006629);3/268;0.2520115126251124;0.35759891275659533;2.035722384910423;2.8057964817911425;"RDH16;SULT2B1;ACOT11"
gs_ind_0;Calcium Ion Transport (GO:0006816);2/150;0.2541612107195636;0.35759891275659533;2.5932031890581113;3.552134786049186;"CAV1;KCNN4"
gs_ind_0;Regulation of Neurotransmitter Secretion (GO:0046928);1/45;0.2541560169345081;0.35759891275659533;5.174935177182368;7.0886622265241925;PREPL
gs_ind_0;Ephrin Receptor Signaling Pathway (GO:0048013);1/45;0.2541560169345081;0.35759891275659533;5.174935177182368;7.0886622265241925;ANKS1B
gs_ind_0;Regulation of Telomere Maintenance via Telomerase (GO:0032210);1/45;0.2541560169345081;0.35759891275659533;5.174935177182368;7.0886622265241925;HNRNPA1
gs_ind_0;Negative Regulation of BMP Signaling Pathway (GO:0030514);1/45;0.2541560169345081;0.35759891275659533;5.174935177182368;7.0886622265241925;CAV1
gs_ind_0;Base-excision Repair (GO:0006284);1/45;0.2541560169345081;0.35759891275659533;5.174935177182368;7.0886622265241925;HMGA2
gs_ind_0;Negative Regulation of Inflammatory Response (GO:0050728);2/151;0.25656587215418303;0.3605164319689101;2.5756840591262757;3.5038829006492986;"CXCL17;RHBDF2"
gs_ind_0;Regulation of cAMP/PKA Signal Transduction (GO:0141161);1/46;0.25900783972510977;0.36068994560184725;5.060862214708369;6.836703322789345;PDE1A
gs_ind_0;Potassium Ion Import Across Plasma Membrane (GO:1990573);1/46;0.25900783972510977;0.36068994560184725;5.060862214708369;6.836703322789345;FXYD5
gs_ind_0;Positive Regulation of Non-Canonical NF-kappaB Signal Transduction (GO:1901224);1/46;0.25900783972510977;0.36068994560184725;5.060862214708369;6.836703322789345;SPHK1
gs_ind_0;Defense Response to Fungus (GO:0050832);1/46;0.25900783972510977;0.36068994560184725;5.060862214708369;6.836703322789345;S100A9
gs_ind_0;Regulation of Receptor-Mediated Endocytosis (GO:0048259);1/46;0.25900783972510977;0.36068994560184725;5.060862214708369;6.836703322789345;SERPINE1
gs_ind_0;Positive Regulation of Calcium Ion Transmembrane Transport (GO:1904427);1/46;0.25900783972510977;0.36068994560184725;5.060862214708369;6.836703322789345;CAV1
gs_ind_0;Regulation of Nitric Oxide Biosynthetic Process (GO:0045428);1/46;0.25900783972510977;0.36068994560184725;5.060862214708369;6.836703322789345;CAV1
gs_ind_0;Cellular Component Assembly (GO:0022607);4/399;0.2598163376414654;0.36135375694962424;1.7599783276142316;2.3720641030152674;"HAS3;RBPMS;PADI4;HMGA2"
gs_ind_0;Lysosome Localization (GO:0032418);1/47;0.263828420693441;0.36276407845348135;4.951695616211746;6.597918062792343;GNAI1
gs_ind_0;Homotypic Cell-Cell Adhesion (GO:0034109);1/47;0.263828420693441;0.36276407845348135;4.951695616211746;6.597918062792343;ACTN1
gs_ind_0;Glycosphingolipid Metabolic Process (GO:0006687);1/47;0.263828420693441;0.36276407845348135;4.951695616211746;6.597918062792343;B4GALNT1
gs_ind_0;Neg Reg Phosphatidylinositol 3-Kinase/Protein Kinase B Signal Transduction (GO:0051898);1/47;0.263828420693441;0.36276407845348135;4.951695616211746;6.597918062792343;SH2B3
gs_ind_0;Positive Regulation of Response to Biotic Stimulus (GO:0002833);1/47;0.263828420693441;0.36276407845348135;4.951695616211746;6.597918062792343;ADAM8
gs_ind_0;Endothelial Cell Migration (GO:0043542);1/47;0.263828420693441;0.36276407845348135;4.951695616211746;6.597918062792343;S100A9
gs_ind_0;Cardiac Conduction (GO:0061337);1/47;0.263828420693441;0.36276407845348135;4.951695616211746;6.597918062792343;CAV1
gs_ind_0;Skeletal Muscle Tissue Development (GO:0007519);1/47;0.263828420693441;0.36276407845348135;4.951695616211746;6.597918062792343;CAV1
gs_ind_0;Cellular Component Disassembly (GO:0022411);1/47;0.263828420693441;0.36276407845348135;4.951695616211746;6.597918062792343;ADAM8
gs_ind_0;Positive Regulation of miRNA Transcription (GO:1902895);1/48;0.26861795895089574;0.36611383892055754;4.847125506072874;6.3713774866128725;FOSL1
gs_ind_0;Regulation of Cytokine-Mediated Signaling Pathway (GO:0001959);1/48;0.26861795895089574;0.36611383892055754;4.847125506072874;6.3713774866128725;SPHK1
gs_ind_0;Positive Regulation of Nucleocytoplasmic Transport (GO:0046824);1/48;0.26861795895089574;0.36611383892055754;4.847125506072874;6.3713774866128725;EFCAB7
gs_ind_0;Negative Regulation of Mitotic Cell Cycle Phase Transition (GO:1901991);1/48;0.26861795895089574;0.36611383892055754;4.847125506072874;6.3713774866128725;CCL2
gs_ind_0;Negative Regulation of Protein Metabolic Process (GO:0051248);2/156;0.268594513105838;0.36611383892055754;2.4914901822693967;3.275194455618082;"IGF2BP2;SERPINE1"
gs_ind_0;Negative Regulation of Cold-Induced Thermogenesis (GO:0120163);1/48;0.26861795895089574;0.36611383892055754;4.847125506072874;6.3713774866128725;ACOT11
gs_ind_0;Regulation of Cell-Cell Adhesion (GO:0022407);1/48;0.26861795895089574;0.36611383892055754;4.847125506072874;6.3713774866128725;ADAM8
gs_ind_0;Cellular Defense Response (GO:0006968);1/49;0.2733766523530211;0.3703230198253965;4.7468675654242665;6.156235120423371;FOSL1
gs_ind_0;Positive Regulation of ERK1 and ERK2 Cascade (GO:0070374);2/158;0.27340652703362606;0.3703230198253965;2.4593189756493237;3.1892337349648723;"CXCL17;GCNT2"
gs_ind_0;Regulation of MAP Kinase Activity (GO:0043405);1/49;0.2733766523530211;0.3703230198253965;4.7468675654242665;6.156235120423371;FLT1
gs_ind_0;Negative Regulation of Biosynthetic Process (GO:0009890);1/49;0.2733766523530211;0.3703230198253965;4.7468675654242665;6.156235120423371;CAV1
gs_ind_0;RNA Stabilization (GO:0043489);1/49;0.2733766523530211;0.3703230198253965;4.7468675654242665;6.156235120423371;IGF2BP2
gs_ind_0;Regulation of Protein Serine/Threonine Kinase Activity (GO:0071900);1/50;0.27810469750735395;0.3752862646660575;4.6506604506604505;5.9517181797735645;HMGA2
gs_ind_0;Cellular Response to Type II Interferon (GO:0071346);1/50;0.27810469750735395;0.3752862646660575;4.6506604506604505;5.9517181797735645;CCL2
gs_ind_0;Regulation of Exocytosis (GO:0017157);1/50;0.27810469750735395;0.3752862646660575;4.6506604506604505;5.9517181797735645;CADPS
gs_ind_0;Peptidyl-tyrosine Phosphorylation (GO:0018108);1/51;0.2828022897812104;0.37695433729710914;4.558263518659558;5.757119863139008;FLT1
gs_ind_0;Epithelial to Mesenchymal Transition (GO:0001837);1/51;0.2828022897812104;0.37695433729710914;4.558263518659558;5.757119863139008;HMGA2
gs_ind_0;Regulation of B Cell Proliferation (GO:0030888);1/51;0.2828022897812104;0.37695433729710914;4.558263518659558;5.757119863139008;CLCF1
gs_ind_0;Protein Localization to Plasma Membrane (GO:0072659);2/161;0.28062264725577196;0.37695433729710914;2.4125749183816003;3.0657660778849634;"KRT18;PREPL"
gs_ind_0;Stem Cell Differentiation (GO:0048863);1/51;0.2828022897812104;0.37695433729710914;4.558263518659558;5.757119863139008;HMGA2
gs_ind_0;Nucleosome Assembly (GO:0006334);1/51;0.2828022897812104;0.37695433729710914;4.558263518659558;5.757119863139008;PADI4
gs_ind_0;Primary Alcohol Metabolic Process (GO:0034308);1/51;0.2828022897812104;0.37695433729710914;4.558263518659558;5.757119863139008;RDH16
gs_ind_0;Cellular Response to Ketone (GO:1901655);1/51;0.2828022897812104;0.37695433729710914;4.558263518659558;5.757119863139008;GNAI1
gs_ind_0;Regulation of Trans-Synaptic Signaling (GO:0099177);1/51;0.2828022897812104;0.37695433729710914;4.558263518659558;5.757119863139008;NGF
gs_ind_0;Positive Regulation of Leukocyte Cell-Cell Adhesion (GO:1903039);1/51;0.2828022897812104;0.37695433729710914;4.558263518659558;5.757119863139008;CCL2
gs_ind_0;Amino Acid Transport (GO:0006865);1/52;0.2874696233094286;0.3813086720876586;4.469454817027633;5.571792582388293;SLC1A4
gs_ind_0;Cognition (GO:0050890);1/52;0.2874696233094286;0.3813086720876586;4.469454817027633;5.571792582388293;SLC1A4
gs_ind_0;Hexose Metabolic Process (GO:0019318);1/52;0.2874696233094286;0.3813086720876586;4.469454817027633;5.571792582388293;FBP2
gs_ind_0;Regulation of T Cell Receptor Signaling Pathway (GO:0050856);1/52;0.2874696233094286;0.3813086720876586;4.469454817027633;5.571792582388293;KCNN4
gs_ind_0;Receptor Internalization (GO:0031623);1/53;0.2921068910020622;0.38464861463270344;4.384029304029304;5.395142000864748;CAV1
gs_ind_0;Positive Regulation of B Cell Activation (GO:0050871);1/53;0.2921068910020622;0.38464861463270344;4.384029304029304;5.395142000864748;CLCF1
gs_ind_0;Monoatomic Anion Transport (GO:0006820);1/53;0.2921068910020622;0.38464861463270344;4.384029304029304;5.395142000864748;SLC5A8
gs_ind_0;Positive Regulation of Innate Immune Response (GO:0045089);1/53;0.2921068910020622;0.38464861463270344;4.384029304029304;5.395142000864748;ADAM8
gs_ind_0;Regulation of Secretion by Cell (GO:1903530);1/53;0.2921068910020622;0.38464861463270344;4.384029304029304;5.395142000864748;RHBDF2
gs_ind_0;Positive Regulation of Lymphocyte Activation (GO:0051251);1/53;0.2921068910020622;0.38464861463270344;4.384029304029304;5.395142000864748;CCL2
gs_ind_0;Regulation of Synaptic Transmission, Glutamatergic (GO:0051966);1/54;0.2967142845520253;0.3865093969822435;4.301797268152408;5.2266217696763295;CCL2
gs_ind_0;Regulation of Smooth Muscle Cell Proliferation (GO:0048660);1/54;0.2967142845520253;0.3865093969822435;4.301797268152408;5.2266217696763295;IGFBP3
gs_ind_0;Transport Along Microtubule (GO:0010970);1/54;0.2967142845520253;0.3865093969822435;4.301797268152408;5.2266217696763295;IFT122
gs_ind_0;Secondary Alcohol Metabolic Process (GO:1902652);1/54;0.2967142845520253;0.3865093969822435;4.301797268152408;5.2266217696763295;SULT2B1
gs_ind_0;Intraciliary Transport (GO:0042073);1/54;0.2967142845520253;0.3865093969822435;4.301797268152408;5.2266217696763295;IFT122
gs_ind_0;Negative Regulation of Protein Ubiquitination (GO:0031397);1/54;0.2967142845520253;0.3865093969822435;4.301797268152408;5.2266217696763295;CAV1
gs_ind_0;Positive Regulation of miRNA Metabolic Process (GO:2000630);1/54;0.2967142845520253;0.3865093969822435;4.301797268152408;5.2266217696763295;FOSL1
gs_ind_0;BMP Signaling Pathway (GO:0030509);1/54;0.2967142845520253;0.3865093969822435;4.301797268152408;5.2266217696763295;DLX5
gs_ind_0;Post-translational Protein Modification (GO:0043687);1/54;0.2967142845520253;0.3865093969822435;4.301797268152408;5.2266217696763295;PADI4
gs_ind_0;Regulation of Cellular Component Organization (GO:0051128);2/169;0.2998365020226325;0.3901098574703068;2.296110122960328;2.7657058494346667;"SPHK1;TNC"
gs_ind_0;Positive Regulation of Pattern Recognition Receptor Signaling Pathway (GO:0062208);1/55;0.3012919944426938;0.3901390986303134;4.222582921665491;5.065728869318241;TRIM15
gs_ind_0;G Protein-Coupled Rec Signaling Pathway, Coupled to Cyclic Nucleotide Second Messenger (GO:0007187);1/55;0.3012919944426938;0.3901390986303134;4.222582921665491;5.065728869318241;CCL2
gs_ind_0;Positive Regulation of RNA Biosynthetic Process (GO:1902680);5/562;0.30060744104126697;0.3901390986303134;1.5252439989448694;1.8332670977536762;"DLX5;CREB5;HAS3;HMGA2;NAA15"
gs_ind_0;Regulation of Monoatomic Cation Transmembrane Transport (GO:1904062);1/55;0.3012919944426938;0.3901390986303134;4.222582921665491;5.065728869318241;STK39
gs_ind_0;Cell Surface Receptor Protein Tyrosine Kinase Signaling Pathway (GO:0007169);3/297;0.3030853191487129;0.3919951455498199;1.831651836905217;2.186517770448007;"NGF;FLT1;ANKS1B"
gs_ind_0;Negative Regulation of Protein Modification by Small Protein Conjugation or Removal (GO:1903321);1/56;0.3058402099554547;0.3936879298362768;4.1462231462231465;4.911999477536504;CAV1
gs_ind_0;Cholesterol Transport (GO:0030301);1/56;0.3058402099554547;0.3936879298362768;4.1462231462231465;4.911999477536504;CAV1
gs_ind_0;B Cell Differentiation (GO:0030183);1/56;0.3058402099554547;0.3936879298362768;4.1462231462231465;4.911999477536504;CLCF1
gs_ind_0;Plasma Membrane Bounded Cell Projection Morphogenesis (GO:0120039);1/56;0.3058402099554547;0.3936879298362768;4.1462231462231465;4.911999477536504;NGF
gs_ind_0;Cellular Response to Fibroblast Growth Factor Stimulus (GO:0044344);1/57;0.31035911917721426;0.3976248009223368;4.0725663716814156;4.765005295873264;CCL2
gs_ind_0;Glycoprotein Biosynthetic Process (GO:0009101);2/173;0.30941683153760285;0.3976248009223368;2.2419522953518936;2.629957880702865;"ST3GAL1;GCNT2"
gs_ind_0;Protein-DNA Complex Assembly (GO:0065004);1/57;0.31035911917721426;0.3976248009223368;4.0725663716814156;4.765005295873264;PADI4
gs_ind_0;Positive Regulation of Protein Kinase Activity (GO:0045860);1/57;0.31035911917721426;0.3976248009223368;4.0725663716814156;4.765005295873264;HMGA2
gs_ind_0;Negative Regulation of Protein Phosphorylation (GO:0001933);1/58;0.3148489090078549;0.4010180841047415;4.001471571906355;4.624350277016854;IGFBP3
gs_ind_0;Regulation of Lipid Metabolic Process (GO:0019216);1/58;0.3148489090078549;0.4010180841047415;4.001471571906355;4.624350277016854;CAV1
gs_ind_0;Inorganic Anion Transport (GO:0015698);1/58;0.3148489090078549;0.4010180841047415;4.001471571906355;4.624350277016854;SLC5A8
gs_ind_0;Regulation of Tumor Necrosis Factor-Mediated Signaling Pathway (GO:0010803);1/58;0.3148489090078549;0.4010180841047415;4.001471571906355;4.624350277016854;SPHK1
gs_ind_0;Cellular Response to Interleukin-1 (GO:0071347);1/58;0.3148489090078549;0.4010180841047415;4.001471571906355;4.624350277016854;CCL2
gs_ind_0;Organic Hydroxy Compound Transport (GO:0015850);1/59;0.3193097651676497;0.4043352724041518;3.9328073635765946;4.48966770323392;SLC5A8
gs_ind_0;Regulation of Myoblast Differentiation (GO:0045661);1/59;0.3193097651676497;0.4043352724041518;3.9328073635765946;4.48966770323392;IGFBP3
gs_ind_0;Sprouting Angiogenesis (GO:0002040);1/59;0.3193097651676497;0.4043352724041518;3.9328073635765946;4.48966770323392;FLT1
gs_ind_0;Response to Interleukin-1 (GO:0070555);1/59;0.3193097651676497;0.4043352724041518;3.9328073635765946;4.48966770323392;CCL2
gs_ind_0;Proton Transmembrane Transport (GO:1902600);1/59;0.3193097651676497;0.4043352724041518;3.9328073635765946;4.48966770323392;FXYD5
gs_ind_0;Positive Regulation of Apoptotic Process (GO:0043065);3/307;0.3208619666832028;0.40582889862718685;1.7702954805319853;2.01237322363671;"IGFBP3;CCL2;SAV1"
gs_ind_0;Regulation of Cytokine Production (GO:0001817);2/178;0.321356662256268;0.40598306867410194;2.1777069970203584;2.4721409867274966;"IGF2BP2;TWSG1"
gs_ind_0;Negative Regulation of Response to External Stimulus (GO:0032102);2/179;0.3237390988389794;0.40757791772351465;2.1652922717653067;2.442054166096979;"CXCL17;SERPINE1"
gs_ind_0;Positive Regulation of Protein Localization to Membrane (GO:1905477);1/60;0.32374187220462824;0.40757791772351465;3.8664511958629606;4.360617573050441;EFCAB7
gs_ind_0;Purine Ribonucleotide Metabolic Process (GO:0009150);1/60;0.32374187220462824;0.40757791772351465;3.8664511958629606;4.360617573050441;SULT2B1
gs_ind_0;Regulation of Gene Expression (GO:0010468);9/1146;0.3253205069157101;0.40909241574042526;1.2947854380256616;1.453972066515341;"HNRNPA1;ACTA2;CDK4;MYADM;IGF2BP2;GCNT2;NGF;HMGA2;CCL2"
gs_ind_0;Cellular Response to BMP Stimulus (GO:0071773);1/61;0.32814541350190046;0.4116939577230065;3.8022886204704385;4.236884259186277;DLX5
gs_ind_0;Cellular Response to Alcohol (GO:0097306);1/61;0.32814541350190046;0.4116939577230065;3.8022886204704385;4.236884259186277;GNAI1
gs_ind_0;Negative Regulation of Intrinsic Apoptotic Signaling Pathway (GO:2001243);1/62;0.33252057128493;0.41431910998774457;3.7402126328955596;4.118174405709377;PLAUR
gs_ind_0;Mesenchymal Cell Differentiation (GO:0048762);1/62;0.33252057128493;0.41431910998774457;3.7402126328955596;4.118174405709377;HMGA2
gs_ind_0;Post-transcriptional Regulation of Gene Expression (GO:0010608);1/62;0.33252057128493;0.41431910998774457;3.7402126328955596;4.118174405709377;GCNT2
gs_ind_0;Cartilage Development (GO:0051216);1/62;0.33252057128493;0.41431910998774457;3.7402126328955596;4.118174405709377;HMGA2
gs_ind_0;Protein Homotetramerization (GO:0051289);1/62;0.33252057128493;0.41431910998774457;3.7402126328955596;4.118174405709377;KCNN4
gs_ind_0;Regulation of SMAD Protein Signal Transduction (GO:0060390);1/62;0.33252057128493;0.41431910998774457;3.7402126328955596;4.118174405709377;TWSG1
gs_ind_0;Vesicle Organization (GO:0016050);1/63;0.33686752662876834;0.41687356420310084;3.680123076923077;4.004215036603762;CAV1
gs_ind_0;Neurotransmitter Transport (GO:0006836);1/63;0.33686752662876834;0.41687356420310084;3.680123076923077;4.004215036603762;SLC29A2
gs_ind_0;Erythrocyte Differentiation (GO:0030218);1/63;0.33686752662876834;0.41687356420310084;3.680123076923077;4.004215036603762;SH2B3
gs_ind_0;Regulation of Stem Cell Population Maintenance (GO:2000036);1/63;0.33686752662876834;0.41687356420310084;3.680123076923077;4.004215036603762;HMGA2
gs_ind_0;Positive Regulation of DNA-templated Transcription Initiation (GO:2000144);1/63;0.33686752662876834;0.41687356420310084;3.680123076923077;4.004215036603762;FOSL1
gs_ind_0;Regulation of Phagocytosis (GO:0050764);1/63;0.33686752662876834;0.41687356420310084;3.680123076923077;4.004215036603762;SPHK1
gs_ind_0;Protein Transport (GO:0015031);3/317;0.33865618715934065;0.4186113369086515;1.7128409592222342;1.8546126057301562;"KRT18;PREPL;ARL4C"
gs_ind_0;Nucleosome Organization (GO:0034728);1/64;0.34118645946523973;0.4203077537982422;3.6219261053906724;3.894751851558614;PADI4
gs_ind_0;Positive Regulation of Mitotic Cell Cycle Phase Transition (GO:1901992);1/64;0.34118645946523973;0.4203077537982422;3.6219261053906724;3.894751851558614;CDK4
gs_ind_0;Antibacterial Humoral Response (GO:0019731);1/64;0.34118645946523973;0.4203077537982422;3.6219261053906724;3.894751851558614;SLPI
gs_ind_0;MRNA Stabilization (GO:0048255);1/65;0.3454775485900837;0.4241545100502832;3.5655336911150863;3.7895476878810923;IGF2BP2
gs_ind_0;Positive Regulation of Protein Modification Process (GO:0031401);1/65;0.3454775485900837;0.4241545100502832;3.5655336911150863;3.7895476878810923;PLAUR
gs_ind_0;Positive Regulation of Interleukin-8 Production (GO:0032757);1/65;0.3454775485900837;0.4241545100502832;3.5655336911150863;3.7895476878810923;SERPINE1
gs_ind_0;Canonical Wnt Signaling Pathway (GO:0060070);1/66;0.34974097167005525;0.427941481065944;3.5108631826189076;3.688381130094342;CAV1
gs_ind_0;Regulation of Viral Genome Replication (GO:0045069);1/66;0.34974097167005525;0.427941481065944;3.5108631826189076;3.688381130094342;SLPI
gs_ind_0;Regulation of Extrinsic Apoptotic Signaling Pathway (GO:2001236);1/66;0.34974097167005525;0.427941481065944;3.5108631826189076;3.688381130094342;CAV1
gs_ind_0;Regulation of miRNA Transcription (GO:1902893);1/67;0.3539769052499766;0.4307048601309771;3.457836899942163;3.591045251071337;FOSL1
gs_ind_0;Positive Regulation of Phagocytosis (GO:0050766);1/67;0.3539769052499766;0.4307048601309771;3.457836899942163;3.591045251071337;CCL2
gs_ind_0;Positive Regulation of T Cell Differentiation (GO:0045582);1/67;0.3539769052499766;0.4307048601309771;3.457836899942163;3.591045251071337;ADAM8
gs_ind_0;Response to Molecule of Bacterial Origin (GO:0002237);1/67;0.3539769052499766;0.4307048601309771;3.457836899942163;3.591045251071337;SLPI
gs_ind_0;Negative Regulation of Viral Process (GO:0048525);1/67;0.3539769052499766;0.4307048601309771;3.457836899942163;3.591045251071337;SLPI
gs_ind_0;Extracellular Matrix Organization (GO:0030198);2/192;0.35450121577742894;0.4308614106937725;2.0157616308324156;2.0904325037793448;"HAS3;ADAM8"
gs_ind_0;Protein Localization to Cilium (GO:0061512);1/68;0.3581855247597489;0.4334044849592962;3.4063817663817666;3.497346470530792;IFT122
gs_ind_0;G1/S Transition of Mitotic Cell Cycle (GO:0000082);1/68;0.3581855247597489;0.4334044849592962;3.4063817663817666;3.497346470530792;CDK4
gs_ind_0;Regulation of Transcription Initiation by RNA Polymerase II (GO:0060260);1/68;0.3581855247597489;0.4334044849592962;3.4063817663817666;3.497346470530792;CDK4
gs_ind_0;Glucose Metabolic Process (GO:0006006);1/68;0.3581855247597489;0.4334044849592962;3.4063817663817666;3.497346470530792;FBP2
gs_ind_0;Chordate Embryonic Development (GO:0043009);1/69;0.36236700452131915;0.4374918713123243;3.356428972487367;3.407103518430463;DLX5
gs_ind_0;Eye Development (GO:0001654);1/69;0.36236700452131915;0.4374918713123243;3.356428972487367;3.407103518430463;MAB21L1
gs_ind_0;Fat Cell Differentiation (GO:0045444);1/70;0.3665215177556058;0.44152868676532603;3.307913669064748;3.32014649227469;HMGA2
gs_ind_0;Cell Cycle G1/S Phase Transition (GO:0044843);1/70;0.3665215177556058;0.44152868676532603;3.307913669064748;3.32014649227469;CDK4
gs_ind_0;Monoatomic Cation Transmembrane Transport (GO:0098655);3/334;0.36884151476826843;0.4438324967764026;1.623123514407777;1.6188842833863828;"KCNN4;FXYD5;KCNQ5"
gs_ind_0;Retinoid Metabolic Process (GO:0001523);1/71;0.37064923658937976;0.4450242763460138;3.2607746863066014;3.236315998640308;RDH16
gs_ind_0;Regulation of Endocytosis (GO:0030100);1/71;0.37064923658937976;0.4450242763460138;3.2607746863066014;3.236315998640308;SPHK1
gs_ind_0;Proteoglycan Biosynthetic Process (GO:0030166);1/72;0.3747503320621001;0.44846495781937035;3.214954276492738;3.155462370345711;ST3GAL1
gs_ind_0;Sterol Metabolic Process (GO:0016125);1/72;0.3747503320621001;0.44846495781937035;3.214954276492738;3.155462370345711;SULT2B1
gs_ind_0;Positive Regulation of Phosphorylation (GO:0042327);1/72;0.3747503320621001;0.44846495781937035;3.214954276492738;3.155462370345711;PLAUR
gs_ind_0;Positive Regulation of Cell Junction Assembly (GO:1901890);1/73;0.37882497413271543;0.4503716122604008;3.170397877984085;3.077444951665431;CAV1
gs_ind_0;Negative Regulation of Apoptotic Signaling Pathway (GO:2001234);1/73;0.37882497413271543;0.4503716122604008;3.170397877984085;3.077444951665431;PLAUR
gs_ind_0;Negative Regulation of Extrinsic Apoptotic Signaling Pathway (GO:2001237);1/73;0.37882497413271543;0.4503716122604008;3.170397877984085;3.077444951665431;SERPINE1
gs_ind_0;Positive Regulation of Type I Interferon Production (GO:0032481);1/73;0.37882497413271543;0.4503716122604008;3.170397877984085;3.077444951665431;TRIM15
gs_ind_0;Positive Regulation of Intracellular Protein Transport (GO:0090316);1/73;0.37882497413271543;0.4503716122604008;3.170397877984085;3.077444951665431;EFCAB7
gs_ind_0;Extrinsic Apoptotic Signaling Pathway (GO:0097191);1/73;0.37882497413271543;0.4503716122604008;3.170397877984085;3.077444951665431;NGF
gs_ind_0;Negative Regulation of Immune Response (GO:0050777);1/74;0.3828733316864157;0.45173245742850127;3.12705389848247;3.0021314448473544;RHBDF2
gs_ind_0;Organic Cation Transport (GO:0015695);1/74;0.3828733316864157;0.45173245742850127;3.12705389848247;3.0021314448473544;SLC1A4
gs_ind_0;Sensory Organ Development (GO:0007423);1/74;0.3828733316864157;0.45173245742850127;3.12705389848247;3.0021314448473544;MAB21L1
gs_ind_0;Negative Regulation of Protein Catabolic Process (GO:0042177);1/74;0.3828733316864157;0.45173245742850127;3.12705389848247;3.0021314448473544;TIMP1
gs_ind_0;Regulation of Neuron Differentiation (GO:0045664);1/74;0.3828733316864157;0.45173245742850127;3.12705389848247;3.0021314448473544;NGF
gs_ind_0;Negative Regulation of Supramolecular Fiber Organization (GO:1902904);1/74;0.3828733316864157;0.45173245742850127;3.12705389848247;3.0021314448473544;MYADM
gs_ind_0;Cellular Response to UV (GO:0034644);1/74;0.3828733316864157;0.45173245742850127;3.12705389848247;3.0021314448473544;TIMP1
gs_ind_0;Negative Regulation of Epithelial Cell Proliferation (GO:0050680);1/75;0.3868955725413462;0.4535299015043337;3.0848735157459988;2.9293973119379184;CAV1
gs_ind_0;Regulation of Type I Interferon Production (GO:0032479);1/75;0.3868955725413462;0.4535299015043337;3.0848735157459988;2.9293973119379184;TRIM15
gs_ind_0;Regulation of Actin Filament Polymerization (GO:0030833);1/75;0.3868955725413462;0.4535299015043337;3.0848735157459988;2.9293973119379184;MYADM
gs_ind_0;Positive Regulation of Protein Transport (GO:0051222);1/75;0.3868955725413462;0.4535299015043337;3.0848735157459988;2.9293973119379184;ADAM8
gs_ind_0;Positive Regulation of Protein Localization to Nucleus (GO:1900182);1/75;0.3868955725413462;0.4535299015043337;3.0848735157459988;2.9293973119379184;EFCAB7
gs_ind_0;Negative Regulation of Cellular Response to Growth Factor Stimulus (GO:0090288);1/75;0.3868955725413462;0.4535299015043337;3.0848735157459988;2.9293973119379184;CAV1
gs_ind_0;RNA Export From Nucleus (GO:0006405);1/76;0.39089186345527693;0.4567395271489234;3.0438104941416197;2.8591252265774094;HNRNPA1
gs_ind_0;Cholesterol Metabolic Process (GO:0008203);1/76;0.39089186345527693;0.4567395271489234;3.0438104941416197;2.8591252265774094;SULT2B1
gs_ind_0;Positive Regulation of Cytoskeleton Organization (GO:0051495);1/76;0.39089186345527693;0.4567395271489234;3.0438104941416197;2.8591252265774094;NES
gs_ind_0;Response to Type II Interferon (GO:0034341);1/77;0.39486237013223463;0.46088437414148287;3.0038210155857215;2.791204571004562;CCL2
gs_ind_0;Monoatomic Cation Homeostasis (GO:0055080);1/78;0.39880725722909016;0.46300757262524433;2.964863523573201;2.7255309740179987;CAV1
gs_ind_0;Regulation of Plasma Membrane Bounded Cell Projection Assembly (GO:0120032);1/78;0.39880725722909016;0.46300757262524433;2.964863523573201;2.7255309740179987;CAV1
gs_ind_0;Positive Regulation of Lymphocyte Proliferation (GO:0050671);1/78;0.39880725722909016;0.46300757262524433;2.964863523573201;2.7255309740179987;CLCF1
gs_ind_0;Cell Junction Organization (GO:0034330);1/78;0.39880725722909016;0.46300757262524433;2.964863523573201;2.7255309740179987;CLDN1
gs_ind_0;Negative Regulation of Cytokine-Mediated Signaling Pathway (GO:0001960);1/78;0.39880725722909016;0.46300757262524433;2.964863523573201;2.7255309740179987;SH2B3
gs_ind_0;Transforming Growth Factor Beta Receptor Signaling Pathway (GO:0007179);1/79;0.40272668836211;0.4660673364785736;2.9268985791278785;2.662005886090181;GCNT2
gs_ind_0;Regulation of Smoothened Signaling Pathway (GO:0008589);1/79;0.40272668836211;0.4660673364785736;2.9268985791278785;2.662005886090181;IFT122
gs_ind_0;Positive Regulation of Organelle Organization (GO:0010638);1/79;0.40272668836211;0.4660673364785736;2.9268985791278785;2.662005886090181;PLAUR
gs_ind_0;Neuron Projection Development (GO:0031175);2/214;0.405383306706379;0.4686437590268012;1.804388905821396;1.6292228422750783;"NGF;BLOC1S5"
gs_ind_0;Cellular Response to Hypoxia (GO:0071456);1/81;0.4104898320376691;0.4715436994609933;2.853798375537506;2.5410338315064323;ADAM8
gs_ind_0;Protein Deubiquitination (GO:0016579);1/81;0.4104898320376691;0.4715436994609933;2.853798375537506;2.5410338315064323;OTUD1
gs_ind_0;Proteinogenic Amino Acid Catabolic Process (GO:0170040);1/81;0.4104898320376691;0.4715436994609933;2.853798375537506;2.5410338315064323;MCCC1
gs_ind_0;Gland Development (GO:0048732);1/81;0.4104898320376691;0.4715436994609933;2.853798375537506;2.5410338315064323;CAV1
gs_ind_0;Protein N-linked Glycosylation (GO:0006487);1/81;0.4104898320376691;0.4715436994609933;2.853798375537506;2.5410338315064323;ST3GAL1
gs_ind_0;Lymphocyte Differentiation (GO:0030098);1/81;0.4104898320376691;0.4715436994609933;2.853798375537506;2.5410338315064323;CLCF1
gs_ind_0;Positive Regulation of Canonical NF-kappaB Signal Transduction (GO:0043123);2/218;0.41443904979704727;0.4745784702723285;1.7705728200648565;1.5595725245343581;"CAV1;GOLT1B"
gs_ind_0;Regulation of G Protein-Coupled Receptor Signaling Pathway (GO:0008277);1/82;0.41433386666807076;0.4745784702723285;2.8185936762623878;2.4834155045752744;GNAI1
gs_ind_0;Cellular Response to Decreased Oxygen Levels (GO:0036294);1/82;0.41433386666807076;0.4745784702723285;2.8185936762623878;2.4834155045752744;ADAM8
gs_ind_0;Monocarboxylic Acid Transport (GO:0015718);1/83;0.4181530895231761;0.47632710720788574;2.784242424242424;2.4276023265891036;SLC5A8
gs_ind_0;L-amino Acid Catabolic Process (GO:0170035);1/83;0.4181530895231761;0.47632710720788574;2.784242424242424;2.4276023265891036;MCCC1
gs_ind_0;Neuropeptide Signaling Pathway (GO:0007218);1/83;0.4181530895231761;0.47632710720788574;2.784242424242424;2.4276023265891036;GNAI1
gs_ind_0;Wound Healing (GO:0042060);1/83;0.4181530895231761;0.47632710720788574;2.784242424242424;2.4276023265891036;CLDN1
gs_ind_0;Regulation of T Cell Activation (GO:0050863);1/83;0.4181530895231761;0.47632710720788574;2.784242424242424;2.4276023265891036;CCL2
gs_ind_0;Endocytic Recycling (GO:0032456);1/84;0.42194765911302956;0.4801473362320681;2.7507139567019805;2.3735195634126134;ARL4C
gs_ind_0;Positive Regulation of Endocytosis (GO:0045807);1/85;0.42571773294551474;0.48292355331006825;2.7179790623577604;2.321096365046252;SERPINE1
gs_ind_0;Regulation of Endothelial Cell Proliferation (GO:0001936);1/85;0.42571773294551474;0.48292355331006825;2.7179790623577604;2.321096365046252;CAV1
gs_ind_0;Regulation of Interleukin-8 Production (GO:0032677);1/85;0.42571773294551474;0.48292355331006825;2.7179790623577604;2.321096365046252;SERPINE1
gs_ind_0;Pos Reg Transmembrane Rec Protein Serine/Threonine Kinase Signaling Pathway (GO:0090100);1/86;0.42946346753262543;0.48615978809046684;2.6860098965362122;2.2702655224743555;TWSG1
gs_ind_0;Positive Regulation of Protein Secretion (GO:0050714);1/86;0.42946346753262543;0.48615978809046684;2.6860098965362122;2.2702655224743555;ADAM8
gs_ind_0;Protein Tetramerization (GO:0051262);1/87;0.43318501839669676;0.48834211701242525;2.654779902178746;2.2209632422938266;KCNN4
gs_ind_0;Establishment of Protein Localization to Organelle (GO:0072594);1/87;0.43318501839669676;0.48834211701242525;2.654779902178746;2.2209632422938266;IFT122
gs_ind_0;Sphingolipid Biosynthetic Process (GO:0030148);1/87;0.43318501839669676;0.48834211701242525;2.654779902178746;2.2209632422938266;SPHK1
gs_ind_0;Wnt Signaling Pathway (GO:0016055);1/87;0.43318501839669676;0.48834211701242525;2.654779902178746;2.2209632422938266;CAV1
gs_ind_0;Defense Response to Gram-negative Bacterium (GO:0050829);1/88;0.43688254007659577;0.4909856410148739;2.624263736263736;2.1731289376389373;SERPINE1
gs_ind_0;Positive Regulation of Synaptic Transmission (GO:0050806);1/88;0.43688254007659577;0.4909856410148739;2.624263736263736;2.1731289376389373;CCL2
gs_ind_0;Protein O-linked Glycosylation (GO:0006493);1/88;0.43688254007659577;0.4909856410148739;2.624263736263736;2.1731289376389373;ST3GAL1
gs_ind_0;Regulation of ERK1 and ERK2 Cascade (GO:0070372);2/229;0.43898702058417066;0.4923345678848217;1.6837100723111085;1.3861739746015698;"CXCL17;GCNT2"
gs_ind_0;Protein Metabolic Process (GO:0019538);5/669;0.43873950597639894;0.4923345678848217;1.2701721772230337;1.0464306146688382;"PADI4;CAPN13;ST3GAL1;NAA15;ADAM8"
gs_ind_0;Cellular Response to Hormone Stimulus (GO:0032870);1/90;0.44420610915890124;0.4956357099119298;2.565277180919639;2.0816367891128773;CAV1
gs_ind_0;Regulation of Vesicle-Mediated Transport (GO:0060627);1/90;0.44420610915890124;0.4956357099119298;2.565277180919639;2.0816367891128773;SPHK1
gs_ind_0;Chloride Transport (GO:0006821);1/90;0.44420610915890124;0.4956357099119298;2.565277180919639;2.0816367891128773;SLC5A8
gs_ind_0;Positive Regulation of Cellular Component Biogenesis (GO:0044089);1/90;0.44420610915890124;0.4956357099119298;2.565277180919639;2.0816367891128773;HAS3
gs_ind_0;Positive Regulation of Cell Adhesion (GO:0045785);1/90;0.44420610915890124;0.4956357099119298;2.565277180919639;2.0816367891128773;ADAM8
gs_ind_0;Intracellular Monoatomic Cation Homeostasis (GO:0030003);2/234;0.4499630620038325;0.5015453168087755;1.6469441194495515;1.315232748648856;"CAV1;FXYD5"
gs_ind_0;Regulation of Protein Metabolic Process (GO:0051246);1/92;0.451435391654053;0.5021584693679916;2.508869272803699;1.995361470464074;PLAUR
gs_ind_0;Cholesterol Homeostasis (GO:0042632);1/92;0.451435391654053;0.5021584693679916;2.508869272803699;1.995361470464074;CAV1
gs_ind_0;Sterol Homeostasis (GO:0055092);1/93;0.45501505150342675;0.5040807640765328;2.4815800415800418;1.954057619164624;CAV1
gs_ind_0;Adenylate Cyclase-Inhibiting G Protein-Coupled Receptor Signaling Pathway (GO:0007193);1/93;0.45501505150342675;0.5040807640765328;2.4815800415800418;1.954057619164624;GNAI1
gs_ind_0;Cellular Response to Tumor Necrosis Factor (GO:0071356);1/93;0.45501505150342675;0.5040807640765328;2.4815800415800418;1.954057619164624;CCL2
gs_ind_0;Negative Regulation of Gene Expression (GO:0010629);3/383;0.45407464163542904;0.5040807640765328;1.4093814284043453;1.1126977382789933;"IGF2BP2;TWSG1;MYADM"
gs_ind_0;Negative Regulation of Angiogenesis (GO:0016525);1/94;0.4585715890910052;0.5075045330488869;2.4548745372274783;1.9139155902395388;SERPINE1
gs_ind_0;Regulation of Organelle Organization (GO:0033043);1/98;0.4725694593250453;0.5219352344878035;2.3535305719921102;1.7641371793771428;S100A9
gs_ind_0;Response to Calcium Ion (GO:0051592);1/98;0.4725694593250453;0.5219352344878035;2.3535305719921102;1.7641371793771428;CAV1
gs_ind_0;Positive Regulation of Neuron Projection Development (GO:0010976);1/99;0.47601258435742877;0.525205374230233;2.3294806716126515;1.7291990974145934;S100A9
gs_ind_0;Calcium-mediated Signaling (GO:0019722);1/100;0.47943346016403543;0.5279100486538266;2.3059141863161963;1.695193191081559;SPHK1
gs_ind_0;Sodium Ion Transmembrane Transport (GO:0035725);1/100;0.47943346016403543;0.5279100486538266;2.3059141863161963;1.695193191081559;FXYD5
gs_ind_0;Cellular Response to Transforming Growth Factor Beta Stimulus (GO:0071560);1/101;0.48283222904504325;0.5305795130474794;2.2828166858017602;1.6620869552043107;GCNT2
gs_ind_0;Positive Regulation of Proteasomal Protein Catabolic Process (GO:1901800);1/101;0.48283222904504325;0.5305795130474794;2.2828166858017602;1.6620869552043107;CAV1
gs_ind_0;Positive Regulation of Tumor Necrosis Factor Superfamily Cytokine Production (GO:1903557);1/102;0.48620903239993574;0.5337516494793649;2.2601743084501704;1.6298493025197651;ADAM8
gs_ind_0;B Cell Activation (GO:0042113);1/103;0.48956401073314554;0.5368934619218484;2.2379737335834897;1.5984504892219127;CLCF1
gs_ind_0;Positive Regulation of Programmed Cell Death (GO:0043068);2/253;0.49055168235507;0.5374353944513796;1.520565724822052;1.0829843742096745;"IGFBP3;SAV1"
gs_ind_0;Cellular Response to Peptide Hormone Stimulus (GO:0071375);1/104;0.4928973036596561;0.5389208470736602;2.21620215533259;1.5678620450773006;CAV1
gs_ind_0;Sensory Perception of Mechanical Stimulus (GO:0050954);1/104;0.4928973036596561;0.5389208470736602;2.21620215533259;1.5678620450773006;TMC7
gs_ind_0;Inorganic Cation Import Across Plasma Membrane (GO:0098659);1/105;0.4962090499105798;0.5409125679205419;2.1948472580051526;1.5380567077890575;FXYD5
gs_ind_0;Positive Regulation of Immune Response (GO:0050778);1/105;0.4962090499105798;0.5409125679205419;2.1948472580051526;1.5380567077890575;ADAM8
gs_ind_0;Positive Regulation of Cellular Component Organization (GO:0051130);1/105;0.4962090499105798;0.5409125679205419;2.1948472580051526;1.5380567077890575;HAS3
gs_ind_0;Sodium Ion Transport (GO:0006814);1/106;0.49949938733868765;0.5439548328118309;2.1738971928545388;1.5090083613143717;SLC5A8
gs_ind_0;Negative Regulation of Translation (GO:0017148);1/107;0.5027684529239198;0.5469678773567919;2.1533405561574575;1.4806919778631493;IGF2BP2
gs_ind_0;Calcium Ion Homeostasis (GO:0055074);1/108;0.5060163827788445;0.5499519369722172;2.1331663685152056;1.4530835633268795;CAV1
gs_ind_0;Regulation of RNA Splicing (GO:0043484);1/109;0.5092433121541067;0.5529072452002215;2.113364055299539;1.426160105905671;HNRNPA1
gs_ind_0;Cellular Response to Chemical Stress (GO:0062197);1/112;0.5187994370925267;0.5627217001929897;2.0560883063125215;1.3492830961147873;CAV1
gs_ind_0;Positive Regulation of Cell Projection Organization (GO:0031346);1/115;0.5281713451193008;0.571180332507367;2.0018139066174;1.2778269405268854;S100A9
gs_ind_0;Regulation of Primary Metabolic Process (GO:0080090);1/115;0.5281713451193008;0.571180332507367;2.0018139066174;1.2778269405268854;HNRNPA1
gs_ind_0;Positive Regulation of Protein Phosphorylation (GO:0001934);1/115;0.5281713451193008;0.571180332507367;2.0018139066174;1.2778269405268854;PLAUR
gs_ind_0;Positive Regulation of Epithelial Cell Proliferation (GO:0050679);1/117;0.5343186797746615;0.5772550022565539;1.967183889072301;1.2329577599747457;CLDN1
gs_ind_0;Positive Regulation of T Cell Activation (GO:0050870);1/118;0.5373625515402907;0.57996810567629;1.9503109656301145;1.2113035612447158;CCL2
gs_ind_0;Plasma Membrane Bounded Cell Projection Assembly (GO:0120031);2/277;0.5390968485154324;0.5812638297359464;1.38584580085196;0.8562587452287652;"IFT122;FXYD5"
gs_ind_0;Heterochromatin Organization (GO:0070828);1/120;0.5433913385671636;0.5853147059343631;1.9174122948181525;1.1694786937489279;HMGA2
gs_ind_0;Negative Regulation of Canonical Wnt Signaling Pathway (GO:0090090);1/122;0.5493423537207847;0.5905565875636076;1.88559670781893;1.1295354761289742;CAV1
gs_ind_0;Protein Complex Oligomerization (GO:0051259);1/122;0.5493423537207847;0.5905565875636076;1.88559670781893;1.1295354761289742;CLDN1
gs_ind_0;Organelle Organization (GO:0006996);3/442;0.5499514819814294;0.5906283667433695;1.2152612738178201;0.7266353635643571;"CAV1;KRT16;CCL2"
gs_ind_0;Positive Regulation of Protein Catabolic Process (GO:0045732);1/125;0.5581252230567291;0.5988161260185004;1.8397899289465554;1.0729138394226498;ADAM8
gs_ind_0;Regulation of Transforming Growth Factor Beta Receptor Signaling Pathway (GO:0017015);1/126;0.5610150280711059;0.600142795254847;1.8250076616610482;1.054868272606377;TWSG1
gs_ind_0;Protein-containing Complex Organization (GO:0043933);1/126;0.5610150280711059;0.600142795254847;1.8250076616610482;1.054868272606377;RBPMS
gs_ind_0;Regulation of G1/S Transition of Mitotic Cell Cycle (GO:2000045);1/126;0.5610150280711059;0.600142795254847;1.8250076616610482;1.054868272606377;CCL2
gs_ind_0;Regulation of Cell Motility (GO:2000145);1/127;0.5638861257252066;0.6026221696906281;1.81045910611128;1.037217367474663;TNC
gs_ind_0;Gene Expression (GO:0010467);2/294;0.5715351961950675;0.6101978712317927;1.3037952260750187;0.729381135933066;"NAA15;RBPMS"
gs_ind_0;Heterochromatin Formation (GO:0031507);1/131;0.5751858286257657;0.6134939935097541;1.7544945475979958;0.970344456789539;HMGA2
gs_ind_0;Epithelial Cell Differentiation (GO:0030855);1/134;0.5834699765368377;0.6217209436874915;1.7147219821377124;0.923827529244639;KRT17
gs_ind_0;Regulation of Canonical NF-kappaB Signal Transduction (GO:0043122);2/301;0.584410738207184;0.6221146568011958;1.2727170500056224;0.6836415218764582;"CAV1;GOLT1B"
gs_ind_0;Fatty Acid Metabolic Process (GO:0006631);1/135;0.5861956671284104;0.6234053530301161;1.7018587360594795;0.9089655457027278;ACOT11
gs_ind_0;Lipid Biosynthetic Process (GO:0008610);1/137;0.591594194828059;0.6285327591880548;1.676697661313046;0.8801562151926275;SPHK1
gs_ind_0;Regulation of Cytoskeleton Organization (GO:0051493);1/139;0.5969230022418403;0.6335761690461638;1.6522632602054985;0.8525135627358805;S100A9
gs_ind_0;Regulation of Response to External Stimulus (GO:0032101);1/141;0.6021829806214237;0.638536773025054;1.6285245004106215;0.8259777338715467;CAV1
gs_ind_0;Modulation of Chemical Synaptic Transmission (GO:0050804);1/144;0.6099458156501629;0.6461390984854353;1.5941570624497454;0.7881275825288019;NGF
gs_ind_0;Intracellular Calcium Ion Homeostasis (GO:0006874);1/145;0.6124999590462799;0.6482142423725935;1.5830183657173276;0.7760057396163456;CAV1
gs_ind_0;Protein Homooligomerization (GO:0051260);1/146;0.6150375470191141;0.6496371374430797;1.5720327782183452;0.7641210552265437;KCNN4
gs_ind_0;Negative Regulation of Gene Expression, Epigenetic (GO:0045814);1/146;0.6150375470191141;0.6496371374430797;1.5720327782183452;0.7641210552265437;HMGA2
gs_ind_0;Negative Regulation of Defense Response (GO:0031348);1/148;0.6200634808590588;0.6543111731158091;1.5505084745762712;0.741039814430136;CXCL17
gs_ind_0;Negative Regulation of Wnt Signaling Pathway (GO:0030178);1/149;0.6225520371266573;0.656301227909903;1.53996373996374;0.729832028304633;CAV1
gs_ind_0;RNA Biosynthetic Process (GO:0032774);1/151;0.6274808493579053;0.6608574902811981;1.5192946588295426;0.7080553149384352;RBPMS
gs_ind_0;Plasma Membrane Bounded Cell Projection Organization (GO:0120036);1/153;0.6323459481511997;0.6653379106634362;1.4991677175283733;0.6870965218446111;BLOC1S5
gs_ind_0;Regulation of Cell Cycle (GO:0051726);2/329;0.633079745362148;0.6654670296326053;1.161689672902741;0.5310767552756254;"HMGA2;CDK4"
gs_ind_0;Regulation of Cell Cycle Process (GO:0010564);1/158;0.644235273380287;0.6765402244080352;1.451086691086691;0.6380301765796548;HMGA2
gs_ind_0;Protein-containing Complex Assembly (GO:0065003);2/339;0.6493658228268834;0.6812710800177997;1.1265016311648437;0.4863772735827885;"RBPMS;CLDN1"
gs_ind_0;Adenylate Cyclase-Activating G Protein-Coupled Receptor Signaling Pathway (GO:0007189);1/163;0.6557439147840987;0.6873004073146135;1.40596449704142;0.5932958440083537;GNAI1
gs_ind_0;Cellular Response to Nitrogen Compound (GO:1901699);1/166;0.662471407333789;0.6930176393722346;1.3801998605623984;0.5683357736553533;CAV1
gs_ind_0;Neuron Projection Morphogenesis (GO:0048812);1/166;0.662471407333789;0.6930176393722346;1.3801998605623984;0.5683357736553533;NGF
gs_ind_0;Skeletal System Development (GO:0001501);1/169;0.6690687459728706;0.699247470599286;1.355352659210226;0.5446734924621511;DLX5
gs_ind_0;Protein Localization to Organelle (GO:0033365);1/171;0.6733958968573427;0.7024215820667109;1.3392736295962102;0.5295780769584603;IFT122
gs_ind_0;Regulation of Macromolecule Biosynthetic Process (GO:0010556);1/171;0.6733958968573427;0.7024215820667109;1.3392736295962102;0.5295780769584603;CDK4
gs_ind_0;Nervous System Development (GO:0007399);3/531;0.6744323602656755;0.702829512276862;1.0044381262785618;0.39563199610048566;"IGF2BP2;DLX5;NES"
gs_ind_0;Brain Development (GO:0007420);1/172;0.6755384232719608;0.7033091232726245;1.3313747477012783;0.5222254100620893;NES
gs_ind_0;Actin Filament Organization (GO:0007015);1/173;0.6776670371773932;0.7048513882389504;1.323567447045708;0.5149990444234572;ACTN1
gs_ind_0;Proteolysis (GO:0006508);2/358;0.678743071629841;0.7052969513405505;1.06508295242317;0.4127330804364761;"ADAM8;CAPN13"
gs_ind_0;Chromatin Organization (GO:0006325);2/362;0.6846697219630679;0.7107772423429751;1.052977657686144;0.3988876429066656;"PADI4;HMGA2"
gs_ind_0;Neuron Development (GO:0048666);1/177;0.6860441475099246;0.7115257872745789;1.2932229243843976;0.4873035956471466;BLOC1S5
gs_ind_0;Regulation of Neuron Projection Development (GO:0010975);1/179;0.69015152557998;0.7151046730319679;1.2785606550312432;0.4741466795147271;S100A9
gs_ind_0;Heart Development (GO:0007507);1/180;0.6921852239587332;0.7165301415314262;1.2713520462824084;0.4677325721333619;IFT122
gs_ind_0;Membrane Organization (GO:0061024);1/190;0.7118093400300511;0.7361447020823606;1.2034503754820378;0.4091071596729308;MYADM
gs_ind_0;Negative Regulation of Macromolecule Biosynthetic Process (GO:0010558);1/194;0.7193075767719206;0.7431935019967946;1.1782548201152852;0.3881951719473622;MYADM
gs_ind_0;Protein Localization to Membrane (GO:0072657);1/199;0.7284093324195123;0.7518841355496199;1.1481883355938771;0.36385183466923815;CAV1
gs_ind_0;Negative Regulation of Cytokine Production (GO:0001818);1/200;0.7301943156817274;0.7530128880467813;1.1423558897243107;0.3592076343996623;TWSG1
gs_ind_0;RNA Splicing, via Transesterification Reactions With Bulged Adenosine as Nucleophile (GO:0000377);1/203;0.7354798886851253;0.7577460726377497;1.125204178537512;0.3456988236246789;HNRNPA1
gs_ind_0;Regulation of Programmed Cell Death (GO:0043067);1/204;0.7372188684200727;0.7588197993473149;1.1195993195993197;0.3413327582431112;ACTN1
gs_ind_0;Regulation of Translation (GO:0006417);1/205;0.738946531837142;0.759879861350942;1.1140492759074667;0.3370330073724139;IGF2BP2
gs_ind_0;Defense Response to Virus (GO:0051607);1/207;0.7423682007972452;0.762678274215283;1.1031104488731607;0.3286275581563315;TRIM15
gs_ind_0;Positive Regulation of DNA-templated Transcription (GO:0045893);7/1304;0.7520749130864955;0.7719223188983917;0.8664518778230519;0.24686889849487204;"EFCAB7;DLX5;CREB5;HAS3;HMGA2;FOSL1;NAA15"
gs_ind_0;Transcription by RNA Polymerase II (GO:0006366);1/217;0.7588218913307182;0.7781139733137026;1.0514478593000534;0.2901871930421219;SNAPC1
gs_ind_0;Protein Maturation (GO:0051604);1/221;0.765108205433704;0.7838220467707465;1.0320948892377464;0.2763310319270165;NAA15
gs_ind_0;Protein Stabilization (GO:0050821);1/222;0.7666542727228096;0.7846677659728757;1.0273658621288417;0.27299097047852866;SAV1
gs_ind_0;Modification-dependent Protein Catabolic Process (GO:0019941);1/224;0.7697162529151274;0.7870619712906796;1.0180347616589227;0.2664536330663585;NTAN1
gs_ind_0;Negative Regulation of Cell Differentiation (GO:0045596);1/225;0.7712322953183464;0.7878723917464157;1.0134315573068358;0.26325471719979743;CAV1
gs_ind_0;Regulation of Canonical Wnt Signaling Pathway (GO:0060828);1/228;0.7757214001056689;0.7917156557779508;0.9998647506339814;0.2539274955662273;CAV1
gs_ind_0;Adenylate Cyclase-Modulating G Protein-Coupled Receptor Signaling Pathway (GO:0007188);1/238;0.7900646061177681;0.8055995843279489;0.9571174089068826;0.2255356793195002;GNAI1
gs_ind_0;MRNA Splicing, via Spliceosome (GO:0000398);1/242;0.7955442289951884;0.8104281247668477;0.9410097149227584;0.21523605465258744;HNRNPA1
gs_ind_0;Positive Regulation of Developmental Process (GO:0051094);1/248;0.8034992904192029;0.8170034801741474;0.9178243978243978;0.20080068274579493;FST
gs_ind_0;Cilium Organization (GO:0044782);1/248;0.8034992904192029;0.8170034801741474;0.9178243978243978;0.20080068274579493;IFT122
gs_ind_0;Translation (GO:0006412);1/251;0.807361148796202;0.8201644505961418;0.9066482419775833;0.1940083902419915;EEF1G
gs_ind_0;Cilium Assembly (GO:0060271);1/258;0.8160824443785044;0.8282514277056768;0.8815832710978342;0.17917289087346794;IFT122
gs_ind_0;Chemical Synaptic Transmission (GO:0007268);1/268;0.8278675192226681;0.8394299147425378;0.8480517613227894;0.16019879113450344;SLC1A4
gs_ind_0;Apoptotic Process (GO:0006915);1/276;0.8367547550469875;0.8476520262755064;0.8229791986597794;0.14667485550787043;NGF
gs_ind_0;MRNA Processing (GO:0006397);1/277;0.8378332257228264;0.8479557461079535;0.8199471414661288;0.14507834203565773;HNRNPA1
gs_ind_0;Positive Regulation of Signal Transduction (GO:0009967);1/283;0.8441575320432387;0.8535631869963668;0.8022055820285908;0.13590658319136115;CCL2
gs_ind_0;Chromatin Remodeling (GO:0006338);1/290;0.8512278820994648;0.8599138808963981;0.7824365617111732;0.12603128583389417;PADI4
gs_ind_0;Central Nervous System Development (GO:0007417);1/294;0.8551245446416393;0.863049702608661;0.7715633599790329;0.12075595747772105;NES
gs_ind_0;Intracellular Protein Transport (GO:0006886);1/301;0.861702121250941;0.8688829722613656;0.7532317931652375;0.11211526458203926;ARL4C
gs_ind_0;RNA Processing (GO:0006396);1/319;0.8772894430952551;0.8837818719063208;0.7097935032000966;0.0929249611490246;RBPMS
gs_ind_0;DNA Repair (GO:0006281);1/325;0.8820883713891639;0.8877950429231048;0.6963849709612422;0.08737057106294872;HMGA2
gs_ind_0;Negative Regulation of Transcription by RNA Polymerase II (GO:0000122);3/802;0.8984786458019112;0.9034563668312846;0.6515492339780425;0.06974986982189676;"CAV1;FST;HMGA2"
gs_ind_0;Organelle Assembly (GO:0070925);1/359;0.9059743034613178;0.9101531517245157;0.6288810213496406;0.062098438855332;IFT122
gs_ind_0;Negative Regulation of RNA Biosynthetic Process (GO:1902679);1/492;0.9614091657890904;0.9649535313772529;0.4545426089678379;0.017888610636390495;HMGA2
gs_ind_0;Regulation of RNA Biosynthetic Process (GO:2001141);1/503;0.9641624443900664;0.9659364323282266;0.4442556448526598;0.016213326462296913;HMGA2
gs_ind_0;Ubiquitin-dependent Protein Catabolic Process (GO:0006511);1/502;0.9639203988731971;0.9659364323282266;0.44517217578035123;0.016358546763885592;NTAN1
gs_ind_0;Positive Regulation of Transcription by RNA Polymerase II (GO:0045944);3/1019;0.9652424189418718;0.9661295902828111;0.5046342675693981;0.017851940765938316;"EFCAB7;DLX5;HMGA2"
gs_ind_0;Negative Regulation of DNA-templated Transcription (GO:0045892);3/1074;0.9739043646531103;0.9739043646531103;0.47685023441718194;0.01260895420077427;"CAV1;FST;HMGA2"
