Gene_set;Term;Overlap;P-value;Adjusted P-value;Odds Ratio;Combined Score;Genes
gs_ind_0;Nuclear Chromosome Segregation (GO:0098813);3/19;0.00030803859737893495;0.23540850236183206;30.422647527910687;245.97578991524534;"TOP2A;INCENP;TRAPPC12"
gs_ind_0;Regulation of Cell Differentiation (GO:0045595);7/198;0.0005152319824166648;0.23540850236183206;5.772378317290831;43.702060370324105;"SINHCAF;CCN1;PRKACA;CDK5RAP3;SMARCA2;SMAD3;BRD7"
gs_ind_0;Regulation of Cell Development (GO:0060284);4/55;0.0006141091365960837;0.23540850236183206;12.623469818488815;93.35482476193107;"BRPF3;CX3CL1;BHLHE41;MEAF6"
gs_ind_0;Wound Healing (GO:0042060);4/83;0.0028441738770723537;0.24163794121989032;8.16215477167077;47.850490577996126;"CHMP2B;EVPL;SMAD3;DCBLD2"
gs_ind_0;Negative Regulation of Signal Transduction (GO:0009968);8/316;0.0018181846554686698;0.24163794121989032;4.069349991448328;25.677259541293402;"PRKACA;SH2B3;IFT122;TMBIM1;CX3CL1;SMAD3;MAPKAP1;SERPINE1"
gs_ind_0;Regulation of Mitotic Metaphase/Anaphase Transition (GO:0030071);3/52;0.005932013492302677;0.24163794121989032;10.118553960659224;51.88178838182835;"BRD7;SMARCA2;DLGAP5"
gs_ind_0;Microtubule Anchoring at Centrosome (GO:0034454);2/11;0.0026208305405915388;0.24163794121989032;37.40209528560738;222.32792895035655;"KIF3A;NIN"
gs_ind_0;Microtubule Anchoring at Microtubule Organizing Center (GO:0072393);2/13;0.0036826260349516944;0.24163794121989032;30.89326189985576;173.12983062776127;"KIF3A;NIN"
gs_ind_0;G Protein-Coupled Dopamine Receptor Signaling Pathway (GO:0007212);2/16;0.005587693625715125;0.24163794121989032;24.496649779375716;127.06874409718843;"ADCY6;GNAL"
gs_ind_0;Regulation of Double-Strand Break Repair (GO:2000779);4/93;0.004282148365310118;0.24163794121989032;7.245324265241681;39.510930009480994;"BRD7;SMARCA2;RUVBL1;MEAF6"
gs_ind_0;Regulation of Hemopoiesis (GO:1903706);2/17;0.006303598466605834;0.24163794121989032;22.914691943127963;116.10037158527642;"BRPF3;MEAF6"
gs_ind_0;Positive Regulation of Cytokinesis (GO:0032467);3/41;0.0030267265741841776;0.24163794121989032;13.019138755980862;75.51456658671167;"RACGAP1;PKP4;INCENP"
gs_ind_0;Positive Regulation of Cellular Component Biogenesis (GO:0044089);4/90;0.0038084746756459104;0.24163794121989032;7.498115104297562;41.76844902053307;"BCL2L11;CX3CL1;BMP7;SMAD3"
gs_ind_0;Positive Regulation of Double-Strand Break Repair (GO:2000781);4/97;0.00497349991870888;0.24163794121989032;6.9335038363171355;36.77274919716076;"BRD7;SMARCA2;RUVBL1;MEAF6"
gs_ind_0;Positive Regulation of Mitotic Sister Chromatid Separation (GO:1901970);2/17;0.006303598466605834;0.24163794121989032;22.914691943127963;116.10037158527642;"INCENP;DLGAP5"
gs_ind_0;G Protein-Coupled Serotonin Receptor Signaling Pathway (GO:0098664);2/15;0.0049118312640412855;0.24163794121989032;26.312971739512022;139.88261115933298;"ADCY6;PLCB3"
gs_ind_0;Defense Response to Gram-positive Bacterium (GO:0050830);4/100;0.0055386166385969215;0.24163794121989032;6.716602838477135;34.89953896459501;"MR1;LCE3C;ANG;RNASE4"
gs_ind_0;Regulation of Superoxide Metabolic Process (GO:0090322);2/7;0.0010193775125915561;0.24163794121989032;64.62085308056872;445.14482529801944;"GCH1;BMP7"
gs_ind_0;Primary miRNA Processing (GO:0031053);2/14;0.004276607813329557;0.24163794121989032;28.41990521327014;155.01907715723465;"SRSF3;SMAD3"
gs_ind_0;Regulation of Cellular Response to Oxidative Stress (GO:1900407);2/11;0.0026208305405915388;0.24163794121989032;37.40209528560738;222.32792895035655;"GCH1;BMP7"
gs_ind_0;Centromeric Sister Chromatid Cohesion (GO:0070601);2/10;0.002154254524903522;0.24163794121989032;41.80512963479231;256.69647826440024;"BUB1B;SGO1"
gs_ind_0;Mitotic Spindle Midzone Assembly (GO:0051256);2/11;0.0026208305405915388;0.24163794121989032;37.40209528560738;222.32792895035655;"RACGAP1;INCENP"
gs_ind_0;Adenylate Cyclase-Activating Dopamine Receptor Signaling Pathway (GO:0007191);2/8;0.0013528893688926932;0.24163794121989032;54.67553773240977;361.1599588926298;"ADCY6;GNAL"
gs_ind_0;Mitotic Spindle Elongation (GO:0000022);2/11;0.0026208305405915388;0.24163794121989032;37.40209528560738;222.32792895035655;"RACGAP1;INCENP"
gs_ind_0;Regulation of Plasminogen Activation (GO:0010755);2/17;0.006303598466605834;0.24163794121989032;22.914691943127963;116.10037158527642;"PLAUR;SERPINE1"
gs_ind_0;Regulation of Fibrinolysis (GO:0051917);2/17;0.006303598466605834;0.24163794121989032;22.914691943127963;116.10037158527642;"PLAUR;SERPINE1"
gs_ind_0;Regulation of Apoptotic Process (GO:0042981);13/722;0.0017472252021832734;0.24163794121989032;2.878183831672204;18.275679710906928;"PLAUR;RUVBL1;HSP90B1;MELK;ANGPTL4;CX3CL1;MAPKAP1;MEAF6;BCL2L11;TOP2A;PNMA5;SCRIB;ANG"
gs_ind_0;Hemopoiesis (GO:0030097);4/102;0.00593828769447639;0.24163794121989032;6.579342308541161;33.72790916151111;"PBXIP1;MELK;SH2B3;ANG"
gs_ind_0;Positive Regulation of Cell-Cell Adhesion (GO:0022409);3/51;0.005618366424790631;0.24163794121989032;10.32787451289893;53.516095352378905;"CX3CL1;PLAUR;BMP7"
gs_ind_0;Protein Localization to Non-Motile Cilium (GO:0097499);2/16;0.005587693625715125;0.24163794121989032;24.496649779375716;127.06874409718843;"KIF3A;IFT122"
gs_ind_0;Retrograde Protein Transport, ER to Cytosol (GO:0030970);2/18;0.0070589556265458426;0.24599390819780967;21.524486571879937;106.62064379287348;"FAF2;HSP90B1"
gs_ind_0;Apoptotic Nuclear Changes (GO:0030262);2/18;0.0070589556265458426;0.24599390819780967;21.524486571879937;106.62064379287348;"TOP2A;CDK5RAP3"
gs_ind_0;Positive Chemotaxis (GO:0050918);2/18;0.0070589556265458426;0.24599390819780967;21.524486571879937;106.62064379287348;"CX3CL1;SCRIB"
gs_ind_0;Meiotic Sister Chromatid Cohesion (GO:0051177);2/19;0.007853181159389004;0.24967178152609257;20.29316181448883;98.35763912894335;"BUB1B;SGO1"
gs_ind_0;Barbed-end Actin Filament Capping (GO:0051016);2/19;0.007853181159389004;0.24967178152609257;20.29316181448883;98.35763912894335;"CAPZB;FLII"
gs_ind_0;Actin Filament Capping (GO:0051693);2/19;0.007853181159389004;0.24967178152609257;20.29316181448883;98.35763912894335;"CAPZB;FLII"
gs_ind_0;Regulation of Multicellular Organismal Development (GO:2000026);3/58;0.008032918188230804;0.24967178152609257;9.021035389456442;43.51934573833339;"RACGAP1;BRPF3;MEAF6"
gs_ind_0;Regulation of Cell Cycle (GO:0051726);7/329;0.00887385386385003;0.261664921626347;3.3973157468471595;16.051114573635473;"BMP7;RUVBL1;PRKACA;CDK5RAP3;DLGAP5;MEAF6;BRD7"
gs_ind_0;Negative Regulation of Apoptotic Process (GO:0043066);9/497;0.008705327674050769;0.261664921626347;2.8658589175399674;13.595119034822492;"PLAUR;HSP90B1;TMBIM1;RETREG1;ANGPTL4;CX3CL1;MAPKAP1;SERPINE1;ANG"
gs_ind_0;Metaphase Chromosome Alignment (GO:0051310);3/62;0.009647590748486645;0.26301739818132175;8.412327610470026;39.04200830894755;"CHMP2B;INCENP;TRAPPC12"
gs_ind_0;Protein Exit From Endoplasmic Reticulum (GO:0032527);2/21;0.00955593228738797;0.26301739818132175;18.209381455826954;84.68442439867097;"HSP90B1;FAF2"
gs_ind_0;Regulation of Stem Cell Population Maintenance (GO:2000036);3/63;0.010078615744839328;0.26301739818132175;8.272727272727273;38.032534644815264;"ZC3H13;SINHCAF;SMARCA2"
gs_ind_0;Erythrocyte Differentiation (GO:0030218);3/63;0.010078615744839328;0.26301739818132175;8.272727272727273;38.032534644815264;"RACGAP1;SH2B3;CDK5RAP3"
gs_ind_0;Intracellular Potassium Ion Homeostasis (GO:0030007);2/22;0.010463320549172164;0.26301739818132175;17.31996301005664;78.97694286052104;"PRKACA;FXYD5"
gs_ind_0;Vascular Endothelial Cell Response to Laminar Fluid Shear Stress (GO:0097700);2/22;0.010463320549172164;0.26301739818132175;17.31996301005664;78.97694286052104;"ADCY6;PRKACA"
gs_ind_0;Mitotic Cytokinesis (GO:0000281);3/64;0.01052069592725287;0.26301739818132175;8.137666783366399;37.06227847027291;"RACGAP1;INCENP;MYH14"
gs_ind_0;Vascular Endothelial Cell Response to Fluid Shear Stress (GO:0097699);2/26;0.014453301656359106;0.2763668631117513;14.488345101073605;61.38468997839488;"ADCY6;PRKACA"
gs_ind_0;Regulation of Chromosome Organization (GO:0033044);2/45;0.0403725731836146;0.2763668631117513;8.149752138148935;26.15748200160961;"TRAPPC12;RUVBL1"
gs_ind_0;Regulation of DNA Metabolic Process (GO:0051052);3/123;0.056796332426443843;0.2763668631117513;4.136850046655681;11.86565883544552;"KPNA2;RUVBL1;MEAF6"
gs_ind_0;Regulation of DNA Repair (GO:0006282);4/129;0.013314121357834236;0.2763668631117513;5.154512385241643;22.261978437793342;"BRD7;SMARCA2;RUVBL1;MEAF6"
gs_ind_0;Regulation of DNA Replication (GO:0006275);3/73;0.01500443963246925;0.2763668631117513;7.094540025111134;29.792876269349808;"BRPF3;RUVBL1;MEAF6"
gs_ind_0;Cellular Response to Peptide Hormone Stimulus (GO:0071375);3/104;0.03757928902897266;0.2763668631117513;4.91750536215146;16.1358211832205;"ADCY6;CPEB1;MAPKAP1"
gs_ind_0;Actin Polymerization or Depolymerization (GO:0008154);2/51;0.0506013301358747;0.2763668631117513;7.159031068983675;21.360955222386085;"FLII;ANG"
gs_ind_0;Blood Vessel Diameter Maintenance (GO:0097746);2/45;0.0403725731836146;0.2763668631117513;8.149752138148935;26.15748200160961;"ADCY6;ADORA2B"
gs_ind_0;Box C/D snoRNP Assembly (GO:0000492);1/9;0.061972821064527395;0.2763668631117513;24.84755592377796;69.10252797435498;RUVBL1
gs_ind_0;Telomerase RNA Localization (GO:0090672);1/7;0.04853852435896958;0.2763668631117513;32.49729144095341;98.31722362128414;RUVBL1
gs_ind_0;Telomerase RNA Localization to Cajal Body (GO:0090671);1/7;0.04853852435896958;0.2763668631117513;32.49729144095341;98.31722362128414;RUVBL1
gs_ind_0;Telomere Maintenance via Telomere Trimming (GO:0090737);1/11;0.07521917824954164;0.2763668631117513;20.112005365526493;52.0367779886966;SMARCAL1
gs_ind_0;Tetrahydrobiopterin Biosynthetic Process (GO:0006729);1/5;0.034913647152773813;0.2763668631117513;46.94679186228482;157.50073526115452;GCH1
gs_ind_0;Tetrahydrobiopterin Metabolic Process (GO:0046146);1/7;0.04853852435896958;0.2763668631117513;32.49729144095341;98.31722362128414;GCH1
gs_ind_0;Thrombopoietin-mediated Signaling Pathway (GO:0038163);1/7;0.04853852435896958;0.2763668631117513;32.49729144095341;98.31722362128414;SH2B3
gs_ind_0;Negative Regulation of Axon Regeneration (GO:0048681);1/7;0.04853852435896958;0.2763668631117513;32.49729144095341;98.31722362128414;CERS2
gs_ind_0;5S Class rRNA Transcription by RNA Polymerase III (GO:0042791);1/6;0.04175007480948703;0.2763668631117513;38.40845070422535;121.98731486962713;GTF3C2
gs_ind_0;Regulation of Nervous System Development (GO:0051960);2/43;0.037160471439271266;0.2763668631117513;8.543653286130303;28.13006113327831;"CX3CL1;BHLHE41"
gs_ind_0;Regulation of Intracellular mRNA Localization (GO:1904580);1/8;0.05527932935755204;0.2763668631117513;28.16244131455399;81.54029994966618;PPP1R21
gs_ind_0;Regulation of Intrinsic Apoptotic Signaling Pathway (GO:2001242);2/45;0.0403725731836146;0.2763668631117513;8.149752138148935;26.15748200160961;"BCL2L11;PLAUR"
gs_ind_0;Regulation of Lipopolysaccharide-Mediated Signaling Pathway (GO:0031664);2/27;0.015538179183677408;0.2763668631117513;13.919245423287798;57.966072738081046;"CX3CL1;SMAD3"
gs_ind_0;Regulation of Metaphase/Anaphase Transition of Cell Cycle (GO:1902099);2/33;0.02274081722644679;0.2763668631117513;11.263446926954035;42.61630856167536;"BRD7;SMARCA2"
gs_ind_0;Regulation of Microglial Cell Migration (GO:1904139);1/7;0.04853852435896958;0.2763668631117513;32.49729144095341;98.31722362128414;CX3CL1
gs_ind_0;Regulation of Mitochondrial Transcription (GO:1903108);1/7;0.04853852435896958;0.2763668631117513;32.49729144095341;98.31722362128414;KANSL3
gs_ind_0;MiRNA Processing (GO:0035196);2/37;0.028165757531117615;0.2763668631117513;9.991656097723784;35.66669831143188;"SMAD3;SRSF3"
gs_ind_0;Microtubule Cytoskeleton Organization Involved in Mitosis (GO:1902850);2/64;0.07546016958007817;0.2763668631117513;5.665023696682464;14.63927278252432;"SPC25;DLGAP5"
gs_ind_0;Microtubule Nucleation by Microtubule Organizing Center (GO:0051418);1/5;0.034913647152773813;0.2763668631117513;46.94679186228482;157.50073526115452;NIN
gs_ind_0;Microtubule Severing (GO:0051013);1/9;0.061972821064527395;0.2763668631117513;24.84755592377796;69.10252797435498;KATNA1
gs_ind_0;Microvillus Organization (GO:0032528);1/5;0.034913647152773813;0.2763668631117513;46.94679186228482;157.50073526115452;FXYD5
gs_ind_0;Mitochondrial Protein Catabolic Process (GO:0035694);1/10;0.06861932845781894;0.2763668631117513;22.23054114158636;59.559644068515276;PRKACA
gs_ind_0;Negative Regulation of Chemokine-Mediated Signaling Pathway (GO:0070100);1/7;0.04853852435896958;0.2763668631117513;32.49729144095341;98.31722362128414;SH2B3
gs_ind_0;Adenylate Cyclase-Activating G Protein-Coupled Receptor Signaling Pathway (GO:0007189);4/163;0.02860783738159365;0.2763668631117513;4.04647676161919;14.381480133806985;"PRKACA;ADORA2B;ADCY6;GNAL"
gs_ind_0;TORC2 Signaling (GO:0038203);1/10;0.06861932845781894;0.2763668631117513;22.23054114158636;59.559644068515276;MAPKAP1
gs_ind_0;TRNA Decay (GO:0016078);1/6;0.04175007480948703;0.2763668631117513;38.40845070422535;121.98731486962713;ANG
gs_ind_0;Regulation of Cell Growth (GO:0001558);5/220;0.02007921913639441;0.2763668631117513;3.6822703865089697;14.390569960078542;"SMARCA2;SMAD3;MEAF6;MAPKAP1;DCBLD2"
gs_ind_0;Regulation of Smooth Muscle Cell Proliferation (GO:0048660);2/54;0.056028242647035965;0.2763668631117513;6.74858948318664;19.448755863648753;"CX3CL1;ANG"
gs_ind_0;Regulation of Smoothened Signaling Pathway (GO:0008589);3/79;0.018506920088627154;0.2763668631117513;6.535478625261907;26.074014524900225;"PRKACA;KIF3A;IFT122"
gs_ind_0;Regulation of Attachment of Mitotic Spindle Microtubules to Kinetochore (GO:1902423);1/10;0.06861932845781894;0.2763668631117513;22.23054114158636;59.559644068515276;INCENP
gs_ind_0;Regulation of Blood Coagulation (GO:0030193);2/28;0.016656939941618563;0.2763668631117513;13.393096664580167;54.84377103975228;"PLAUR;SERPINE1"
gs_ind_0;Regulation of Extrinsic Apoptotic Signaling Pathway via Death Domain Receptors (GO:1902041);2/33;0.02274081722644679;0.2763668631117513;11.263446926954035;42.61630856167536;"TMBIM1;SERPINE1"
gs_ind_0;Regulation of Fas Signaling Pathway (GO:1902044);1/7;0.04853852435896958;0.2763668631117513;32.49729144095341;98.31722362128414;TMBIM1
gs_ind_0;Regulation of Fatty Acid Biosynthetic Process (GO:0042304);2/32;0.021460401834565476;0.2763668631117513;11.633517209230051;44.690689373723366;"ANGPTL4;SLC45A3"
gs_ind_0;Regulation of Fc Receptor Mediated Stimulatory Signaling Pathway (GO:0060368);1/7;0.04853852435896958;0.2763668631117513;32.49729144095341;98.31722362128414;CSK
gs_ind_0;Regulation of Fibroblast Apoptotic Process (GO:2000269);1/9;0.061972821064527395;0.2763668631117513;24.84755592377796;69.10252797435498;BCL2L11
gs_ind_0;Cellular Response to Epinephrine Stimulus (GO:0071872);1/9;0.061972821064527395;0.2763668631117513;24.84755592377796;69.10252797435498;PRKACA
gs_ind_0;Cellular Response to Forskolin (GO:1904322);1/11;0.07521917824954164;0.2763668631117513;20.112005365526493;52.0367779886966;ADCY6
gs_ind_0;Cellular Response to Laminar Fluid Shear Stress (GO:0071499);2/30;0.01899401729798688;0.2763668631117513;12.451567306892825;49.353421020795246;"ADCY6;PRKACA"
gs_ind_0;Cellular Response to Monoamine Stimulus (GO:0071868);1/8;0.05527932935755204;0.2763668631117513;28.16244131455399;81.54029994966618;ADCY6
gs_ind_0;Ceramide Biosynthetic Process (GO:0046513);2/51;0.0506013301358747;0.2763668631117513;7.159031068983675;21.360955222386085;"CERS2;B4GALNT1"
gs_ind_0;Chemokine (C-X-C Motif) Ligand 12 Signaling Pathway (GO:0038146);1/7;0.04853852435896958;0.2763668631117513;32.49729144095341;98.31722362128414;WBP1L
gs_ind_0;Chemokine-mediated Signaling Pathway (GO:0070098);2/59;0.06549874091358839;0.2763668631117513;6.159695033999588;16.78963079953296;"SH2B3;CX3CL1"
gs_ind_0;Cholesterol Biosynthetic Process (GO:0006695);2/30;0.01899401729798688;0.2763668631117513;12.451567306892825;49.353421020795246;"PMVK;FDPS"
gs_ind_0;Chromatin Organization (GO:0006325);7/362;0.014440313251350262;0.2763668631117513;3.0750257153053298;13.031133190829497;"BRPF3;RUVBL1;HDAC11;SMARCA2;BRD7;TOP2A;HNRNPC"
gs_ind_0;Chromatin Remodeling (GO:0006338);6/290;0.01708324633055476;0.2763668631117513;3.3132797146493287;13.483912124462803;"BRPF3;RUVBL1;HDAC11;SMARCA2;BRD7;HNRNPC"
gs_ind_0;Regulation of Release of Cytochrome C From Mitochondria (GO:0090199);2/40;0.032539425077280415;0.2763668631117513;9.211238997968856;31.551283150615337;"BCL2L11;PLAUR"
gs_ind_0;Regulation of SMAD Protein Signal Transduction (GO:0060390);2/62;0.07141963022577376;0.2763668631117513;5.8530805687203795;15.44734789169564;"SMAD3;BMP7"
gs_ind_0;Protein Ufmylation (GO:0071569);1/7;0.04853852435896958;0.2763668631117513;32.49729144095341;98.31722362128414;CDK5RAP3
gs_ind_0;Protein-RNA Complex Disassembly (GO:0032988);1/9;0.061972821064527395;0.2763668631117513;24.84755592377796;69.10252797435498;FAF2
gs_ind_0;Pteridine-containing Compound Biosynthetic Process (GO:0042559);1/6;0.04175007480948703;0.2763668631117513;38.40845070422535;121.98731486962713;GCH1
gs_ind_0;Cellular Response to Prostaglandin E Stimulus (GO:0071380);1/11;0.07521917824954164;0.2763668631117513;20.112005365526493;52.0367779886966;ADCY6
gs_ind_0;Cellular Response to Unfolded Protein (GO:0034620);2/62;0.07141963022577376;0.2763668631117513;5.8530805687203795;15.44734789169564;"CTH;CDK5RAP3"
gs_ind_0;Cellular Response to Vasopressin (GO:1904117);1/5;0.034913647152773813;0.2763668631117513;46.94679186228482;157.50073526115452;ADCY6
gs_ind_0;Sulfur Compound Biosynthetic Process (GO:0044272);2/37;0.028165757531117615;0.2763668631117513;9.991656097723784;35.66669831143188;"CTH;GGTA1"
gs_ind_0;T-circle Formation (GO:0090656);1/11;0.07521917824954164;0.2763668631117513;20.112005365526493;52.0367779886966;SMARCAL1
gs_ind_0;Tube Closure (GO:0060606);2/30;0.01899401729798688;0.2763668631117513;12.451567306892825;49.353421020795246;"IFT122;SCRIB"
gs_ind_0;RRNA Transcription (GO:0009303);2/29;0.01780905906425967;0.2763668631117513;12.90521327014218;51.982818695352094;"GTF3C2;ANG"
gs_ind_0;Cytoskeleton-dependent Cytokinesis (GO:0061640);3/86;0.023119077805794933;0.2763668631117513;5.984786408045154;22.545271661108874;"RACGAP1;INCENP;MYH14"
gs_ind_0;DNA Topological Change (GO:0006265);1/10;0.06861932845781894;0.2763668631117513;22.23054114158636;59.559644068515276;TOP2A
gs_ind_0;Defense Response to Bacterium (GO:0042742);5/236;0.026211587007779594;0.2763668631117513;3.424063635884739;12.468911649456086;"RNASE4;MR1;LCE3C;SERPINE1;ANG"
gs_ind_0;Defense Response to Gram-negative Bacterium (GO:0050829);3/88;0.02454120337334066;0.2763668631117513;5.844007946501021;21.666085601596905;"MR1;LCE3C;SERPINE1"
gs_ind_0;Regulation of T Cell Differentiation (GO:0045580);2/51;0.0506013301358747;0.2763668631117513;7.159031068983675;21.360955222386085;"BRD7;SMARCA2"
gs_ind_0;Regulation of Transforming Growth Factor Beta2 Production (GO:0032909);1/6;0.04175007480948703;0.2763668631117513;38.40845070422535;121.98731486962713;SMAD3
gs_ind_0;Regulation of Translation in Response to Stress (GO:0043555);1/10;0.06861932845781894;0.2763668631117513;22.23054114158636;59.559644068515276;ANG
gs_ind_0;Protein Targeting to Peroxisome (GO:0006625);1/9;0.061972821064527395;0.2763668631117513;24.84755592377796;69.10252797435498;PEX5
gs_ind_0;Protein Import Into Peroxisome Matrix, Docking (GO:0016560);1/5;0.034913647152773813;0.2763668631117513;46.94679186228482;157.50073526115452;PEX5
gs_ind_0;Protein Import Into Peroxisome Matrix, Receptor Recycling (GO:0016562);1/8;0.05527932935755204;0.2763668631117513;28.16244131455399;81.54029994966618;PEX5
gs_ind_0;Protein Import Into Peroxisome Matrix, Substrate Release (GO:0044721);1/5;0.034913647152773813;0.2763668631117513;46.94679186228482;157.50073526115452;PEX5
gs_ind_0;Regulation of Blood Vessel Remodeling (GO:0060312);1/6;0.04175007480948703;0.2763668631117513;38.40845070422535;121.98731486962713;TMBIM1
gs_ind_0;Regulation of Bone Mineralization (GO:0030500);2/61;0.06942698379102259;0.2763668631117513;5.9518499342865105;15.876438708158231;"CCN1;BMP7"
gs_ind_0;TRNA Transcription by RNA Polymerase III (GO:0042797);1/11;0.07521917824954164;0.2763668631117513;20.112005365526493;52.0367779886966;GTF3C2
gs_ind_0;Regulation of Triglyceride Transport (GO:1905883);1/5;0.034913647152773813;0.2763668631117513;46.94679186228482;157.50073526115452;ANGPTL4
gs_ind_0;Regulation of Urine Volume (GO:0035809);1/11;0.07521917824954164;0.2763668631117513;20.112005365526493;52.0367779886966;ADCY6
gs_ind_0;Regulation of Vascular Wound Healing (GO:0061043);1/10;0.06861932845781894;0.2763668631117513;22.23054114158636;59.559644068515276;SERPINE1
gs_ind_0;Protein Import Into Peroxisome Matrix, Translocation (GO:0016561);1/5;0.034913647152773813;0.2763668631117513;46.94679186228482;157.50073526115452;PEX5
gs_ind_0;Protein Import Into Peroxisome Membrane (GO:0045046);1/5;0.034913647152773813;0.2763668631117513;46.94679186228482;157.50073526115452;PEX5
gs_ind_0;Regulation of Sodium Ion Export Across Plasma Membrane (GO:1903276);1/10;0.06861932845781894;0.2763668631117513;22.23054114158636;59.559644068515276;FXYD5
gs_ind_0;Regulation of Striated Muscle Cell Apoptotic Process (GO:0010662);1/5;0.034913647152773813;0.2763668631117513;46.94679186228482;157.50073526115452;BMP7
gs_ind_0;Definitive Hemopoiesis (GO:0060216);1/7;0.04853852435896958;0.2763668631117513;32.49729144095341;98.31722362128414;CDK5RAP3
gs_ind_0;Dopamine Biosynthetic Process (GO:0042416);1/6;0.04175007480948703;0.2763668631117513;38.40845070422535;121.98731486962713;GCH1
gs_ind_0;Spindle Assembly Checkpoint Signaling (GO:0071173);2/28;0.016656939941618563;0.2763668631117513;13.393096664580167;54.84377103975228;"SPC25;BUB1B"
gs_ind_0;Sterol Biosynthetic Process (GO:0016126);2/32;0.021460401834565476;0.2763668631117513;11.633517209230051;44.690689373723366;"PMVK;FDPS"
gs_ind_0;Positive Regulation of Vascular Associated Smooth Muscle Cell Differentiation (GO:1905065);1/6;0.04175007480948703;0.2763668631117513;38.40845070422535;121.98731486962713;CTH
gs_ind_0;Potassium Ion Homeostasis (GO:0055075);2/26;0.014453301656359106;0.2763668631117513;14.488345101073605;61.38468997839488;"PRKACA;FXYD5"
gs_ind_0;Primary Neural Tube Formation (GO:0014020);2/29;0.01780905906425967;0.2763668631117513;12.90521327014218;51.982818695352094;"IFT122;SCRIB"
gs_ind_0;Stress Granule Disassembly (GO:0035617);1/7;0.04853852435896958;0.2763668631117513;32.49729144095341;98.31722362128414;FAF2
gs_ind_0;RNA Localization to Cajal Body (GO:0090670);1/11;0.07521917824954164;0.2763668631117513;20.112005365526493;52.0367779886966;RUVBL1
gs_ind_0;Positive Regulation of Oxidoreductase Activity (GO:0051353);1/5;0.034913647152773813;0.2763668631117513;46.94679186228482;157.50073526115452;GCH1
gs_ind_0;Positive Regulation of Phospholipid Biosynthetic Process (GO:0071073);1/9;0.061972821064527395;0.2763668631117513;24.84755592377796;69.10252797435498;PLCH2
gs_ind_0;Positive Regulation of Microglial Cell Migration (GO:1904141);1/6;0.04175007480948703;0.2763668631117513;38.40845070422535;121.98731486962713;CX3CL1
gs_ind_0;Striated Muscle Tissue Development (GO:0014706);2/43;0.037160471439271266;0.2763668631117513;8.543653286130303;28.13006113327831;"MYH14;BMP7"
gs_ind_0;Sulfur Amino Acid Biosynthetic Process (GO:0000097);1/7;0.04853852435896958;0.2763668631117513;32.49729144095341;98.31722362128414;CTH
gs_ind_0;ESCRT Complex Disassembly (GO:1904896);1/10;0.06861932845781894;0.2763668631117513;22.23054114158636;59.559644068515276;CHMP2B
gs_ind_0;ESCRT III Complex Disassembly (GO:1904903);1/10;0.06861932845781894;0.2763668631117513;22.23054114158636;59.559644068515276;CHMP2B
gs_ind_0;Embryonic Forelimb Morphogenesis (GO:0035115);1/10;0.06861932845781894;0.2763668631117513;22.23054114158636;59.559644068515276;IFT122
gs_ind_0;Endoplasmic Reticulum Unfolded Protein Response (GO:0030968);2/55;0.05788081593435387;0.2763668631117513;6.622004695043628;18.86853675218101;"CTH;CDK5RAP3"
gs_ind_0;Regulation of mRNA Processing (GO:0050684);2/47;0.04368569278401622;0.2763668631117513;7.790479662517577;24.389924438304654;"CPEB1;SRSF3"
gs_ind_0;Regulation of miRNA Metabolic Process (GO:2000628);1/9;0.061972821064527395;0.2763668631117513;24.84755592377796;69.10252797435498;SMAD3
gs_ind_0;Positive Regulation of Sodium Ion Export Across Plasma Membrane (GO:1903278);1/10;0.06861932845781894;0.2763668631117513;22.23054114158636;59.559644068515276;FXYD5
gs_ind_0;Positive Regulation of Stem Cell Population Maintenance (GO:1902459);2/42;0.03559339587027711;0.2763668631117513;8.755192791527705;29.203778766782417;"SINHCAF;SMARCA2"
gs_ind_0;Positive Regulation of T Cell Mediated Immune Response to Tumor Cell (GO:0002842);1/9;0.061972821064527395;0.2763668631117513;24.84755592377796;69.10252797435498;MR1
gs_ind_0;Positive Regulation of Tissue Remodeling (GO:0034105);1/10;0.06861932845781894;0.2763668631117513;22.23054114158636;59.559644068515276;TMBIM1
gs_ind_0;Positive Regulation of SMAD Protein Signal Transduction (GO:0060391);2/40;0.032539425077280415;0.2763668631117513;9.211238997968856;31.551283150615337;"SMAD3;BMP7"
gs_ind_0;Positive Regulation of IRE1-mediated Unfolded Protein Response (GO:1903896);1/8;0.05527932935755204;0.2763668631117513;28.16244131455399;81.54029994966618;BCL2L11
gs_ind_0;Positive Regulation of Lymphocyte Differentiation (GO:0045621);2/42;0.03559339587027711;0.2763668631117513;8.755192791527705;29.203778766782417;"BRD7;SMARCA2"
gs_ind_0;Positive Regulation of Extracellular Matrix Assembly (GO:1901203);1/7;0.04853852435896958;0.2763668631117513;32.49729144095341;98.31722362128414;SMAD3
gs_ind_0;Positive Regulation of Extracellular Matrix Organization (GO:1903055);2/26;0.014453301656359106;0.2763668631117513;14.488345101073605;61.38468997839488;"PLAUR;SMAD3"
gs_ind_0;Positive Regulation of Fibroblast Apoptotic Process (GO:2000271);1/7;0.04853852435896958;0.2763668631117513;32.49729144095341;98.31722362128414;BCL2L11
gs_ind_0;Regulation of Very-Low-Density Lipoprotein Particle Remodeling (GO:0010901);1/8;0.05527932935755204;0.2763668631117513;28.16244131455399;81.54029994966618;ANGPTL4
gs_ind_0;Establishment of Lymphocyte Polarity (GO:0001767);1/6;0.04175007480948703;0.2763668631117513;38.40845070422535;121.98731486962713;SCRIB
gs_ind_0;Establishment of Monopolar Cell Polarity (GO:0061162);1/5;0.034913647152773813;0.2763668631117513;46.94679186228482;157.50073526115452;SCRIB
gs_ind_0;Positive Regulation of Programmed Cell Death (GO:0043068);5/253;0.03392079821357913;0.2763668631117513;3.186151052657408;10.781065139345467;"MELK;BCL2L11;TOP2A;PNMA5;SCRIB"
gs_ind_0;Positive Regulation of Protein Phosphorylation (GO:0001934);3/115;0.04822445770640586;0.2763668631117513;4.433407761828814;13.441600071877236;"TRAF4;PLAUR;CSPG4"
gs_ind_0;Positive Regulation of Receptor Recycling (GO:0001921);1/10;0.06861932845781894;0.2763668631117513;22.23054114158636;59.559644068515276;SCRIB
gs_ind_0;Positive Regulation of Release of Cytochrome C From Mitochondria (GO:0090200);2/23;0.011407302405389912;0.2763668631117513;16.51328116389287;73.87218915931327;"BCL2L11;PLAUR"
gs_ind_0;Positive Regulation of Odontoblast Differentiation (GO:1901331);1/6;0.04175007480948703;0.2763668631117513;38.40845070422535;121.98731486962713;SERPINE1
gs_ind_0;Positive Regulation of Ossification (GO:0045778);2/43;0.037160471439271266;0.2763668631117513;8.543653286130303;28.13006113327831;"CCN1;BMP7"
gs_ind_0;Positive Regulation of Osteoblast Differentiation (GO:0045669);2/53;0.05419720669386742;0.2763668631117513;6.880090185432292;20.056329154971813;"CCN1;BMP7"
gs_ind_0;Positive Regulation of Osteoblast Proliferation (GO:0033690);1/6;0.04175007480948703;0.2763668631117513;38.40845070422535;121.98731486962713;CCN1
gs_ind_0;Regulation of Proteolysis (GO:0030162);2/56;0.05975453622599703;0.2763668631117513;6.500065220226967;18.313999869840398;"PLAUR;SERPINE1"
gs_ind_0;Regulation of G0 to G1 Transition (GO:0070316);2/34;0.024052049805787738;0.2763668631117513;10.91615020051039;40.690332538620176;"BRD7;SMARCA2"
gs_ind_0;Regulation of Glial Cell Differentiation (GO:0045685);1/8;0.05527932935755204;0.2763668631117513;28.16244131455399;81.54029994966618;SLC45A3
gs_ind_0;Regulation of Glomerular Mesangial Cell Proliferation (GO:0072124);1/5;0.034913647152773813;0.2763668631117513;46.94679186228482;157.50073526115452;BMP7
gs_ind_0;Regulation of Hemoglobin Biosynthetic Process (GO:0046984);1/7;0.04853852435896958;0.2763668631117513;32.49729144095341;98.31722362128414;SLC25A37
gs_ind_0;Regulation of Epidermal Growth Factor Receptor Signaling Pathway (GO:0042058);2/59;0.06549874091358839;0.2763668631117513;6.159695033999588;16.78963079953296;"RHBDF2;PLAUR"
gs_ind_0;Regulation of Extracellular Matrix Assembly (GO:1901201);1/11;0.07521917824954164;0.2763668631117513;20.112005365526493;52.0367779886966;SMAD3
gs_ind_0;Positive Regulation of Myoblast Differentiation (GO:0045663);2/42;0.03559339587027711;0.2763668631117513;8.755192791527705;29.203778766782417;"BRD7;SMARCA2"
gs_ind_0;Positive Regulation of Neuroblast Proliferation (GO:0002052);1/11;0.07521917824954164;0.2763668631117513;20.112005365526493;52.0367779886966;CX3CL1
gs_ind_0;Positive Regulation of Neuroepithelial Cell Differentiation (GO:1902913);1/6;0.04175007480948703;0.2763668631117513;38.40845070422535;121.98731486962713;SERPINE1
gs_ind_0;Establishment of T Cell Polarity (GO:0001768);1/5;0.034913647152773813;0.2763668631117513;46.94679186228482;157.50073526115452;SCRIB
gs_ind_0;Establishment or Maintenance of Transmembrane Electrochemical Gradient (GO:0010248);1/11;0.07521917824954164;0.2763668631117513;20.112005365526493;52.0367779886966;FXYD5
gs_ind_0;Forelimb Morphogenesis (GO:0035136);1/11;0.07521917824954164;0.2763668631117513;20.112005365526493;52.0367779886966;IFT122
gs_ind_0;Formation of Extrachromosomal Circular DNA (GO:0001325);1/11;0.07521917824954164;0.2763668631117513;20.112005365526493;52.0367779886966;SMARCAL1
gs_ind_0;Positive Regulation of Hemoglobin Biosynthetic Process (GO:0046985);1/6;0.04175007480948703;0.2763668631117513;38.40845070422535;121.98731486962713;SLC25A37
gs_ind_0;Positive Regulation of Hemostasis (GO:1900048);1/9;0.061972821064527395;0.2763668631117513;24.84755592377796;69.10252797435498;SERPINE1
gs_ind_0;Response to Angiotensin (GO:1990776);1/8;0.05527932935755204;0.2763668631117513;28.16244131455399;81.54029994966618;SMAD3
gs_ind_0;Response to Catecholamine (GO:0071869);1/7;0.04853852435896958;0.2763668631117513;32.49729144095341;98.31722362128414;ADCY6
gs_ind_0;Response to Endoplasmic Reticulum Stress (GO:0034976);4/132;0.014380227032528916;0.2763668631117513;5.033158518017256;21.350160849026977;"BCL2L11;HSP90B1;CDK5RAP3;CTH"
gs_ind_0;Positive Regulation of DNA Recombination (GO:0045911);2/58;0.0635638782389807;0.2763668631117513;6.2691355953529335;17.275919163726893;"RUVBL1;MEAF6"
gs_ind_0;Positive Regulation of Developmental Process (GO:0051094);5/248;0.03152235258270236;0.2763668631117513;3.252676916912906;11.244693989798947;"SINHCAF;CCN1;BMP7;SMARCA2;BRD7"
gs_ind_0;Positive Regulation of Double-Strand Break Repair via Homologous Recombination (GO:1905168);2/44;0.0387536775638537;0.2763668631117513;8.342068580986897;27.11614103802984;"RUVBL1;MEAF6"
gs_ind_0;Positive Regulation of Chromosome Separation (GO:1905820);1/6;0.04175007480948703;0.2763668631117513;38.40845070422535;121.98731486962713;INCENP
gs_ind_0;Renal Water Homeostasis (GO:0003091);2/28;0.016656939941618563;0.2763668631117513;13.393096664580167;54.84377103975228;"ADCY6;PRKACA"
gs_ind_0;Glycosphingolipid Metabolic Process (GO:0006687);2/47;0.04368569278401622;0.2763668631117513;7.790479662517577;24.389924438304654;"CERS2;B4GALNT1"
gs_ind_0;Regulation of Mitotic Cell Cycle (GO:0007346);4/131;0.014019040863338324;0.2763668631117513;5.072975277067349;21.64810429085731;"BRD7;CDK5RAP3;SCRIB;DLGAP5"
gs_ind_0;Catecholamine Biosynthetic Process (GO:0042423);1/11;0.07521917824954164;0.2763668631117513;20.112005365526493;52.0367779886966;GCH1
gs_ind_0;Cell Junction Disassembly (GO:0150146);1/9;0.061972821064527395;0.2763668631117513;24.84755592377796;69.10252797435498;CX3CL1
gs_ind_0;Cell-cell Junction Organization (GO:0045216);3/73;0.01500443963246925;0.2763668631117513;7.094540025111134;29.792876269349808;"PKP4;CSK;SMAD3"
gs_ind_0;Cellular Response to Chemokine (GO:1990869);2/60;0.06745323241781483;0.2763668631117513;6.053996030299348;16.323515264066277;"SH2B3;CX3CL1"
gs_ind_0;Regulation of Interleukin-1 Alpha Production (GO:0032650);1/9;0.061972821064527395;0.2763668631117513;24.84755592377796;69.10252797435498;CX3CL1
gs_ind_0;Regulation of Protein-Containing Complex Assembly (GO:0043254);3/123;0.056796332426443843;0.2763668631117513;4.136850046655681;11.86565883544552;"BCL2L11;PEX5;TRAPPC12"
gs_ind_0;High-density Lipoprotein Particle Assembly (GO:0034380);1/10;0.06861932845781894;0.2763668631117513;22.23054114158636;59.559644068515276;PRKACA
gs_ind_0;Integrin Activation (GO:0033622);1/9;0.061972821064527395;0.2763668631117513;24.84755592377796;69.10252797435498;CX3CL1
gs_ind_0;Positive Regulation of Attachment of Spindle Microtubules to Kinetochore (GO:0051987);1/11;0.07521917824954164;0.2763668631117513;20.112005365526493;52.0367779886966;INCENP
gs_ind_0;Positive Regulation of Biomineral Tissue Development (GO:0070169);2/44;0.0387536775638537;0.2763668631117513;8.342068580986897;27.11614103802984;"CCN1;BMP7"
gs_ind_0;Positive Regulation of Bone Mineralization (GO:0030501);2/39;0.031053436549242808;0.2763668631117513;9.457503949447078;32.83688685493107;"CCN1;BMP7"
gs_ind_0;Positive Regulation of Cell Cycle Process (GO:0090068);3/121;0.054589345047791005;0.2763668631117513;4.207235580320191;12.23429001970293;"RACGAP1;PKP4;INCENP"
gs_ind_0;Positive Regulation of Cell Differentiation (GO:0045597);5/302;0.0634126929484404;0.2763668631117513;2.652535355605657;7.315934510428517;"CCN1;BMP7;SMARCA2;SMAD3;BRD7"
gs_ind_0;Positive Regulation of Cell Division (GO:0051781);2/45;0.0403725731836146;0.2763668631117513;8.149752138148935;26.15748200160961;"RACGAP1;PKP4"
gs_ind_0;Plasminogen Activation (GO:0031639);1/11;0.07521917824954164;0.2763668631117513;20.112005365526493;52.0367779886966;PLAUR
gs_ind_0;Plus-end-directed Organelle Transport Along Microtubule (GO:0072386);1/6;0.04175007480948703;0.2763668631117513;38.40845070422535;121.98731486962713;KIF3A
gs_ind_0;Plus-end-directed Vesicle Transport Along Microtubule (GO:0072383);1/5;0.034913647152773813;0.2763668631117513;46.94679186228482;157.50073526115452;KIF3A
gs_ind_0;Pos Reg Endoplasmic Reticulum Stress-Induced Intrinsic Apoptotic Signaling Pathway (GO:1902237);1/8;0.05527932935755204;0.2763668631117513;28.16244131455399;81.54029994966618;BCL2L11
gs_ind_0;Positive Regulation of Glial Cell Migration (GO:1903977);1/8;0.05527932935755204;0.2763668631117513;28.16244131455399;81.54029994966618;CX3CL1
gs_ind_0;Glucan Biosynthetic Process (GO:0009250);1/11;0.07521917824954164;0.2763668631117513;20.112005365526493;52.0367779886966;UGP2
gs_ind_0;Glycogen Biosynthetic Process (GO:0005978);1/11;0.07521917824954164;0.2763668631117513;20.112005365526493;52.0367779886966;UGP2
gs_ind_0;Glycosphingolipid Biosynthetic Process (GO:0006688);2/42;0.03559339587027711;0.2763668631117513;8.755192791527705;29.203778766782417;"CERS2;B4GALNT1"
gs_ind_0;Pos Reg Transmembrane Rec Protein Serine/Threonine Kinase Signaling Pathway (GO:0090100);3/86;0.023119077805794933;0.2763668631117513;5.984786408045154;22.545271661108874;"BMP7;CCN1;SMAD3"
gs_ind_0;Positive Regulation of Apoptotic Process (GO:0043065);5/307;0.06704088330814395;0.2763668631117513;2.6078048780487806;7.047469195692754;"MELK;BCL2L11;TOP2A;PNMA5;SCRIB"
gs_ind_0;Positive Regulation of Attachment of Mitotic Spindle Microtubules to Kinetochore (GO:1902425);1/8;0.05527932935755204;0.2763668631117513;28.16244131455399;81.54029994966618;INCENP
gs_ind_0;Small Nucleolar Ribonucleoprotein Complex Assembly (GO:0000491);1/11;0.07521917824954164;0.2763668631117513;20.112005365526493;52.0367779886966;RUVBL1
gs_ind_0;Pericardium Morphogenesis (GO:0003344);1/6;0.04175007480948703;0.2763668631117513;38.40845070422535;121.98731486962713;BMP7
gs_ind_0;Phosphatidylinositol-mediated Signaling (GO:0048015);2/24;0.012387324133628693;0.2763668631117513;15.778304370721433;69.28382163084629;"PLCH2;PLCB3"
gs_ind_0;Phospholipase C-activating Serotonin Receptor Signaling Pathway (GO:0007208);1/5;0.034913647152773813;0.2763668631117513;46.94679186228482;157.50073526115452;PLCB3
gs_ind_0;Plasma Membrane Phospholipid Scrambling (GO:0017121);1/11;0.07521917824954164;0.2763668631117513;20.112005365526493;52.0367779886966;SERINC2
gs_ind_0;Response to Sterol (GO:0036314);1/11;0.07521917824954164;0.2763668631117513;20.112005365526493;52.0367779886966;PMVK
gs_ind_0;Response to Vasopressin (GO:1904116);1/5;0.034913647152773813;0.2763668631117513;46.94679186228482;157.50073526115452;ADCY6
gs_ind_0;Response to Yeast (GO:0001878);1/11;0.07521917824954164;0.2763668631117513;20.112005365526493;52.0367779886966;ANG
gs_ind_0;Organelle Disassembly (GO:1903008);2/47;0.04368569278401622;0.2763668631117513;7.790479662517577;24.389924438304654;"FAF2;CDK5RAP3"
gs_ind_0;Organelle Organization (GO:0006996);7/442;0.037512110796174225;0.2763668631117513;2.4964442997412477;8.196054919853871;"KIF3A;MYH14;FAF2;COG4;TRAPPC12;MAPKAP1;CHMP2B"
gs_ind_0;Peptidyl-proline Modification (GO:0018208);1/5;0.034913647152773813;0.2763668631117513;46.94679186228482;157.50073526115452;P3H2
gs_ind_0;Hematopoietic Stem Cell Migration (GO:0035701);1/5;0.034913647152773813;0.2763668631117513;46.94679186228482;157.50073526115452;BCL11B
gs_ind_0;Heme Transport (GO:0015886);1/6;0.04175007480948703;0.2763668631117513;38.40845070422535;121.98731486962713;SLC48A1
gs_ind_0;Negative Regulation of Mitotic Nuclear Division (GO:0045839);1/8;0.05527932935755204;0.2763668631117513;28.16244131455399;81.54029994966618;BMP7
gs_ind_0;Negative Regulation of Neuron Apoptotic Process (GO:0043524);3/83;0.02107288452029236;0.2763668631117513;6.209070106095278;23.965571091054272;"CX3CL1;TMBIM1;RETREG1"
gs_ind_0;Pericardium Development (GO:0060039);1/8;0.05527932935755204;0.2763668631117513;28.16244131455399;81.54029994966618;BMP7
gs_ind_0;Spinal Cord Dorsal/Ventral Patterning (GO:0021513);1/6;0.04175007480948703;0.2763668631117513;38.40845070422535;121.98731486962713;IFT122
gs_ind_0;Intrinsic Apoptotic Signaling Pathway in Response to DNA Damage (GO:0008630);2/62;0.07141963022577376;0.2763668631117513;5.8530805687203795;15.44734789169564;"BCL2L11;CDIP1"
gs_ind_0;Iron Coordination Entity Transport (GO:1901678);1/6;0.04175007480948703;0.2763668631117513;38.40845070422535;121.98731486962713;SLC48A1
gs_ind_0;Isopentenyl Diphosphate Biosynthetic Process (GO:0009240);1/5;0.034913647152773813;0.2763668631117513;46.94679186228482;157.50073526115452;PMVK
gs_ind_0;L-amino Acid Biosynthetic Process (GO:0170034);1/9;0.061972821064527395;0.2763668631117513;24.84755592377796;69.10252797435498;CTH
gs_ind_0;Response to Forskolin (GO:1904321);1/11;0.07521917824954164;0.2763668631117513;20.112005365526493;52.0367779886966;ADCY6
gs_ind_0;Negative Regulation of Very-Low-Density Lipoprotein Particle Remodeling (GO:0010903);1/6;0.04175007480948703;0.2763668631117513;38.40845070422535;121.98731486962713;ANGPTL4
gs_ind_0;Neural Tube Closure (GO:0001843);2/31;0.020211300949550832;0.2763668631117513;12.028677002168848;46.930044244352985;"IFT122;SCRIB"
gs_ind_0;Neuroblast Proliferation (GO:0007405);1/6;0.04175007480948703;0.2763668631117513;38.40845070422535;121.98731486962713;RACGAP1
gs_ind_0;Neuron Remodeling (GO:0016322);1/10;0.06861932845781894;0.2763668631117513;22.23054114158636;59.559644068515276;CX3CL1
gs_ind_0;Negative Regulation of Smoothened Signaling Pathway (GO:0045879);2/29;0.01780905906425967;0.2763668631117513;12.90521327014218;51.982818695352094;"PRKACA;IFT122"
gs_ind_0;Negative Regulation of Transforming Growth Factor Beta Production (GO:0071635);1/11;0.07521917824954164;0.2763668631117513;20.112005365526493;52.0367779886966;SMAD3
gs_ind_0;Negative Regulation of Translation (GO:0017148);3/107;0.04034888643322402;0.2763668631117513;4.775371442961471;15.329856731188437;"CPEB1;SCRIB;ANG"
gs_ind_0;Negative Regulation of Golgi to Plasma Membrane Protein Transport (GO:0042997);1/7;0.04853852435896958;0.2763668631117513;32.49729144095341;98.31722362128414;CSK
gs_ind_0;Negative Regulation of Growth (GO:0045926);3/115;0.04822445770640586;0.2763668631117513;4.433407761828814;13.441600071877236;"DCBLD2;SMARCA2;SMAD3"
gs_ind_0;Negative Regulation of Translation in Response to Stress (GO:0032055);1/5;0.034913647152773813;0.2763668631117513;46.94679186228482;157.50073526115452;ANG
gs_ind_0;Leukocyte Aggregation (GO:0070486);1/8;0.05527932935755204;0.2763668631117513;28.16244131455399;81.54029994966618;BMP7
gs_ind_0;Leukotriene D4 Biosynthetic Process (GO:1901750);1/8;0.05527932935755204;0.2763668631117513;28.16244131455399;81.54029994966618;GGTA1
gs_ind_0;MRNA Metabolic Process (GO:0016071);3/128;0.0624967294663437;0.2763668631117513;3.97070092834404;11.009328399726748;"ZC3H13;PRKACA;SF3B2"
gs_ind_0;Negative Regulation of Protein Transport (GO:0051224);2/26;0.014453301656359106;0.2763668631117513;14.488345101073605;61.38468997839488;"RHBDF2;CSK"
gs_ind_0;Negative Regulation of Response to Wounding (GO:1903035);2/25;0.013402837890287293;0.2763668631117513;15.105878793990119;65.14091211257083;"CERS2;SERPINE1"
gs_ind_0;Negative Regulation of Plasminogen Activation (GO:0010757);1/7;0.04853852435896958;0.2763668631117513;32.49729144095341;98.31722362128414;SERPINE1
gs_ind_0;Negative Regulation of Platelet Aggregation (GO:0090331);1/10;0.06861932845781894;0.2763668631117513;22.23054114158636;59.559644068515276;SH2B3
gs_ind_0;Negative Regulation of Programmed Cell Death (GO:0043069);6/410;0.0710688930016003;0.2763668631117513;2.311355623618528;6.111468228815293;"PLAUR;HSP90B1;ANGPTL4;CX3CL1;MAPKAP1;ANG"
gs_ind_0;Negative Regulation of Protein Localization to Chromatin (GO:0120186);1/10;0.06861932845781894;0.2763668631117513;22.23054114158636;59.559644068515276;PRKACA
gs_ind_0;Negative Regulation of Protein Localization to Plasma Membrane (GO:1903077);2/31;0.020211300949550832;0.2763668631117513;12.028677002168848;46.930044244352985;"CSK;TMBIM1"
gs_ind_0;Negative Regulation of Microglial Cell Activation (GO:1903979);1/8;0.05527932935755204;0.2763668631117513;28.16244131455399;81.54029994966618;CX3CL1
gs_ind_0;Negative Regulation of Mitotic Cell Cycle (GO:0045930);2/30;0.01899401729798688;0.2763668631117513;12.451567306892825;49.353421020795246;"SCRIB;BMP7"
gs_ind_0;Negative Regulation of Mitotic Metaphase/Anaphase Transition (GO:0045841);2/30;0.01899401729798688;0.2763668631117513;12.451567306892825;49.353421020795246;"SPC25;BUB1B"
gs_ind_0;Negative Regulation of Developmental Process (GO:0051093);3/121;0.054589345047791005;0.2763668631117513;4.207235580320191;12.23429001970293;"SINHCAF;SMARCA2;SMAD3"
gs_ind_0;Retrograde Transport, Vesicle Recycling Within Golgi (GO:0000301);1/9;0.061972821064527395;0.2763668631117513;24.84755592377796;69.10252797435498;COG4
gs_ind_0;Secondary Alcohol Biosynthetic Process (GO:1902653);2/30;0.01899401729798688;0.2763668631117513;12.451567306892825;49.353421020795246;"PMVK;FDPS"
gs_ind_0;Mitotic Sister Chromatid Cohesion, Centromeric (GO:0071962);1/5;0.034913647152773813;0.2763668631117513;46.94679186228482;157.50073526115452;SGO1
gs_ind_0;Negative Regulation of Neuron Migration (GO:2001223);1/6;0.04175007480948703;0.2763668631117513;38.40845070422535;121.98731486962713;CX3CL1
gs_ind_0;Negative Regulation of Neuron Projection Regeneration (GO:0070571);1/8;0.05527932935755204;0.2763668631117513;28.16244131455399;81.54029994966618;CERS2
gs_ind_0;Negative Regulation of Nuclear Division (GO:0051784);1/10;0.06861932845781894;0.2763668631117513;22.23054114158636;59.559644068515276;BMP7
gs_ind_0;Megakaryocyte Development (GO:0035855);1/11;0.07521917824954164;0.2763668631117513;20.112005365526493;52.0367779886966;SH2B3
gs_ind_0;Meiotic Sister Chromatid Cohesion, Centromeric (GO:0051754);1/5;0.034913647152773813;0.2763668631117513;46.94679186228482;157.50073526115452;BUB1B
gs_ind_0;Mesonephros Development (GO:0001823);1/11;0.07521917824954164;0.2763668631117513;20.112005365526493;52.0367779886966;BMP7
gs_ind_0;Negative Regulation of Homotypic Cell-Cell Adhesion (GO:0034111);1/11;0.07521917824954164;0.2763668631117513;20.112005365526493;52.0367779886966;SH2B3
gs_ind_0;Serine Family Amino Acid Biosynthetic Process (GO:0009070);1/10;0.06861932845781894;0.2763668631117513;22.23054114158636;59.559644068515276;CTH
gs_ind_0;Negative Regulation of Extrinsic Apoptotic Signaling Pathway via Death Domain Receptors (GO:1902042);2/25;0.013402837890287293;0.2763668631117513;15.105878793990119;65.14091211257083;"TMBIM1;SERPINE1"
gs_ind_0;Negative Regulation of Fas Signaling Pathway (GO:1902045);1/5;0.034913647152773813;0.2763668631117513;46.94679186228482;157.50073526115452;TMBIM1
gs_ind_0;Negative Regulation of G Protein-Coupled Receptor Signaling Pathway (GO:0045744);2/55;0.05788081593435387;0.2763668631117513;6.622004695043628;18.86853675218101;"SH2B3;SERPINE1"
gs_ind_0;Negative Regulation of Glial Cell Proliferation (GO:0060253);1/7;0.04853852435896958;0.2763668631117513;32.49729144095341;98.31722362128414;CERS2
gs_ind_0;Regulation of Myoblast Differentiation (GO:0045661);2/59;0.06549874091358839;0.2763668631117513;6.159695033999588;16.78963079953296;"BRD7;SMARCA2"
gs_ind_0;Adenylate Cyclase-Inhibiting Serotonin Receptor Signaling Pathway (GO:0007198);1/10;0.06861932845781894;0.2763668631117513;22.23054114158636;59.559644068515276;ADCY6
gs_ind_0;Regulation of Nitric-Oxide Synthase Activity (GO:0050999);1/7;0.04853852435896958;0.2763668631117513;32.49729144095341;98.31722362128414;GCH1
gs_ind_0;Regulation of Nucleotide-Excision Repair (GO:2000819);2/29;0.01780905906425967;0.2763668631117513;12.90521327014218;51.982818695352094;"BRD7;SMARCA2"
gs_ind_0;Mitotic Sister Chromatid Segregation (GO:0000070);3/128;0.0624967294663437;0.2763668631117513;3.97070092834404;11.009328399726748;"CHMP2B;INCENP;DLGAP5"
gs_ind_0;Mitotic Spindle Assembly (GO:0090307);2/48;0.045379058625416344;0.2763668631117513;7.622432859399684;23.573932741416186;"RACGAP1;INCENP"
gs_ind_0;Mitotic Spindle Assembly Checkpoint Signaling (GO:0007094);2/28;0.016656939941618563;0.2763668631117513;13.393096664580167;54.84377103975228;"SPC25;BUB1B"
gs_ind_0;Mitotic Spindle Checkpoint Signaling (GO:0071174);2/28;0.016656939941618563;0.2763668631117513;13.393096664580167;54.84377103975228;"SPC25;BUB1B"
gs_ind_0;Mitotic Spindle Organization (GO:0007052);3/96;0.030692689268925724;0.2763668631117513;5.341120180129468;18.607024810240844;"SPC25;INCENP;DLGAP5"
gs_ind_0;Morphogenesis of an Epithelial Sheet (GO:0002011);1/10;0.06861932845781894;0.2763668631117513;22.23054114158636;59.559644068515276;BMP7
gs_ind_0;Multicellular Organismal-Level Water Homeostasis (GO:0050891);2/33;0.02274081722644679;0.2763668631117513;11.263446926954035;42.61630856167536;"ADCY6;PRKACA"
gs_ind_0;Negative Regulation of Cell Growth (GO:0030308);3/124;0.05791560969123234;0.2763668631117513;4.102526237029161;11.687146830611582;"DCBLD2;SMARCA2;SMAD3"
gs_ind_0;N-acylethanolamine Metabolic Process (GO:0070291);1/5;0.034913647152773813;0.2763668631117513;46.94679186228482;157.50073526115452;GDPD1
gs_ind_0;Negative Regulation of Activated T Cell Proliferation (GO:0046007);1/11;0.07521917824954164;0.2763668631117513;20.112005365526493;52.0367779886966;SCRIB
gs_ind_0;Vesicle Fusion With Vacuole (GO:0051469);1/11;0.07521917824954164;0.2763668631117513;20.112005365526493;52.0367779886966;CHMP2B
gs_ind_0;Adenylate Cyclase-Activating Serotonin Receptor Signaling Pathway (GO:0007192);1/5;0.034913647152773813;0.2763668631117513;46.94679186228482;157.50073526115452;ADCY6
gs_ind_0;Negative Regulation of Cytoplasmic Translation (GO:2000766);1/11;0.07521917824954164;0.2763668631117513;20.112005365526493;52.0367779886966;CPEB1
gs_ind_0;Regulation of Chemokine-Mediated Signaling Pathway (GO:0070099);1/9;0.061972821064527395;0.2763668631117513;24.84755592377796;69.10252797435498;SH2B3
gs_ind_0;CXCL12-activated CXCR4 Signaling Pathway (GO:0038160);1/5;0.034913647152773813;0.2763668631117513;46.94679186228482;157.50073526115452;WBP1L
gs_ind_0;CAMP Biosynthetic Process (GO:0006171);1/10;0.06861932845781894;0.2763668631117513;22.23054114158636;59.559644068515276;ADCY6
gs_ind_0;C-X-C Chemokine Receptor CXCR4 Signaling Pathway (GO:0038159);1/6;0.04175007480948703;0.2763668631117513;38.40845070422535;121.98731486962713;WBP1L
gs_ind_0;Regulation of Phosphatase Activity (GO:0010921);1/10;0.06861932845781894;0.2763668631117513;22.23054114158636;59.559644068515276;CDK5RAP3
gs_ind_0;Regulation of Osteoblast Differentiation (GO:0045667);3/98;0.03234581434872205;0.2763668631117513;5.228562839750495;17.940614228589915;"PRKACA;CCN1;BMP7"
gs_ind_0;Regulation of Odontoblast Differentiation (GO:1901329);1/10;0.06861932845781894;0.2763668631117513;22.23054114158636;59.559644068515276;SERPINE1
gs_ind_0;Basement Membrane Assembly (GO:0070831);1/5;0.034913647152773813;0.2763668631117513;46.94679186228482;157.50073526115452;NTN4
gs_ind_0;Autocrine Signaling (GO:0035425);1/8;0.05527932935755204;0.2763668631117513;28.16244131455399;81.54029994966618;CX3CL1
gs_ind_0;Antibacterial Humoral Response (GO:0019731);2/64;0.07546016958007817;0.2763668631117513;5.665023696682464;14.63927278252432;"RNASE4;ANG"
gs_ind_0;Apoptotic Chromosome Condensation (GO:0030263);1/5;0.034913647152773813;0.2763668631117513;46.94679186228482;157.50073526115452;TOP2A
gs_ind_0;Negative Regulation of Cell Differentiation (GO:0045596);4/225;0.07575677824217952;0.27657236501113164;2.9016586514868976;7.4869390328097785;"SINHCAF;SMARCA2;SMAD3;BMP7"
gs_ind_0;RNA Processing (GO:0006396);5/319;0.07621363739226736;0.27735975633261856;2.5062546046764123;6.451637856075868;"ZC3H13;PRKACA;SF3B2;HNRNPC;HNRNPDL"
gs_ind_0;Vascular Process in Circulatory System (GO:0003018);1/13;0.08828020064033458;0.27738314408848297;16.891830985915494;41.000518126476564;ADCY6
gs_ind_0;Vacuole Fusion (GO:0097576);1/13;0.08828020064033458;0.27738314408848297;16.891830985915494;41.000518126476564;CHMP2B
gs_ind_0;Regulation of Protein Localization to Chromatin (GO:1905634);1/13;0.08828020064033458;0.27738314408848297;16.891830985915494;41.000518126476564;PRKACA
gs_ind_0;Camera-type Eye Morphogenesis (GO:0048593);1/13;0.08828020064033458;0.27738314408848297;16.891830985915494;41.000518126476564;IFT122
gs_ind_0;Morphogenesis of a Polarized Epithelium (GO:0001738);1/12;0.08177269490145893;0.27738314408848297;18.361910593998775;45.97477014657008;SCRIB
gs_ind_0;Negative Regulation of Cell Motility (GO:2000146);3/142;0.07979648421896086;0.27738314408848297;3.5688463583200427;9.023027999085999;"CX3CL1;SINHCAF;SERPINE1"
gs_ind_0;CAMP/PKA Signal Transduction (GO:0141156);1/12;0.08177269490145893;0.27738314408848297;18.361910593998775;45.97477014657008;PRKACA
gs_ind_0;Regulation of Neurogenesis (GO:0050767);2/65;0.07750735329783442;0.27738314408848297;5.575437548979363;14.258526227265076;"CX3CL1;BHLHE41"
gs_ind_0;Positive Regulation of Metaphase/Anaphase Transition of Cell Cycle (GO:1902101);1/13;0.08828020064033458;0.27738314408848297;16.891830985915494;41.000518126476564;DLGAP5
gs_ind_0;Positive Regulation of Endoplasmic Reticulum Unfolded Protein Response (GO:1900103);1/13;0.08828020064033458;0.27738314408848297;16.891830985915494;41.000518126476564;BCL2L11
gs_ind_0;Positive Regulation of Mitotic Cytokinesis (GO:1903490);1/13;0.08828020064033458;0.27738314408848297;16.891830985915494;41.000518126476564;INCENP
gs_ind_0;Positive Regulation of Extracellular Matrix Disassembly (GO:0090091);1/12;0.08177269490145893;0.27738314408848297;18.361910593998775;45.97477014657008;PLAUR
gs_ind_0;Regulation of Golgi to Plasma Membrane Protein Transport (GO:0042996);1/13;0.08828020064033458;0.27738314408848297;16.891830985915494;41.000518126476564;CSK
gs_ind_0;Cellular Response to Catecholamine Stimulus (GO:0071870);1/13;0.08828020064033458;0.27738314408848297;16.891830985915494;41.000518126476564;ADCY6
gs_ind_0;Glucan Metabolic Process (GO:0044042);1/13;0.08828020064033458;0.27738314408848297;16.891830985915494;41.000518126476564;UGP2
gs_ind_0;Regulation of Mitotic Sister Chromatid Separation (GO:0010965);1/13;0.08828020064033458;0.27738314408848297;16.891830985915494;41.000518126476564;INCENP
gs_ind_0;Regulation of Mitochondrial Gene Expression (GO:0062125);1/12;0.08177269490145893;0.27738314408848297;18.361910593998775;45.97477014657008;KANSL3
gs_ind_0;Negative Regulation of Fibrinolysis (GO:0051918);1/12;0.08177269490145893;0.27738314408848297;18.361910593998775;45.97477014657008;SERPINE1
gs_ind_0;Sensory Perception (GO:0007600);2/65;0.07750735329783442;0.27738314408848297;5.575437548979363;14.258526227265076;"GNAL;RETREG1"
gs_ind_0;Regulation of Glutamate Receptor Signaling Pathway (GO:1900449);1/13;0.08828020064033458;0.27738314408848297;16.891830985915494;41.000518126476564;CX3CL1
gs_ind_0;Positive Regulation of T Cell Differentiation (GO:0045582);2/67;0.08165380585017837;0.27738314408848297;5.404471618248254;13.539643580976518;"BRD7;SMARCA2"
gs_ind_0;Positive Regulation of Sterol Biosynthetic Process (GO:0106120);1/13;0.08828020064033458;0.27738314408848297;16.891830985915494;41.000518126476564;PRKACA
gs_ind_0;MRNA Transport (GO:0051028);2/68;0.08375238935523509;0.27738314408848297;5.322845027260094;13.200073236947516;"SARNP;SRSF3"
gs_ind_0;MRNA Export From Nucleus (GO:0006406);2/67;0.08165380585017837;0.27738314408848297;5.404471618248254;13.539643580976518;"SARNP;SRSF3"
gs_ind_0;Regulation of Axon Regeneration (GO:0048679);1/12;0.08177269490145893;0.27738314408848297;18.361910593998775;45.97477014657008;CERS2
gs_ind_0;Regulation of Short-Term Neuronal Synaptic Plasticity (GO:0048172);1/13;0.08828020064033458;0.27738314408848297;16.891830985915494;41.000518126476564;PPFIA3
gs_ind_0;Negative Regulation of Myotube Differentiation (GO:0010832);1/12;0.08177269490145893;0.27738314408848297;18.361910593998775;45.97477014657008;BHLHE41
gs_ind_0;Regulation of Dephosphorylation (GO:0035303);1/12;0.08177269490145893;0.27738314408848297;18.361910593998775;45.97477014657008;CDK5RAP3
gs_ind_0;Positive Regulation of Dendrite Development (GO:1900006);1/13;0.08828020064033458;0.27738314408848297;16.891830985915494;41.000518126476564;BMP7
gs_ind_0;Positive Regulation of Coagulation (GO:0050820);1/12;0.08177269490145893;0.27738314408848297;18.361910593998775;45.97477014657008;SERPINE1
gs_ind_0;Positive Regulation of Cholesterol Biosynthetic Process (GO:0045542);1/13;0.08828020064033458;0.27738314408848297;16.891830985915494;41.000518126476564;PRKACA
gs_ind_0;Negative Regulation of Hemostasis (GO:1900047);1/13;0.08828020064033458;0.27738314408848297;16.891830985915494;41.000518126476564;SERPINE1
gs_ind_0;Hematopoietic Stem Cell Proliferation (GO:0071425);1/12;0.08177269490145893;0.27738314408848297;18.361910593998775;45.97477014657008;ANG
gs_ind_0;Homocysteine Metabolic Process (GO:0050667);1/12;0.08177269490145893;0.27738314408848297;18.361910593998775;45.97477014657008;CTH
gs_ind_0;Synapse Pruning (GO:0098883);1/12;0.08177269490145893;0.27738314408848297;18.361910593998775;45.97477014657008;CX3CL1
gs_ind_0;Regulation of Tube Diameter (GO:0035296);1/13;0.08828020064033458;0.27738314408848297;16.891830985915494;41.000518126476564;ADCY6
gs_ind_0;Antifungal Humoral Response (GO:0019732);1/13;0.08828020064033458;0.27738314408848297;16.891830985915494;41.000518126476564;ANG
gs_ind_0;Multivesicular Body-Lysosome Fusion (GO:0061763);1/12;0.08177269490145893;0.27738314408848297;18.361910593998775;45.97477014657008;CHMP2B
gs_ind_0;Protein Localization to Cilium (GO:0061512);2/68;0.08375238935523509;0.27738314408848297;5.322845027260094;13.200073236947516;"KIF3A;IFT122"
gs_ind_0;Co-transcriptional mRNA 3'-End Processing, Cleavage and Polyadenylation Pathway (GO:0180010);1/12;0.08177269490145893;0.27738314408848297;18.361910593998775;45.97477014657008;SSU72
gs_ind_0;Nodal Signaling Pathway (GO:0038092);1/13;0.08828020064033458;0.27738314408848297;16.891830985915494;41.000518126476564;SMAD3
gs_ind_0;Protein Hydroxylation (GO:0018126);1/13;0.08828020064033458;0.27738314408848297;16.891830985915494;41.000518126476564;P3H2
gs_ind_0;Proteinogenic Amino Acid Biosynthetic Process (GO:0170038);1/13;0.08828020064033458;0.27738314408848297;16.891830985915494;41.000518126476564;CTH
gs_ind_0;Protein-containing Complex Disassembly (GO:0032984);2/69;0.08586742729221769;0.27738314408848297;5.243637001930841;12.872870408361951;"CHMP2B;PEX5"
gs_ind_0;Nucleotide-sugar Metabolic Process (GO:0009225);1/12;0.08177269490145893;0.27738314408848297;18.361910593998775;45.97477014657008;UGP2
gs_ind_0;TRNA Transcription (GO:0009304);1/12;0.08177269490145893;0.27738314408848297;18.361910593998775;45.97477014657008;GTF3C2
gs_ind_0;Reg of Single Stranded Viral RNA Replication via Double Stranded DNA Intermediate (GO:0045091);1/13;0.08828020064033458;0.27738314408848297;16.891830985915494;41.000518126476564;TOP2A
gs_ind_0;Negative Regulation of Striated Muscle Cell Apoptotic Process (GO:0010664);1/13;0.08828020064033458;0.27738314408848297;16.891830985915494;41.000518126476564;BMP7
gs_ind_0;Positive Regulation of Heterotypic Cell-Cell Adhesion (GO:0034116);1/13;0.08828020064033458;0.27738314408848297;16.891830985915494;41.000518126476564;BMP7
gs_ind_0;Fibrinolysis (GO:0042730);1/13;0.08828020064033458;0.27738314408848297;16.891830985915494;41.000518126476564;SERPINE1
gs_ind_0;Adenylate Cyclase-Modulating G Protein-Coupled Receptor Signaling Pathway (GO:0007188);4/238;0.08876749224750755;0.27815426726058223;2.7383888013349402;6.6316513857488815;"PRKACA;ADORA2B;ADCY6;GNAL"
gs_ind_0;Regulation of mRNA 3'-End Processing (GO:0031440);1/14;0.09474201547318108;0.2815331209151376;15.639540949400104;36.8561063552595;CPEB1
gs_ind_0;CAMP Metabolic Process (GO:0046058);1/14;0.09474201547318108;0.2815331209151376;15.639540949400104;36.8561063552595;ADCY6
gs_ind_0;Negative Regulation of Cell Adhesion Mediated by Integrin (GO:0033629);1/14;0.09474201547318108;0.2815331209151376;15.639540949400104;36.8561063552595;SERPINE1
gs_ind_0;Termination of RNA Polymerase II Transcription (GO:0006369);1/14;0.09474201547318108;0.2815331209151376;15.639540949400104;36.8561063552595;SSU72
gs_ind_0;Negative Regulation of Extrinsic Apoptotic Signaling Pathway (GO:2001237);2/73;0.09448552086077383;0.2815331209151376;4.94896099161502;11.676126597903446;"TMBIM1;SERPINE1"
gs_ind_0;Membraneless Organelle Assembly (GO:0140694);3/151;0.0919011252654538;0.2815331209151376;3.3505227715754033;7.997838595263736;"FLII;DLGAP5;ANG"
gs_ind_0;Establishment of Apical/Basal Cell Polarity (GO:0035089);1/14;0.09474201547318108;0.2815331209151376;15.639540949400104;36.8561063552595;SCRIB
gs_ind_0;Negative Regulation of Ras Protein Signal Transduction (GO:0046580);1/14;0.09474201547318108;0.2815331209151376;15.639540949400104;36.8561063552595;MAPKAP1
gs_ind_0;Regulation of Attachment of Spindle Microtubules to Kinetochore (GO:0051988);1/14;0.09474201547318108;0.2815331209151376;15.639540949400104;36.8561063552595;RACGAP1
gs_ind_0;Positive Regulation of Phosphorylation (GO:0042327);2/72;0.09230795699150535;0.2815331209151376;5.019495143020403;11.959574280156547;"PLAUR;ANG"
gs_ind_0;Regulation of ERBB Signaling Pathway (GO:1901184);1/14;0.09474201547318108;0.2815331209151376;15.639540949400104;36.8561063552595;RHBDF2
gs_ind_0;Phosphatidylinositol Metabolic Process (GO:0046488);2/72;0.09230795699150535;0.2815331209151376;5.019495143020403;11.959574280156547;"PLCH2;PLCB3"
gs_ind_0;Protein Localization to Peroxisome (GO:0072662);1/14;0.09474201547318108;0.2815331209151376;15.639540949400104;36.8561063552595;PEX5
gs_ind_0;Positive Regulation of Sodium Ion Transmembrane Transport (GO:1902307);1/14;0.09474201547318108;0.2815331209151376;15.639540949400104;36.8561063552595;FXYD5
gs_ind_0;Co-transcriptional RNA 3'-End Processing, Cleavage and Polyadenylation Pathway (GO:0180012);1/14;0.09474201547318108;0.2815331209151376;15.639540949400104;36.8561063552595;SSU72
gs_ind_0;Polarized Epithelial Cell Differentiation (GO:0030859);1/14;0.09474201547318108;0.2815331209151376;15.639540949400104;36.8561063552595;SCRIB
gs_ind_0;Regulation of Mitotic Cytokinesis (GO:1902412);1/14;0.09474201547318108;0.2815331209151376;15.639540949400104;36.8561063552595;INCENP
gs_ind_0;Negative Regulation of Cell Adhesion (GO:0007162);2/71;0.0901455383846071;0.2815331209151376;5.092059054178458;12.25317355530011;"CX3CL1;SERPINE1"
gs_ind_0;Negative Regulation of Apoptotic Signaling Pathway (GO:2001234);2/73;0.09448552086077383;0.2815331209151376;4.94896099161502;11.676126597903446;"CX3CL1;PLAUR"
gs_ind_0;Formation of Cytoplasmic Translation Initiation Complex (GO:0001732);1/14;0.09474201547318108;0.2815331209151376;15.639540949400104;36.8561063552595;EIF3I
gs_ind_0;RNA Export From Nucleus (GO:0006405);2/76;0.1011059228742761;0.28304677806025835;4.74871974299437;10.882102389432253;"SARNP;SRSF3"
gs_ind_0;Peroxisomal Membrane Transport (GO:0015919);1/15;0.10115845720240536;0.28304677806025835;14.559980573093736;33.357892589379716;PEX5
gs_ind_0;Plasma Membrane Organization (GO:0007009);2/74;0.09667791204566793;0.28304677806025835;4.880372609903579;11.40235771597219;"CHMP2B;SERINC2"
gs_ind_0;Response to Prostaglandin E (GO:0034695);1/15;0.10115845720240536;0.28304677806025835;14.559980573093736;33.357892589379716;ADCY6
gs_ind_0;Negative Regulation of Cellular Process (GO:0048523);7/551;0.09608099010478582;0.28304677806025835;1.9817578772802653;4.642394256268806;"P3H2;SINHCAF;BMP7;SH2B3;SMARCA2;SMAD3;DCBLD2"
gs_ind_0;Protein Import Into Peroxisome Matrix (GO:0016558);1/15;0.10115845720240536;0.28304677806025835;14.559980573093736;33.357892589379716;PEX5
gs_ind_0;Cholesterol Metabolic Process (GO:0008203);2/76;0.1011059228742761;0.28304677806025835;4.74871974299437;10.882102389432253;"PMVK;FDPS"
gs_ind_0;T Cell Differentiation in Thymus (GO:0033077);1/15;0.10115845720240536;0.28304677806025835;14.559980573093736;33.357892589379716;MR1
gs_ind_0;Cellular Response to Glucagon Stimulus (GO:0071377);1/15;0.10115845720240536;0.28304677806025835;14.559980573093736;33.357892589379716;ADCY6
gs_ind_0;Positive Regulation of Mitotic Metaphase/Anaphase Transition (GO:0045842);1/15;0.10115845720240536;0.28304677806025835;14.559980573093736;33.357892589379716;DLGAP5
gs_ind_0;Positive Regulation of Fatty Acid Biosynthetic Process (GO:0045723);1/15;0.10115845720240536;0.28304677806025835;14.559980573093736;33.357892589379716;SLC45A3
gs_ind_0;Positive Regulation of Protein Localization to Nucleus (GO:1900182);2/75;0.09888481626626205;0.28304677806025835;4.813650578714898;11.137822678943508;"CDK5RAP3;SMAD3"
gs_ind_0;Ganglioside Biosynthetic Process (GO:0001574);1/15;0.10115845720240536;0.28304677806025835;14.559980573093736;33.357892589379716;B4GALNT1
gs_ind_0;Response to Chemokine (GO:1990868);1/15;0.10115845720240536;0.28304677806025835;14.559980573093736;33.357892589379716;SH2B3
gs_ind_0;Negative Regulation of Lipopolysaccharide-Mediated Signaling Pathway (GO:0031665);1/15;0.10115845720240536;0.28304677806025835;14.559980573093736;33.357892589379716;SMAD3
gs_ind_0;Regulation of Homotypic Cell-Cell Adhesion (GO:0034110);1/15;0.10115845720240536;0.28304677806025835;14.559980573093736;33.357892589379716;PLAUR
gs_ind_0;Negative Regulation of Neuroinflammatory Response (GO:0150079);1/15;0.10115845720240536;0.28304677806025835;14.559980573093736;33.357892589379716;CX3CL1
gs_ind_0;Cellular Response to ATP (GO:0071318);1/15;0.10115845720240536;0.28304677806025835;14.559980573093736;33.357892589379716;HSP90B1
gs_ind_0;Negative Regulation of Cell Cycle (GO:0045786);2/76;0.1011059228742761;0.28304677806025835;4.74871974299437;10.882102389432253;"SCRIB;BMP7"
gs_ind_0;Regulation of Neuron Differentiation (GO:0045664);2/74;0.09667791204566793;0.28304677806025835;4.880372609903579;11.40235771597219;"CDK5RAP3;BMP7"
gs_ind_0;Embryonic Hemopoiesis (GO:0035162);1/15;0.10115845720240536;0.28304677806025835;14.559980573093736;33.357892589379716;SH2B3
gs_ind_0;Negative Regulation of Smooth Muscle Cell Migration (GO:0014912);1/15;0.10115845720240536;0.28304677806025835;14.559980573093736;33.357892589379716;SERPINE1
gs_ind_0;Embryonic Organ Development (GO:0048568);2/75;0.09888481626626205;0.28304677806025835;4.813650578714898;11.137822678943508;"SH2B3;IFT122"
gs_ind_0;Activation of Adenylate Cyclase Activity (GO:0007190);1/15;0.10115845720240536;0.28304677806025835;14.559980573093736;33.357892589379716;ADORA2B
gs_ind_0;Antimicrobial Humoral Response (GO:0019730);3/158;0.10181147618529018;0.2834944252132777;3.1981876644256064;7.30668331471389;"CX3CL1;ANG;RNASE4"
gs_ind_0;Regulation of Cell Cycle Process (GO:0010564);3/158;0.10181147618529018;0.2834944252132777;3.1981876644256064;7.30668331471389;"RACGAP1;SMARCA2;BRD7"
gs_ind_0;Regulation of Neuroblast Proliferation (GO:1902692);1/16;0.10752984144085141;0.28825015770857604;13.619718309859154;30.3717930740641;CX3CL1
gs_ind_0;Positive Regulation of RNA Biosynthetic Process (GO:1902680);7/562;0.10385588124486125;0.28825015770857604;1.9410373873208215;4.395966554487491;"BMP7;RUVBL1;KANSL3;SMARCA2;SMAD3;MEAF6;TOP2A"
gs_ind_0;Negative Regulation of Coagulation (GO:0050819);1/16;0.10752984144085141;0.28825015770857604;13.619718309859154;30.3717930740641;SERPINE1
gs_ind_0;Mammary Gland Epithelium Development (GO:0061180);1/16;0.10752984144085141;0.28825015770857604;13.619718309859154;30.3717930740641;SCRIB
gs_ind_0;Regulation of Coagulation (GO:0050818);1/16;0.10752984144085141;0.28825015770857604;13.619718309859154;30.3717930740641;SERPINE1
gs_ind_0;Monosaccharide Transmembrane Transport (GO:0015749);1/16;0.10752984144085141;0.28825015770857604;13.619718309859154;30.3717930740641;SLC45A3
gs_ind_0;Pexophagy (GO:0000425);1/16;0.10752984144085141;0.28825015770857604;13.619718309859154;30.3717930740641;PEX5
gs_ind_0;Autophagy of Peroxisome (GO:0030242);1/16;0.10752984144085141;0.28825015770857604;13.619718309859154;30.3717930740641;PEX5
gs_ind_0;Positive Regulation of Brown Fat Cell Differentiation (GO:0090336);1/16;0.10752984144085141;0.28825015770857604;13.619718309859154;30.3717930740641;BMP7
gs_ind_0;Nitric Oxide Biosynthetic Process (GO:0006809);1/16;0.10752984144085141;0.28825015770857604;13.619718309859154;30.3717930740641;GCH1
gs_ind_0;Regulation of IRE1-mediated Unfolded Protein Response (GO:1903894);1/16;0.10752984144085141;0.28825015770857604;13.619718309859154;30.3717930740641;BCL2L11
gs_ind_0;Cell Junction Organization (GO:0034330);2/78;0.10558951860876477;0.28825015770857604;4.623950686119629;10.395548214641552;"PPFIA3;SMAD3"
gs_ind_0;Cell Communication by Electrical Coupling Involved in Cardiac Conduction (GO:0086064);1/16;0.10752984144085141;0.28825015770857604;13.619718309859154;30.3717930740641;PRKACA
gs_ind_0;Negative Regulation of Macrophage Activation (GO:0043031);1/16;0.10752984144085141;0.28825015770857604;13.619718309859154;30.3717930740641;CX3CL1
gs_ind_0;Regulation of Microglial Cell Activation (GO:1903978);1/16;0.10752984144085141;0.28825015770857604;13.619718309859154;30.3717930740641;CX3CL1
gs_ind_0;Neuronal Action Potential (GO:0019228);1/16;0.10752984144085141;0.28825015770857604;13.619718309859154;30.3717930740641;MYH14
gs_ind_0;Positive Regulation of Organelle Organization (GO:0010638);2/79;0.10785140428461246;0.2884398021565217;4.563981042654029;10.163989823450992;"BCL2L11;PLAUR"
gs_ind_0;Negative Regulation of Response to Cytokine Stimulus (GO:0060761);1/17;0.1138564816267417;0.2931576555588106;12.793427230046948;27.797770503769442;SH2B3
gs_ind_0;Positive Regulation of DNA Repair (GO:0045739);2/80;0.11012628537840213;0.2931576555588106;4.50553928819392;9.939794228738354;"BRD7;SMARCA2"
gs_ind_0;Protein Localization to Cell-Cell Junction (GO:0150105);1/17;0.1138564816267417;0.2931576555588106;12.793427230046948;27.797770503769442;SCRIB
gs_ind_0;Regulation of Osteoblast Proliferation (GO:0033688);1/17;0.1138564816267417;0.2931576555588106;12.793427230046948;27.797770503769442;CCN1
gs_ind_0;Embryonic Heart Tube Development (GO:0035050);1/17;0.1138564816267417;0.2931576555588106;12.793427230046948;27.797770503769442;IFT122
gs_ind_0;Regulation of Response to Cytokine Stimulus (GO:0060759);1/17;0.1138564816267417;0.2931576555588106;12.793427230046948;27.797770503769442;SH2B3
gs_ind_0;Negative Regulation of Protein Processing (GO:0010955);1/17;0.1138564816267417;0.2931576555588106;12.793427230046948;27.797770503769442;SERPINE1
gs_ind_0;Regulation of DNA Strand Elongation (GO:0060382);1/17;0.1138564816267417;0.2931576555588106;12.793427230046948;27.797770503769442;RUVBL1
gs_ind_0;Cellular Response to Prostaglandin Stimulus (GO:0071379);1/17;0.1138564816267417;0.2931576555588106;12.793427230046948;27.797770503769442;ADCY6
gs_ind_0;Negative Regulation of Platelet Activation (GO:0010544);1/17;0.1138564816267417;0.2931576555588106;12.793427230046948;27.797770503769442;SH2B3
gs_ind_0;Cellular Response to Hypoxia (GO:0071456);2/81;0.11241386888310972;0.2931576555588106;4.448567766550418;9.722647180661314;"CPEB1;BMP7"
gs_ind_0;Regulation of Double-Strand Break Repair via Homologous Recombination (GO:0010569);2/82;0.11471386521866503;0.2931576555588106;4.393011686438433;9.512251374783109;"RUVBL1;MEAF6"
gs_ind_0;Mesonephric Tubule Development (GO:0072164);1/17;0.1138564816267417;0.2931576555588106;12.793427230046948;27.797770503769442;BMP7
gs_ind_0;Cellular Response to Decreased Oxygen Levels (GO:0036294);2/82;0.11471386521866503;0.2931576555588106;4.393011686438433;9.512251374783109;"CPEB1;BMP7"
gs_ind_0;Response to Glucagon (GO:0033762);1/17;0.1138564816267417;0.2931576555588106;12.793427230046948;27.797770503769442;ADCY6
gs_ind_0;Kinetochore Organization (GO:0051383);1/17;0.1138564816267417;0.2931576555588106;12.793427230046948;27.797770503769442;DLGAP5
gs_ind_0;Establishment of Protein Localization to Peroxisome (GO:0072663);1/17;0.1138564816267417;0.2931576555588106;12.793427230046948;27.797770503769442;PEX5
gs_ind_0;Regulation of Transforming Growth Factor Beta Production (GO:0071634);1/17;0.1138564816267417;0.2931576555588106;12.793427230046948;27.797770503769442;SMAD3
gs_ind_0;Sphingolipid Metabolic Process (GO:0006665);2/82;0.11471386521866503;0.2931576555588106;4.393011686438433;9.512251374783109;"CERS2;B4GALNT1"
gs_ind_0;Response to Insulin (GO:0032868);2/82;0.11471386521866503;0.2931576555588106;4.393011686438433;9.512251374783109;"MAPKAP1;CPEB1"
gs_ind_0;Leukotriene Biosynthetic Process (GO:0019370);1/18;0.12013868903851792;0.29775752671184397;12.061569416498994;25.55977381029365;GGTA1
gs_ind_0;DNA Conformation Change (GO:0071103);1/18;0.12013868903851792;0.29775752671184397;12.061569416498994;25.55977381029365;TOP2A
gs_ind_0;Acetyl-CoA Metabolic Process (GO:0006084);1/18;0.12013868903851792;0.29775752671184397;12.061569416498994;25.55977381029365;PMVK
gs_ind_0;Response to Cholesterol (GO:0070723);1/18;0.12013868903851792;0.29775752671184397;12.061569416498994;25.55977381029365;PMVK
gs_ind_0;Regulation of Receptor Recycling (GO:0001919);1/18;0.12013868903851792;0.29775752671184397;12.061569416498994;25.55977381029365;SCRIB
gs_ind_0;Basement Membrane Organization (GO:0071711);1/18;0.12013868903851792;0.29775752671184397;12.061569416498994;25.55977381029365;NTN4
gs_ind_0;Negative Regulation of Fatty Acid Biosynthetic Process (GO:0045717);1/18;0.12013868903851792;0.29775752671184397;12.061569416498994;25.55977381029365;ANGPTL4
gs_ind_0;Negative Regulation of Muscle Cell Apoptotic Process (GO:0010656);1/18;0.12013868903851792;0.29775752671184397;12.061569416498994;25.55977381029365;BMP7
gs_ind_0;Regulation of Viral Life Cycle (GO:1903900);1/18;0.12013868903851792;0.29775752671184397;12.061569416498994;25.55977381029365;KPNA2
gs_ind_0;Resolution of Meiotic Recombination Intermediates (GO:0000712);1/18;0.12013868903851792;0.29775752671184397;12.061569416498994;25.55977381029365;TOP2A
gs_ind_0;Peptide Cross-Linking (GO:0018149);1/18;0.12013868903851792;0.29775752671184397;12.061569416498994;25.55977381029365;EVPL
gs_ind_0;Positive Regulation of Homotypic Cell-Cell Adhesion (GO:0034112);1/18;0.12013868903851792;0.29775752671184397;12.061569416498994;25.55977381029365;PLAUR
gs_ind_0;Negative Regulation of Striated Muscle Cell Differentiation (GO:0051154);1/18;0.12013868903851792;0.29775752671184397;12.061569416498994;25.55977381029365;BHLHE41
gs_ind_0;Negative Regulation of Cellular Component Organization (GO:0051129);2/83;0.11702598819887172;0.29775752671184397;4.338818945715698;9.308325348383791;"ANGPTL4;PEX5"
gs_ind_0;Positive Regulation of Endocytosis (GO:0045807);2/85;0.12168548612137806;0.3009426000851285;4.234327553423958;8.918829950854017;"PRKACA;SERPINE1"
gs_ind_0;Glycerolipid Catabolic Process (GO:0046503);1/19;0.12637677280958062;0.3021801679203167;11.408831366577845;23.599025910757113;GDPD1
gs_ind_0;Glycolipid Metabolic Process (GO:0006664);1/19;0.12637677280958062;0.3021801679203167;11.408831366577845;23.599025910757113;B4GALNT1
gs_ind_0;Positive Regulation of Protein Secretion (GO:0050714);2/86;0.12403230536698702;0.3021801679203167;4.183936734064331;8.732768063632397;"PRKACA;ANG"
gs_ind_0;Regulation of Cytokinesis (GO:0032465);2/86;0.12403230536698702;0.3021801679203167;4.183936734064331;8.732768063632397;"RACGAP1;PKP4"
gs_ind_0;Lysosomal Membrane Organization (GO:0097212);1/19;0.12637677280958062;0.3021801679203167;11.408831366577845;23.599025910757113;CHMP2B
gs_ind_0;Mesenchyme Development (GO:0060485);1/19;0.12637677280958062;0.3021801679203167;11.408831366577845;23.599025910757113;BMP7
gs_ind_0;Endosome to Lysosome Transport via Multivesicular Body Sorting Pathway (GO:0032510);1/19;0.12637677280958062;0.3021801679203167;11.408831366577845;23.599025910757113;CHMP2B
gs_ind_0;Negative Regulation of MAP Kinase Activity (GO:0043407);1/19;0.12637677280958062;0.3021801679203167;11.408831366577845;23.599025910757113;CDK5RAP3
gs_ind_0;Establishment of Protein Localization to Organelle (GO:0072594);2/87;0.12639013979971508;0.3021801679203167;4.134724647321304;8.55218924254223;"KPNA2;IFT122"
gs_ind_0;SMAD Protein Signal Transduction (GO:0060395);1/19;0.12637677280958062;0.3021801679203167;11.408831366577845;23.599025910757113;SMAD3
gs_ind_0;Regulation of Bicellular Tight Junction Assembly (GO:2000810);1/19;0.12637677280958062;0.3021801679203167;11.408831366577845;23.599025910757113;PRKACA
gs_ind_0;Dolichol-linked Oligosaccharide Biosynthetic Process (GO:0006488);1/19;0.12637677280958062;0.3021801679203167;11.408831366577845;23.599025910757113;MPDU1
gs_ind_0;Protein Tetramerization (GO:0051262);2/87;0.12639013979971508;0.3021801679203167;4.134724647321304;8.55218924254223;"CTH;PEX5"
gs_ind_0;NLS-bearing Protein Import Into Nucleus (GO:0006607);1/19;0.12637677280958062;0.3021801679203167;11.408831366577845;23.599025910757113;KPNA2
gs_ind_0;Pharyngeal System Development (GO:0060037);1/19;0.12637677280958062;0.3021801679203167;11.408831366577845;23.599025910757113;BMP7
gs_ind_0;Regulation of Oligodendrocyte Differentiation (GO:0048713);1/19;0.12637677280958062;0.3021801679203167;11.408831366577845;23.599025910757113;SLC45A3
gs_ind_0;Positive Regulation of DNA Binding (GO:0043388);1/20;0.13257103994293004;0.3049133918687391;10.823040808956302;21.869432671067923;PLAUR
gs_ind_0;Regulation of Smooth Muscle Cell Migration (GO:0014910);1/20;0.13257103994293004;0.3049133918687391;10.823040808956302;21.869432671067923;SERPINE1
gs_ind_0;Ureteric Bud Development (GO:0001657);1/20;0.13257103994293004;0.3049133918687391;10.823040808956302;21.869432671067923;BMP7
gs_ind_0;Receptor Recycling (GO:0001881);1/20;0.13257103994293004;0.3049133918687391;10.823040808956302;21.869432671067923;PEX5
gs_ind_0;Positive Regulation of Alcohol Biosynthetic Process (GO:1902932);1/20;0.13257103994293004;0.3049133918687391;10.823040808956302;21.869432671067923;PRKACA
gs_ind_0;Positive Regulation of Adenylate Cyclase Activity (GO:0045762);1/20;0.13257103994293004;0.3049133918687391;10.823040808956302;21.869432671067923;ADORA2B
gs_ind_0;Cyclic Nucleotide Biosynthetic Process (GO:0009190);1/20;0.13257103994293004;0.3049133918687391;10.823040808956302;21.869432671067923;ADCY6
gs_ind_0;Actomyosin Structure Organization (GO:0031032);2/88;0.12875871971660743;0.3049133918687391;4.08665041229488;8.376877379354774;"MYH14;FLII"
gs_ind_0;Eosinophil Chemotaxis (GO:0048245);1/20;0.13257103994293004;0.3049133918687391;10.823040808956302;21.869432671067923;CX3CL1
gs_ind_0;Eosinophil Migration (GO:0072677);1/20;0.13257103994293004;0.3049133918687391;10.823040808956302;21.869432671067923;CX3CL1
gs_ind_0;Positive Regulation of Cholesterol Metabolic Process (GO:0090205);1/20;0.13257103994293004;0.3049133918687391;10.823040808956302;21.869432671067923;PRKACA
gs_ind_0;Positive Regulation of Phosphate Metabolic Process (GO:0045937);1/20;0.13257103994293004;0.3049133918687391;10.823040808956302;21.869432671067923;ANG
gs_ind_0;Positive Regulation of Glucose Metabolic Process (GO:0010907);1/20;0.13257103994293004;0.3049133918687391;10.823040808956302;21.869432671067923;SLC45A3
gs_ind_0;Regulation of Receptor Signaling Pathway via STAT (GO:1904892);1/20;0.13257103994293004;0.3049133918687391;10.823040808956302;21.869432671067923;SH2B3
gs_ind_0;Positive Regulation of Fatty Acid Metabolic Process (GO:0045923);1/20;0.13257103994293004;0.3049133918687391;10.823040808956302;21.869432671067923;SLC45A3
gs_ind_0;Macroautophagy (GO:0016236);3/177;0.1306967067983094;0.3049133918687391;2.8463141443084137;5.791895928897181;"CHMP2B;PEX5;RETREG1"
gs_ind_0;Neuron Maturation (GO:0042551);1/20;0.13257103994293004;0.3049133918687391;10.823040808956302;21.869432671067923;CX3CL1
gs_ind_0;Sodium Ion Export Across Plasma Membrane (GO:0036376);1/20;0.13257103994293004;0.3049133918687391;10.823040808956302;21.869432671067923;FXYD5
gs_ind_0;Diol Biosynthetic Process (GO:0034312);1/20;0.13257103994293004;0.3049133918687391;10.823040808956302;21.869432671067923;GCH1
gs_ind_0;Erythrocyte Development (GO:0048821);1/21;0.13872179532570708;0.3050288042534668;10.294400549639299;20.334373177375237;SH2B3
gs_ind_0;Positive Regulation of Macrophage Migration (GO:1905523);1/21;0.13872179532570708;0.3050288042534668;10.294400549639299;20.334373177375237;CX3CL1
gs_ind_0;Positive Regulation of Monocyte Chemotaxis (GO:0090026);1/21;0.13872179532570708;0.3050288042534668;10.294400549639299;20.334373177375237;SERPINE1
gs_ind_0;Regulation of Heterotypic Cell-Cell Adhesion (GO:0034114);1/21;0.13872179532570708;0.3050288042534668;10.294400549639299;20.334373177375237;BMP7
gs_ind_0;Positive Regulation of Mitotic Cell Cycle Spindle Assembly Checkpoint (GO:0090267);1/21;0.13872179532570708;0.3050288042534668;10.294400549639299;20.334373177375237;INCENP
gs_ind_0;Positive Regulation of Blood Coagulation (GO:0030194);1/21;0.13872179532570708;0.3050288042534668;10.294400549639299;20.334373177375237;SERPINE1
gs_ind_0;Energy Reserve Metabolic Process (GO:0006112);1/21;0.13872179532570708;0.3050288042534668;10.294400549639299;20.334373177375237;UGP2
gs_ind_0;Cellular Response to Oxygen-Containing Compound (GO:1901701);5/382;0.13465744294059542;0.3050288042534668;2.079037312227427;4.168513855525883;"HSP90B1;ADCY6;PEX5;CRTC2;SERPINE1"
gs_ind_0;Regulation of Cell Cycle G1/S Phase Transition (GO:1902806);2/92;0.13833521156453943;0.3050288042534668;3.9049776125265114;7.724340425990825;"BRD7;SMARCA2"
gs_ind_0;MRNA Processing (GO:0006397);4/277;0.13362793856739624;0.3050288042534668;2.3417057467609887;4.713141599369849;"ZC3H13;PRKACA;HNRNPC;SF3B2"
gs_ind_0;Negative Regulation of Response to External Stimulus (GO:0032102);3/179;0.1338920390775307;0.3050288042534668;2.813681770741559;5.657530380759203;"SERPINE1;CERS2;SMAD3"
gs_ind_0;Response to ATP (GO:0033198);1/21;0.13872179532570708;0.3050288042534668;10.294400549639299;20.334373177375237;HSP90B1
gs_ind_0;Heart Trabecula Morphogenesis (GO:0061384);1/21;0.13872179532570708;0.3050288042534668;10.294400549639299;20.334373177375237;BMP7
gs_ind_0;Reg of Cardiac Muscle Contraction by Regulation of the Release of Sequestered Calcium Ion (GO:0010881);1/21;0.13872179532570708;0.3050288042534668;10.294400549639299;20.334373177375237;PRKACA
gs_ind_0;Negative Regulation of Stem Cell Population Maintenance (GO:1902455);1/21;0.13872179532570708;0.3050288042534668;10.294400549639299;20.334373177375237;SINHCAF
gs_ind_0;Positive Regulation of Spindle Checkpoint (GO:0090232);1/21;0.13872179532570708;0.3050288042534668;10.294400549639299;20.334373177375237;INCENP
gs_ind_0;Dopamine Metabolic Process (GO:0042417);1/21;0.13872179532570708;0.3050288042534668;10.294400549639299;20.334373177375237;GCH1
gs_ind_0;Intracellular Protein Transmembrane Transport (GO:0065002);1/21;0.13872179532570708;0.3050288042534668;10.294400549639299;20.334373177375237;PEX5
gs_ind_0;Positive Regulation of Viral Life Cycle (GO:1903902);1/21;0.13872179532570708;0.3050288042534668;10.294400549639299;20.334373177375237;KPNA2
gs_ind_0;Neuromuscular Process (GO:0050905);1/21;0.13872179532570708;0.3050288042534668;10.294400549639299;20.334373177375237;GCH1
gs_ind_0;Negative Regulation of Translational Initiation (GO:0045947);1/21;0.13872179532570708;0.3050288042534668;10.294400549639299;20.334373177375237;SCRIB
gs_ind_0;Extracellular Matrix Assembly (GO:0085029);1/21;0.13872179532570708;0.3050288042534668;10.294400549639299;20.334373177375237;NTN4
gs_ind_0;Activation of GTPase Activity (GO:0090630);1/21;0.13872179532570708;0.3050288042534668;10.294400549639299;20.334373177375237;SCRIB
gs_ind_0;Adenylate Cyclase-Inhibiting G Protein-Coupled Receptor Signaling Pathway (GO:0007193);2/93;0.14075358432414348;0.30890576712359735;3.862041281433714;7.5724763805261865;"ADCY6;PRKACA"
gs_ind_0;Kinetochore Assembly (GO:0051382);1/22;0.1448293417436373;0.31073459515892327;9.814936128398296;18.964411570524057;DLGAP5
gs_ind_0;Intraciliary Retrograde Transport (GO:0035721);1/22;0.1448293417436373;0.31073459515892327;9.814936128398296;18.964411570524057;IFT122
gs_ind_0;Negative Regulation of Receptor Signaling Pathway via STAT (GO:1904893);1/22;0.1448293417436373;0.31073459515892327;9.814936128398296;18.964411570524057;SH2B3
gs_ind_0;Negative Regulation of Telomere Maintenance via Telomerase (GO:0032211);1/22;0.1448293417436373;0.31073459515892327;9.814936128398296;18.964411570524057;HNRNPC
gs_ind_0;Regulation of Extracellular Matrix Disassembly (GO:0010715);1/22;0.1448293417436373;0.31073459515892327;9.814936128398296;18.964411570524057;PLAUR
gs_ind_0;Negative Regulation of Interleukin-2 Production (GO:0032703);1/22;0.1448293417436373;0.31073459515892327;9.814936128398296;18.964411570524057;PRKACA
gs_ind_0;Negative Regulation of Inflammatory Response to Antigenic Stimulus (GO:0002862);1/22;0.1448293417436373;0.31073459515892327;9.814936128398296;18.964411570524057;RHBDF2
gs_ind_0;Megakaryocyte Differentiation (GO:0030219);1/22;0.1448293417436373;0.31073459515892327;9.814936128398296;18.964411570524057;SH2B3
gs_ind_0;Response to BMP (GO:0071772);1/22;0.1448293417436373;0.31073459515892327;9.814936128398296;18.964411570524057;BMP7
gs_ind_0;Negative Regulation of Cell Population Proliferation (GO:0008285);5/391;0.14431240649408916;0.31073459515892327;2.029375571892847;3.9284141725913777;"P3H2;SH2B3;SMARCA2;SMAD3;ANG"
gs_ind_0;COPII Vesicle Coating (GO:0048208);1/22;0.1448293417436373;0.31073459515892327;9.814936128398296;18.964411570524057;TRAPPC12
gs_ind_0;Regulation of Integrin-Mediated Signaling Pathway (GO:2001044);1/22;0.1448293417436373;0.31073459515892327;9.814936128398296;18.964411570524057;SERPINE1
gs_ind_0;Negative Regulation of Cell Migration (GO:0030336);3/187;0.14694004693265145;0.3146760781611716;2.690227045811128;5.159130778862973;"CX3CL1;SINHCAF;SERPINE1"
gs_ind_0;Regulation of Systemic Arterial Blood Pressure (GO:0003073);1/23;0.15089397989537592;0.3149329888923454;9.378090766823162;17.735637145880826;PLCB3
gs_ind_0;Intraciliary Anterograde Transport (GO:0035720);1/23;0.15089397989537592;0.3149329888923454;9.378090766823162;17.735637145880826;IFT122
gs_ind_0;Intrinsic Apoptotic Signaling Pathway in Response to DNA Damage by P53 Class Mediator (GO:0042771);1/23;0.15089397989537592;0.3149329888923454;9.378090766823162;17.735637145880826;CDIP1
gs_ind_0;Regulation of Inflammatory Response to Antigenic Stimulus (GO:0002861);1/23;0.15089397989537592;0.3149329888923454;9.378090766823162;17.735637145880826;RHBDF2
gs_ind_0;Regulation of Cardiac Conduction (GO:1903779);1/23;0.15089397989537592;0.3149329888923454;9.378090766823162;17.735637145880826;PRKACA
gs_ind_0;Negative Regulation of Protein Serine/Threonine Kinase Activity (GO:0071901);1/23;0.15089397989537592;0.3149329888923454;9.378090766823162;17.735637145880826;CDK5RAP3
gs_ind_0;Hexose Transmembrane Transport (GO:0008645);1/23;0.15089397989537592;0.3149329888923454;9.378090766823162;17.735637145880826;SLC45A3
gs_ind_0;3'-UTR-mediated mRNA Stabilization (GO:0070935);1/23;0.15089397989537592;0.3149329888923454;9.378090766823162;17.735637145880826;HNRNPC
gs_ind_0;Positive Regulation of DNA Replication (GO:0045740);1/23;0.15089397989537592;0.3149329888923454;9.378090766823162;17.735637145880826;BRPF3
gs_ind_0;Midbody Abscission (GO:0061952);1/23;0.15089397989537592;0.3149329888923454;9.378090766823162;17.735637145880826;CHMP2B
gs_ind_0;Vesicle Targeting, Rough ER to cis-Golgi (GO:0048207);1/23;0.15089397989537592;0.3149329888923454;9.378090766823162;17.735637145880826;TRAPPC12
gs_ind_0;Regulation of Brown Fat Cell Differentiation (GO:0090335);1/23;0.15089397989537592;0.3149329888923454;9.378090766823162;17.735637145880826;BMP7
gs_ind_0;Nitric Oxide Metabolic Process (GO:0046209);1/23;0.15089397989537592;0.3149329888923454;9.378090766823162;17.735637145880826;GCH1
gs_ind_0;Poly(A)+ mRNA Export From Nucleus (GO:0016973);1/23;0.15089397989537592;0.3149329888923454;9.378090766823162;17.735637145880826;SARNP
gs_ind_0;Establishment or Maintenance of Apical/Basal Cell Polarity (GO:0035088);1/24;0.15691600840675612;0.31882227856496387;8.978423733892718;16.628441148754106;SCRIB
gs_ind_0;Steroid Biosynthetic Process (GO:0006694);1/24;0.15691600840675612;0.31882227856496387;8.978423733892718;16.628441148754106;PMVK
gs_ind_0;Plasma Membrane Repair (GO:0001778);1/24;0.15691600840675612;0.31882227856496387;8.978423733892718;16.628441148754106;CHMP2B
gs_ind_0;Vesicle Transport Along Microtubule (GO:0047496);1/24;0.15691600840675612;0.31882227856496387;8.978423733892718;16.628441148754106;KIF3A
gs_ind_0;Eye Morphogenesis (GO:0048592);1/24;0.15691600840675612;0.31882227856496387;8.978423733892718;16.628441148754106;IFT122
gs_ind_0;Positive Regulation of Neuron Projection Development (GO:0010976);2/99;0.15544830886318253;0.31882227856496387;3.6229189451938266;6.743853565117674;"CX3CL1;BMP7"
gs_ind_0;Carbohydrate Derivative Transport (GO:1901264);1/24;0.15691600840675612;0.31882227856496387;8.978423733892718;16.628441148754106;HMMR
gs_ind_0;Positive Regulation of Neural Precursor Cell Proliferation (GO:2000179);1/24;0.15691600840675612;0.31882227856496387;8.978423733892718;16.628441148754106;CX3CL1
gs_ind_0;Microglial Cell Activation (GO:0001774);1/24;0.15691600840675612;0.31882227856496387;8.978423733892718;16.628441148754106;CX3CL1
gs_ind_0;Nucleic Acid Metabolic Process (GO:0090304);1/24;0.15691600840675612;0.31882227856496387;8.978423733892718;16.628441148754106;KPNA2
gs_ind_0;Negative Regulation of Neuron Differentiation (GO:0045665);1/24;0.15691600840675612;0.31882227856496387;8.978423733892718;16.628441148754106;BMP7
gs_ind_0;Negative Regulation of Receptor Signaling Pathway via JAK-STAT (GO:0046426);1/24;0.15691600840675612;0.31882227856496387;8.978423733892718;16.628441148754106;SH2B3
gs_ind_0;Positive Regulation of BMP Signaling Pathway (GO:0030513);1/24;0.15691600840675612;0.31882227856496387;8.978423733892718;16.628441148754106;CCN1
gs_ind_0;Oligosaccharide Biosynthetic Process (GO:0009312);1/24;0.15691600840675612;0.31882227856496387;8.978423733892718;16.628441148754106;MPDU1
gs_ind_0;Mitotic Sister Chromatid Cohesion (GO:0007064);1/24;0.15691600840675612;0.31882227856496387;8.978423733892718;16.628441148754106;SGO1
gs_ind_0;Regulation of Protein Secretion (GO:0050708);2/100;0.1579259324778197;0.3197444055448814;3.5858974667404433;6.618236849254588;"RHBDF2;ANG"
gs_ind_0;Regulation of Mitotic Cell Cycle Phase Transition (GO:1901990);2/100;0.1579259324778197;0.3197444055448814;3.5858974667404433;6.618236849254588;"BRD7;SMARCA2"
gs_ind_0;Reticulophagy (GO:0061709);1/25;0.1628957238449424;0.3218729938516903;8.611382581201495;15.626602463790121;RETREG1
gs_ind_0;Ganglioside Metabolic Process (GO:0001573);1/25;0.1628957238449424;0.3218729938516903;8.611382581201495;15.626602463790121;B4GALNT1
gs_ind_0;U2-type Prespliceosome Assembly (GO:1903241);1/25;0.1628957238449424;0.3218729938516903;8.611382581201495;15.626602463790121;SF3B2
gs_ind_0;Transcription Initiation at RNA Polymerase III Promoter (GO:0006384);1/25;0.1628957238449424;0.3218729938516903;8.611382581201495;15.626602463790121;GTF3C2
gs_ind_0;Vasodilation (GO:0042311);1/25;0.1628957238449424;0.3218729938516903;8.611382581201495;15.626602463790121;ADORA2B
gs_ind_0;Regulation of Myotube Differentiation (GO:0010830);1/25;0.1628957238449424;0.3218729938516903;8.611382581201495;15.626602463790121;BHLHE41
gs_ind_0;Nuclear Membrane Reassembly (GO:0031468);1/25;0.1628957238449424;0.3218729938516903;8.611382581201495;15.626602463790121;CHMP2B
gs_ind_0;Positive Regulation of Small Molecule Metabolic Process (GO:0062013);1/25;0.1628957238449424;0.3218729938516903;8.611382581201495;15.626602463790121;SLC45A3
gs_ind_0;Regulation of Protein Transport (GO:0051223);1/25;0.1628957238449424;0.3218729938516903;8.611382581201495;15.626602463790121;RHBDF2
gs_ind_0;Metanephros Development (GO:0001656);1/25;0.1628957238449424;0.3218729938516903;8.611382581201495;15.626602463790121;BMP7
gs_ind_0;Regulation of Protein Phosphorylation (GO:0001932);2/101;0.1604110757140572;0.3218729938516903;3.5496201386077306;6.495859998233476;"CDK5RAP3;PLAUR"
gs_ind_0;Regulation of Mitotic Spindle Assembly (GO:1901673);1/25;0.1628957238449424;0.3218729938516903;8.611382581201495;15.626602463790121;CHMP2B
gs_ind_0;RNA Splicing (GO:0008380);2/101;0.1604110757140572;0.3218729938516903;3.5496201386077306;6.495859998233476;"HNRNPC;SF3B2"
gs_ind_0;Regulation of Cholesterol Biosynthetic Process (GO:0045540);1/25;0.1628957238449424;0.3218729938516903;8.611382581201495;15.626602463790121;PRKACA
gs_ind_0;Protein Localization to Cell Surface (GO:0034394);1/26;0.16883342073248575;0.32769491287716196;8.273128969897819;14.71659529181457;PLAUR
gs_ind_0;Receptor Clustering (GO:0043113);1/26;0.16883342073248575;0.32769491287716196;8.273128969897819;14.71659529181457;SCRIB
gs_ind_0;Negative Regulation of miRNA Transcription (GO:1902894);1/26;0.16883342073248575;0.32769491287716196;8.273128969897819;14.71659529181457;SMAD3
gs_ind_0;Skeletal Muscle Contraction (GO:0003009);1/26;0.16883342073248575;0.32769491287716196;8.273128969897819;14.71659529181457;MYH14
gs_ind_0;Protein Localization to Membrane (GO:0072657);3/199;0.16724775208095558;0.32769491287716196;2.523893008023181;4.513424916327209;"PEX5;HSP90B1;SCRIB"
gs_ind_0;Regulation of Toll-Like Receptor Signaling Pathway (GO:0034121);1/26;0.16883342073248575;0.32769491287716196;8.273128969897819;14.71659529181457;HSP90B1
gs_ind_0;Regulation of Protein Processing (GO:0070613);1/26;0.16883342073248575;0.32769491287716196;8.273128969897819;14.71659529181457;PLAUR
gs_ind_0;Glycogen Metabolic Process (GO:0005977);1/26;0.16883342073248575;0.32769491287716196;8.273128969897819;14.71659529181457;UGP2
gs_ind_0;Negative Regulation of Cytokine Production (GO:0001818);3/200;0.16897659420535396;0.32769491287716196;2.5109442190055113;4.4644464411230835;"PRKACA;CX3CL1;SMAD3"
gs_ind_0;Endosome Transport via Multivesicular Body Sorting Pathway (GO:0032509);1/26;0.16883342073248575;0.32769491287716196;8.273128969897819;14.71659529181457;CHMP2B
gs_ind_0;Negative Regulation of DNA Biosynthetic Process (GO:2000279);1/26;0.16883342073248575;0.32769491287716196;8.273128969897819;14.71659529181457;HNRNPC
gs_ind_0;Positive Regulation of Cellular Component Organization (GO:0051130);2/105;0.17042233423603595;0.3299422295815511;3.4115209377933464;6.036603070989841;"BCL2L11;BMP7"
gs_ind_0;Endomembrane System Organization (GO:0010256);3/201;0.17071071858082168;0.32994508633268055;2.4981258963759294;4.416149136070278;"CHMP2B;COG4;TRAPPC12"
gs_ind_0;Cellular Response to Corticosteroid Stimulus (GO:0071384);1/27;0.17472939156128606;0.33158217870541085;7.960403933032155;13.887058680962134;BCL2L11
gs_ind_0;Fatty Acid Derivative Biosynthetic Process (GO:1901570);1/27;0.17472939156128606;0.33158217870541085;7.960403933032155;13.887058680962134;GGTA1
gs_ind_0;Reg of Endoplasmic Reticulum Stress-Induced Intrinsic Apoptotic Signaling Pathway (GO:1902235);1/27;0.17472939156128606;0.33158217870541085;7.960403933032155;13.887058680962134;BCL2L11
gs_ind_0;Regulation of DNA Biosynthetic Process (GO:2000278);1/27;0.17472939156128606;0.33158217870541085;7.960403933032155;13.887058680962134;MEAF6
gs_ind_0;Positive Regulation of Release of Sequestered Calcium Ion Into Cytosol (GO:0051281);1/27;0.17472939156128606;0.33158217870541085;7.960403933032155;13.887058680962134;CX3CL1
gs_ind_0;Mitotic Cytokinetic Process (GO:1902410);1/27;0.17472939156128606;0.33158217870541085;7.960403933032155;13.887058680962134;CHMP2B
gs_ind_0;Mitotic Cell Cycle Checkpoint Signaling (GO:0007093);1/27;0.17472939156128606;0.33158217870541085;7.960403933032155;13.887058680962134;CDK5RAP3
gs_ind_0;Phospholipid Catabolic Process (GO:0009395);1/27;0.17472939156128606;0.33158217870541085;7.960403933032155;13.887058680962134;GDPD1
gs_ind_0;Activin Receptor Signaling Pathway (GO:0032924);1/27;0.17472939156128606;0.33158217870541085;7.960403933032155;13.887058680962134;SMAD3
gs_ind_0;Stress Granule Assembly (GO:0034063);1/27;0.17472939156128606;0.33158217870541085;7.960403933032155;13.887058680962134;ANG
gs_ind_0;Placenta Development (GO:0001890);1/27;0.17472939156128606;0.33158217870541085;7.960403933032155;13.887058680962134;ANG
gs_ind_0;Regulation of Programmed Cell Death (GO:0043067);3/204;0.17594406496681014;0.3333371906290472;2.4604343025395656;4.275223941357797;"BCL2L11;RUVBL1;MEAF6"
gs_ind_0;Regulation of Peptidyl-Tyrosine Phosphorylation (GO:0050730);1/28;0.1805839268064589;0.33495405778617376;7.670422535211268;13.128385639278534;CSPG4
gs_ind_0;Intracellular Sodium Ion Homeostasis (GO:0006883);1/28;0.1805839268064589;0.33495405778617376;7.670422535211268;13.128385639278534;FXYD5
gs_ind_0;Actin Filament Polymerization (GO:0030041);1/28;0.1805839268064589;0.33495405778617376;7.670422535211268;13.128385639278534;ANG
gs_ind_0;Acylglycerol Homeostasis (GO:0055090);1/28;0.1805839268064589;0.33495405778617376;7.670422535211268;13.128385639278534;ANGPTL4
gs_ind_0;Meiosis I (GO:0007127);1/28;0.1805839268064589;0.33495405778617376;7.670422535211268;13.128385639278534;SGO1
gs_ind_0;Epithelial Structure Maintenance (GO:0010669);1/28;0.1805839268064589;0.33495405778617376;7.670422535211268;13.128385639278534;SCRIB
gs_ind_0;Positive Regulation of Epidermal Growth Factor Receptor Signaling Pathway (GO:0045742);1/28;0.1805839268064589;0.33495405778617376;7.670422535211268;13.128385639278534;PLAUR
gs_ind_0;Regulation of Platelet Aggregation (GO:0090330);1/28;0.1805839268064589;0.33495405778617376;7.670422535211268;13.128385639278534;SH2B3
gs_ind_0;Negative Regulation of Endothelial Cell Apoptotic Process (GO:2000352);1/28;0.1805839268064589;0.33495405778617376;7.670422535211268;13.128385639278534;SERPINE1
gs_ind_0;Regulation of DNA Binding (GO:0051101);1/28;0.1805839268064589;0.33495405778617376;7.670422535211268;13.128385639278534;PLAUR
gs_ind_0;Cellular Response to Insulin Stimulus (GO:0032869);2/109;0.18053619306978502;0.33495405778617376;3.28369888680701;5.621114581886197;"MAPKAP1;CPEB1"
gs_ind_0;Negative Regulation of miRNA Metabolic Process (GO:2000629);1/28;0.1805839268064589;0.33495405778617376;7.670422535211268;13.128385639278534;SMAD3
gs_ind_0;Regulation of Actin Filament Bundle Assembly (GO:0032231);1/28;0.1805839268064589;0.33495405778617376;7.670422535211268;13.128385639278534;CX3CL1
gs_ind_0;Positive Regulation of Viral Genome Replication (GO:0045070);1/29;0.18639731494010886;0.3381023851437306;7.400790709167285;12.432401676689578;TOP2A
gs_ind_0;Negative Regulation of Protein Localization to Membrane (GO:1905476);1/29;0.18639731494010886;0.3381023851437306;7.400790709167285;12.432401676689578;TMBIM1
gs_ind_0;Regulation of Cytoplasmic Translation (GO:2000765);1/29;0.18639731494010886;0.3381023851437306;7.400790709167285;12.432401676689578;CPEB1
gs_ind_0;Negative Regulation of Protein Kinase Activity (GO:0006469);1/29;0.18639731494010886;0.3381023851437306;7.400790709167285;12.432401676689578;CDK5RAP3
gs_ind_0;Striated Muscle Cell Development (GO:0055002);1/29;0.18639731494010886;0.3381023851437306;7.400790709167285;12.432401676689578;FLII
gs_ind_0;Positive Regulation of Vasculature Development (GO:1904018);2/110;0.18307909926704233;0.3381023851437306;3.253215978334462;5.523430402015241;"ANGPTL4;SERPINE1"
gs_ind_0;Negative Regulation of Telomere Maintenance via Telomere Lengthening (GO:1904357);1/29;0.18639731494010886;0.3381023851437306;7.400790709167285;12.432401676689578;HNRNPC
gs_ind_0;Cellular Response to Hexose Stimulus (GO:0071331);1/29;0.18639731494010886;0.3381023851437306;7.400790709167285;12.432401676689578;PRKACA
gs_ind_0;Regulation of Monocyte Chemotaxis (GO:0090025);1/29;0.18639731494010886;0.3381023851437306;7.400790709167285;12.432401676689578;SERPINE1
gs_ind_0;Nuclear Membrane Organization (GO:0071763);1/29;0.18639731494010886;0.3381023851437306;7.400790709167285;12.432401676689578;CHMP2B
gs_ind_0;Proteinogenic Amino Acid Metabolic Process (GO:0170039);1/29;0.18639731494010886;0.3381023851437306;7.400790709167285;12.432401676689578;CTH
gs_ind_0;Hepaticobiliary System Development (GO:0061008);1/29;0.18639731494010886;0.3381023851437306;7.400790709167285;12.432401676689578;CDK5RAP3
gs_ind_0;Cellular Response to Glucocorticoid Stimulus (GO:0071385);1/29;0.18639731494010886;0.3381023851437306;7.400790709167285;12.432401676689578;BCL2L11
gs_ind_0;Negative Regulation of Interleukin-1 Beta Production (GO:0032691);1/29;0.18639731494010886;0.3381023851437306;7.400790709167285;12.432401676689578;CX3CL1
gs_ind_0;Protein Transport (GO:0015031);4/317;0.18735665148631991;0.33930732158939825;2.0373760488176966;3.4120777135215685;"CHMP2B;KIF3A;ARL4D;HSP90B1"
gs_ind_0;Positive Regulation of ERBB Signaling Pathway (GO:1901186);1/30;0.19216984244500948;0.3410421586601249;7.1494390069228935;11.792110980314169;PLAUR
gs_ind_0;Carbohydrate Biosynthetic Process (GO:0016051);1/30;0.19216984244500948;0.3410421586601249;7.1494390069228935;11.792110980314169;MPDU1
gs_ind_0;Positive Regulation of Protein Import Into Nucleus (GO:0042307);1/30;0.19216984244500948;0.3410421586601249;7.1494390069228935;11.792110980314169;SMAD3
gs_ind_0;Positive Regulation of Nitric Oxide Biosynthetic Process (GO:0045429);1/30;0.19216984244500948;0.3410421586601249;7.1494390069228935;11.792110980314169;SMAD3
gs_ind_0;Negative Regulation of Fatty Acid Metabolic Process (GO:0045922);1/30;0.19216984244500948;0.3410421586601249;7.1494390069228935;11.792110980314169;ANGPTL4
gs_ind_0;Positive Regulation of Binding (GO:0051099);1/30;0.19216984244500948;0.3410421586601249;7.1494390069228935;11.792110980314169;PLAUR
gs_ind_0;Response to Alcohol (GO:0097305);1/30;0.19216984244500948;0.3410421586601249;7.1494390069228935;11.792110980314169;PMVK
gs_ind_0;Negative Regulation of Lipid Biosynthetic Process (GO:0051055);1/30;0.19216984244500948;0.3410421586601249;7.1494390069228935;11.792110980314169;ANGPTL4
gs_ind_0;Negative Regulation of Protein Localization to Cell Periphery (GO:1904376);1/30;0.19216984244500948;0.3410421586601249;7.1494390069228935;11.792110980314169;TMBIM1
gs_ind_0;Negative Regulation of Non-Canonical NF-kappaB Signal Transduction (GO:1901223);1/30;0.19216984244500948;0.3410421586601249;7.1494390069228935;11.792110980314169;BMP7
gs_ind_0;Regulation of Cardiac Muscle Contraction by Calcium Ion Signaling (GO:0010882);1/30;0.19216984244500948;0.3410421586601249;7.1494390069228935;11.792110980314169;PRKACA
gs_ind_0;Regulation of Hydrolase Activity (GO:0051336);1/30;0.19216984244500948;0.3410421586601249;7.1494390069228935;11.792110980314169;CDK5RAP3
gs_ind_0;TRNA Metabolic Process (GO:0006399);1/30;0.19216984244500948;0.3410421586601249;7.1494390069228935;11.792110980314169;ANG
gs_ind_0;Dorsal/ventral Pattern Formation (GO:0009953);1/31;0.19790179382819154;0.34482888318548527;6.9145693835142;11.201494271937511;IFT122
gs_ind_0;Positive Regulation of Response to Endoplasmic Reticulum Stress (GO:1905898);1/31;0.19790179382819154;0.34482888318548527;6.9145693835142;11.201494271937511;BCL2L11
gs_ind_0;Glycerophospholipid Catabolic Process (GO:0046475);1/31;0.19790179382819154;0.34482888318548527;6.9145693835142;11.201494271937511;GDPD1
gs_ind_0;Regulation of Release of Sequestered Calcium Ion Into Cytosol by Sarcoplasmic Reticulum (GO:0010880);1/31;0.19790179382819154;0.34482888318548527;6.9145693835142;11.201494271937511;PRKACA
gs_ind_0;Negative Regulation of Wound Healing (GO:0061045);1/31;0.19790179382819154;0.34482888318548527;6.9145693835142;11.201494271937511;SERPINE1
gs_ind_0;Regulation of Striated Muscle Contraction (GO:0006942);1/31;0.19790179382819154;0.34482888318548527;6.9145693835142;11.201494271937511;PRKACA
gs_ind_0;Regulation of Glucose Metabolic Process (GO:0010906);1/31;0.19790179382819154;0.34482888318548527;6.9145693835142;11.201494271937511;SLC45A3
gs_ind_0;Regulation of Mitotic Cell Cycle Spindle Assembly Checkpoint (GO:0090266);1/31;0.19790179382819154;0.34482888318548527;6.9145693835142;11.201494271937511;INCENP
gs_ind_0;Vesicle Coating (GO:0006901);1/31;0.19790179382819154;0.34482888318548527;6.9145693835142;11.201494271937511;TRAPPC12
gs_ind_0;Regulation of Cyclin-Dependent Protein Serine/Threonine Kinase Activity (GO:0000079);1/31;0.19790179382819154;0.34482888318548527;6.9145693835142;11.201494271937511;CDK5RAP3
gs_ind_0;Regulation of Centrosome Cycle (GO:0046605);1/31;0.19790179382819154;0.34482888318548527;6.9145693835142;11.201494271937511;CHMP2B
gs_ind_0;Mitotic G2 DNA Damage Checkpoint Signaling (GO:0007095);1/31;0.19790179382819154;0.34482888318548527;6.9145693835142;11.201494271937511;CDK5RAP3
gs_ind_0;Positive Regulation of Calcium-Mediated Signaling (GO:0050850);1/32;0.2035934516344375;0.3510326792799819;6.6946121171473285;10.655346539880698;PRKACA
gs_ind_0;Positive Regulation of Macromolecule Metabolic Process (GO:0010604);1/32;0.2035934516344375;0.3510326792799819;6.6946121171473285;10.655346539880698;SCRIB
gs_ind_0;Positive Regulation of T Cell Activation (GO:0050870);2/118;0.20359895398238947;0.3510326792799819;3.028191932957712;4.819679764580718;"BRD7;SMARCA2"
gs_ind_0;Protein Localization to Cell Junction (GO:1902414);1/32;0.2035934516344375;0.3510326792799819;6.6946121171473285;10.655346539880698;KIF3A
gs_ind_0;Multivesicular Body Assembly (GO:0036258);1/32;0.2035934516344375;0.3510326792799819;6.6946121171473285;10.655346539880698;CHMP2B
gs_ind_0;Negative Regulation of Blood Coagulation (GO:0030195);1/32;0.2035934516344375;0.3510326792799819;6.6946121171473285;10.655346539880698;SERPINE1
gs_ind_0;Positive Regulation of Kinase Activity (GO:0033674);1/32;0.2035934516344375;0.3510326792799819;6.6946121171473285;10.655346539880698;TRAF4
gs_ind_0;Non-motile Cilium Assembly (GO:1905515);1/33;0.2092450964596872;0.35702056517602415;6.48819068255688;10.149145811469388;IFT122
gs_ind_0;Limb Development (GO:0060173);1/33;0.2092450964596872;0.35702056517602415;6.48819068255688;10.149145811469388;IFT122
gs_ind_0;Negative Regulation of Interleukin-6 Production (GO:0032715);1/33;0.2092450964596872;0.35702056517602415;6.48819068255688;10.149145811469388;CX3CL1
gs_ind_0;L-amino Acid Metabolic Process (GO:0170033);1/33;0.2092450964596872;0.35702056517602415;6.48819068255688;10.149145811469388;CTH
gs_ind_0;Negative Regulation of Ossification (GO:0030279);1/33;0.2092450964596872;0.35702056517602415;6.48819068255688;10.149145811469388;SMAD3
gs_ind_0;Establishment or Maintenance of Epithelial Cell Apical/Basal Polarity (GO:0045197);1/33;0.2092450964596872;0.35702056517602415;6.48819068255688;10.149145811469388;SCRIB
gs_ind_0;Multivesicular Body Organization (GO:0036257);1/33;0.2092450964596872;0.35702056517602415;6.48819068255688;10.149145811469388;CHMP2B
gs_ind_0;Intra-Golgi Vesicle-Mediated Transport (GO:0006891);1/34;0.21485700696435095;0.35861474311901825;6.294092915703175;9.678946291659448;COG4
gs_ind_0;Myeloid Cell Development (GO:0061515);1/34;0.21485700696435095;0.35861474311901825;6.294092915703175;9.678946291659448;SH2B3
gs_ind_0;Sodium Ion Homeostasis (GO:0055078);1/34;0.21485700696435095;0.35861474311901825;6.294092915703175;9.678946291659448;FXYD5
gs_ind_0;Regulation of Activated T Cell Proliferation (GO:0046006);1/34;0.21485700696435095;0.35861474311901825;6.294092915703175;9.678946291659448;SCRIB
gs_ind_0;Negative Regulation of Interleukin-1 Production (GO:0032692);1/34;0.21485700696435095;0.35861474311901825;6.294092915703175;9.678946291659448;CX3CL1
gs_ind_0;Chromosome Condensation (GO:0030261);1/34;0.21485700696435095;0.35861474311901825;6.294092915703175;9.678946291659448;TOP2A
gs_ind_0;Regulation of Cell Adhesion Mediated by Integrin (GO:0033628);1/34;0.21485700696435095;0.35861474311901825;6.294092915703175;9.678946291659448;SERPINE1
gs_ind_0;Regulation of Spindle Assembly (GO:0090169);1/34;0.21485700696435095;0.35861474311901825;6.294092915703175;9.678946291659448;CHMP2B
gs_ind_0;Positive Regulation of Wnt Signaling Pathway (GO:0030177);2/121;0.21136223553769223;0.35861474311901825;2.95157548236134;4.587285077075491;"HSP90B1;RUVBL1"
gs_ind_0;Regulation of Neuron Migration (GO:2001222);1/34;0.21485700696435095;0.35861474311901825;6.294092915703175;9.678946291659448;CX3CL1
gs_ind_0;Positive Regulation of T Cell Mediated Cytotoxicity (GO:0001916);1/34;0.21485700696435095;0.35861474311901825;6.294092915703175;9.678946291659448;MR1
gs_ind_0;Homologous Chromosome Segregation (GO:0045143);1/34;0.21485700696435095;0.35861474311901825;6.294092915703175;9.678946291659448;SGO1
gs_ind_0;Negative Regulation of Insulin Receptor Signaling Pathway (GO:0046627);1/34;0.21485700696435095;0.35861474311901825;6.294092915703175;9.678946291659448;MAPKAP1
gs_ind_0;Response to Estrogen (GO:0043627);1/34;0.21485700696435095;0.35861474311901825;6.294092915703175;9.678946291659448;CITED4
gs_ind_0;Transforming Growth Factor Beta Receptor Superfamily Signaling Pathway (GO:0141091);2/121;0.21136223553769223;0.35861474311901825;2.95157548236134;4.587285077075491;"BMP7;SMAD3"
gs_ind_0;Cellular Response to cAMP (GO:0071320);1/35;0.22042945988653273;0.36421534320332277;6.111247193304756;9.241290778203256;CRTC2
gs_ind_0;Negative Regulation of Cellular Response to Insulin Stimulus (GO:1900077);1/35;0.22042945988653273;0.36421534320332277;6.111247193304756;9.241290778203256;MAPKAP1
gs_ind_0;Negative Regulation of G1/S Transition of Mitotic Cell Cycle (GO:2000134);1/35;0.22042945988653273;0.36421534320332277;6.111247193304756;9.241290778203256;BRD7
gs_ind_0;Positive Regulation of Signal Transduction by P53 Class Mediator (GO:1901798);1/35;0.22042945988653273;0.36421534320332277;6.111247193304756;9.241290778203256;CDK5RAP3
gs_ind_0;Spliceosome Conformational Change to Release U4 (Or U4atac) and U1 (Or U11) (GO:0000388);1/35;0.22042945988653273;0.36421534320332277;6.111247193304756;9.241290778203256;SF3B2
gs_ind_0;Epithelial Tube Morphogenesis (GO:0060562);1/35;0.22042945988653273;0.36421534320332277;6.111247193304756;9.241290778203256;SCRIB
gs_ind_0;Ubiquitin-dependent Protein Catabolic Process via the Multivesicular Body Sorting Pathway (GO:0043162);1/35;0.22042945988653273;0.36421534320332277;6.111247193304756;9.241290778203256;CHMP2B
gs_ind_0;Antimicrobial Humoral Immune Response Mediated by Antimicrobial Peptide (GO:0061844);2/126;0.2243645739377088;0.3654812089499867;2.8320866404004645;4.232505304476734;"CX3CL1;ANG"
gs_ind_0;Positive Regulation of Mitotic Nuclear Division (GO:0045840);1/36;0.2259627300551657;0.3654812089499867;5.938702638365403;8.833138438642775;DLGAP5
gs_ind_0;Triglyceride Homeostasis (GO:0070328);1/36;0.2259627300551657;0.3654812089499867;5.938702638365403;8.833138438642775;ANGPTL4
gs_ind_0;Cytoplasmic Translational Elongation (GO:0002182);1/36;0.2259627300551657;0.3654812089499867;5.938702638365403;8.833138438642775;CDK5RAP3
gs_ind_0;Negative Regulation of Cell-Matrix Adhesion (GO:0001953);1/36;0.2259627300551657;0.3654812089499867;5.938702638365403;8.833138438642775;SERPINE1
gs_ind_0;Response to Transforming Growth Factor Beta (GO:0071559);1/36;0.2259627300551657;0.3654812089499867;5.938702638365403;8.833138438642775;SMAD3
gs_ind_0;Regulation of Centrosome Duplication (GO:0010824);1/36;0.2259627300551657;0.3654812089499867;5.938702638365403;8.833138438642775;CHMP2B
gs_ind_0;Regulation of Neuronal Synaptic Plasticity (GO:0048168);1/36;0.2259627300551657;0.3654812089499867;5.938702638365403;8.833138438642775;PPFIA3
gs_ind_0;Response to Glucocorticoid (GO:0051384);1/36;0.2259627300551657;0.3654812089499867;5.938702638365403;8.833138438642775;BCL2L11
gs_ind_0;Gluconeogenesis (GO:0006094);1/36;0.2259627300551657;0.3654812089499867;5.938702638365403;8.833138438642775;CRTC2
gs_ind_0;Positive Regulation of Mononuclear Cell Migration (GO:0071677);1/36;0.2259627300551657;0.3654812089499867;5.938702638365403;8.833138438642775;SERPINE1
gs_ind_0;Positive Regulation of Signaling (GO:0023056);1/36;0.2259627300551657;0.3654812089499867;5.938702638365403;8.833138438642775;SCRIB
gs_ind_0;Regulation of G1/S Transition of Mitotic Cell Cycle (GO:2000045);2/126;0.2243645739377088;0.3654812089499867;2.8320866404004645;4.232505304476734;"BRD7;SMARCA2"
gs_ind_0;Negative Regulation of G2/M Transition of Mitotic Cell Cycle (GO:0010972);1/36;0.2259627300551657;0.3654812089499867;5.938702638365403;8.833138438642775;CDK5RAP3
gs_ind_0;Negative Regulation of Cell Cycle Process (GO:0010948);1/36;0.2259627300551657;0.3654812089499867;5.938702638365403;8.833138438642775;BMP7
gs_ind_0;Sister Chromatid Segregation (GO:0000819);1/37;0.2314570904030559;0.3661288225082727;5.775612579587111;8.451804913655169;TOP2A
gs_ind_0;Signal Release From Synapse (GO:0099643);1/37;0.2314570904030559;0.3661288225082727;5.775612579587111;8.451804913655169;PPFIA3
gs_ind_0;Intracellular Receptor Signaling Pathway (GO:0030522);1/37;0.2314570904030559;0.3661288225082727;5.775612579587111;8.451804913655169;DCBLD2
gs_ind_0;Positive Regulation of Angiogenesis (GO:0045766);2/127;0.22697303185064924;0.3661288225082727;2.809331394799947;4.166025148704019;"ANGPTL4;SERPINE1"
gs_ind_0;Actin Filament Bundle Assembly (GO:0051017);1/37;0.2314570904030559;0.3661288225082727;5.775612579587111;8.451804913655169;HSP90B1
gs_ind_0;Mitochondrion Organization (GO:0007005);2/128;0.22958376680913023;0.3661288225082727;2.7869359159282916;4.100940859396762;"PRKACA;MYH14"
gs_ind_0;Golgi Organization (GO:0007030);2/128;0.22958376680913023;0.3661288225082727;2.7869359159282916;4.100940859396762;"COG4;TRAPPC12"
gs_ind_0;Sensory Perception of Pain (GO:0019233);1/37;0.2314570904030559;0.3661288225082727;5.775612579587111;8.451804913655169;RETREG1
gs_ind_0;Embryonic Limb Morphogenesis (GO:0030326);1/37;0.2314570904030559;0.3661288225082727;5.775612579587111;8.451804913655169;IFT122
gs_ind_0;Cellular Response to Acid Chemical (GO:0071229);1/37;0.2314570904030559;0.3661288225082727;5.775612579587111;8.451804913655169;CPEB1
gs_ind_0;TOR Signaling (GO:0031929);1/37;0.2314570904030559;0.3661288225082727;5.775612579587111;8.451804913655169;MAPKAP1
gs_ind_0;MRNA 3'-End Processing (GO:0031124);1/37;0.2314570904030559;0.3661288225082727;5.775612579587111;8.451804913655169;SSU72
gs_ind_0;TRNA Methylation (GO:0030488);1/37;0.2314570904030559;0.3661288225082727;5.775612579587111;8.451804913655169;TRMT10B
gs_ind_0;Macrophage Activation (GO:0042116);1/37;0.2314570904030559;0.3661288225082727;5.775612579587111;8.451804913655169;CX3CL1
gs_ind_0;Negative Regulation of Smooth Muscle Cell Proliferation (GO:0048662);1/37;0.2314570904030559;0.3661288225082727;5.775612579587111;8.451804913655169;ANG
gs_ind_0;Cytoplasmic Translational Initiation (GO:0002183);1/37;0.2314570904030559;0.3661288225082727;5.775612579587111;8.451804913655169;EIF3I
gs_ind_0;Negative Regulation of Protein Modification Process (GO:0031400);1/38;0.23691281197984027;0.3691730809983961;5.621220657276996;8.094912375089645;CDK5RAP3
gs_ind_0;Cellular Response to Glucose Stimulus (GO:0071333);1/38;0.23691281197984027;0.3691730809983961;5.621220657276996;8.094912375089645;PRKACA
gs_ind_0;Negative Regulation of Phosphorylation (GO:0042326);1/38;0.23691281197984027;0.3691730809983961;5.621220657276996;8.094912375089645;CDK5RAP3
gs_ind_0;Lipid Droplet Organization (GO:0034389);1/38;0.23691281197984027;0.3691730809983961;5.621220657276996;8.094912375089645;FAF2
gs_ind_0;Negative Regulation of MAPK Cascade (GO:0043409);2/130;0.2348114249897369;0.3691730809983961;2.7431906614785992;3.974807923522177;"SH2B3;CDK5RAP3"
gs_ind_0;Regulation of Microtubule Cytoskeleton Organization (GO:0070507);1/38;0.23691281197984027;0.3691730809983961;5.621220657276996;8.094912375089645;PRKACA
gs_ind_0;Rescue of Stalled Cytosolic Ribosome (GO:0072344);1/38;0.23691281197984027;0.3691730809983961;5.621220657276996;8.094912375089645;CDK5RAP3
gs_ind_0;Anterograde Axonal Transport (GO:0008089);1/38;0.23691281197984027;0.3691730809983961;5.621220657276996;8.094912375089645;KIF3A
gs_ind_0;Phospholipase C-activating G Protein-Coupled Receptor Signaling Pathway (GO:0007200);2/130;0.2348114249897369;0.3691730809983961;2.7431906614785992;3.974807923522177;"PLCH2;PLCB3"
gs_ind_0;Spliceosomal Conformational Changes to Generate Catalytic Conformation (GO:0000393);1/38;0.23691281197984027;0.3691730809983961;5.621220657276996;8.094912375089645;SF3B2
gs_ind_0;Phospholipid Translocation (GO:0045332);1/38;0.23691281197984027;0.3691730809983961;5.621220657276996;8.094912375089645;SERINC2
gs_ind_0;Positive Regulation of Inflammatory Response (GO:0050729);2/131;0.23742803207394084;0.3694752867185818;2.7218247360427457;3.913686541057313;"CX3CL1;SERPINE1"
gs_ind_0;Hexose Biosynthetic Process (GO:0019319);1/39;0.2423301639648562;0.3705846922334902;5.474849094567404;7.7603476723809095;CRTC2
gs_ind_0;Positive Regulation of Carbohydrate Metabolic Process (GO:0045913);1/39;0.2423301639648562;0.3705846922334902;5.474849094567404;7.7603476723809095;SLC45A3
gs_ind_0;Positive Regulation of Smoothened Signaling Pathway (GO:0045880);1/39;0.2423301639648562;0.3705846922334902;5.474849094567404;7.7603476723809095;KIF3A
gs_ind_0;Transcription by RNA Polymerase III (GO:0006383);1/39;0.2423301639648562;0.3705846922334902;5.474849094567404;7.7603476723809095;GTF3C2
gs_ind_0;Regulation of Response to Biotic Stimulus (GO:0002831);1/39;0.2423301639648562;0.3705846922334902;5.474849094567404;7.7603476723809095;CX3CL1
gs_ind_0;Negative Regulation of Cell Cycle G1/S Phase Transition (GO:1902807);1/39;0.2423301639648562;0.3705846922334902;5.474849094567404;7.7603476723809095;BRD7
gs_ind_0;Regulation of Cell Junction Assembly (GO:1901888);1/39;0.2423301639648562;0.3705846922334902;5.474849094567404;7.7603476723809095;PRKACA
gs_ind_0;Intrinsic Apoptotic Signaling Pathway by P53 Class Mediator (GO:0072332);1/39;0.2423301639648562;0.3705846922334902;5.474849094567404;7.7603476723809095;CDIP1
gs_ind_0;Negative Regulation of Catalytic Activity (GO:0043086);1/39;0.2423301639648562;0.3705846922334902;5.474849094567404;7.7603476723809095;TMBIM1
gs_ind_0;Neurotransmitter Secretion (GO:0007269);1/39;0.2423301639648562;0.3705846922334902;5.474849094567404;7.7603476723809095;PPFIA3
gs_ind_0;Negative Regulation of Cell-Cell Adhesion (GO:0022408);1/39;0.2423301639648562;0.3705846922334902;5.474849094567404;7.7603476723809095;FXYD5
gs_ind_0;COPII-coated Vesicle Budding (GO:0090114);1/39;0.2423301639648562;0.3705846922334902;5.474849094567404;7.7603476723809095;TRAPPC12
gs_ind_0;Response to Amino Acid (GO:0043200);1/39;0.2423301639648562;0.3705846922334902;5.474849094567404;7.7603476723809095;CPEB1
gs_ind_0;Regulation of Neuron Apoptotic Process (GO:0043523);2/133;0.24266602755594563;0.3706054869712317;2.6800677562935866;3.7951612780528285;"TMBIM1;RETREG1"
gs_ind_0;Cell Surface Receptor Protein Serine/Threonine Kinase Signaling Pathway (GO:0007178);1/40;0.2477094136799221;0.37433091423378506;5.335888750222856;7.446227088753231;SMAD3
gs_ind_0;Skeletal Muscle Organ Development (GO:0060538);1/40;0.2477094136799221;0.37433091423378506;5.335888750222856;7.446227088753231;MYH14
gs_ind_0;Cellular Response to Heat (GO:0034605);1/40;0.2477094136799221;0.37433091423378506;5.335888750222856;7.446227088753231;PRKACA
gs_ind_0;Liver Development (GO:0001889);1/40;0.2477094136799221;0.37433091423378506;5.335888750222856;7.446227088753231;CDK5RAP3
gs_ind_0;Membrane Assembly (GO:0071709);1/40;0.2477094136799221;0.37433091423378506;5.335888750222856;7.446227088753231;CHMP2B
gs_ind_0;Negative Regulation of T Cell Proliferation (GO:0042130);1/40;0.2477094136799221;0.37433091423378506;5.335888750222856;7.446227088753231;SCRIB
gs_ind_0;Adherens Junction Organization (GO:0034332);1/40;0.2477094136799221;0.37433091423378506;5.335888750222856;7.446227088753231;CSK
gs_ind_0;Camera-type Eye Development (GO:0043010);1/40;0.2477094136799221;0.37433091423378506;5.335888750222856;7.446227088753231;IFT122
gs_ind_0;Positive Regulation of Viral Process (GO:0048524);1/41;0.2530508266020356;0.3784245131239804;5.203790645105199;7.1508665283183;KPNA2
gs_ind_0;Response to cAMP (GO:0051591);1/41;0.2530508266020356;0.3784245131239804;5.203790645105199;7.1508665283183;CRTC2
gs_ind_0;Regulation of DNA Recombination (GO:0000018);1/41;0.2530508266020356;0.3784245131239804;5.203790645105199;7.1508665283183;KPNA2
gs_ind_0;Negative Regulation of Cell-Substrate Adhesion (GO:0010812);1/41;0.2530508266020356;0.3784245131239804;5.203790645105199;7.1508665283183;CX3CL1
gs_ind_0;Left/right Pattern Formation (GO:0060972);1/41;0.2530508266020356;0.3784245131239804;5.203790645105199;7.1508665283183;IFT122
gs_ind_0;Negative Regulation of Proteolysis (GO:0045861);1/41;0.2530508266020356;0.3784245131239804;5.203790645105199;7.1508665283183;SERPINE1
gs_ind_0;Positive Regulation of Intrinsic Apoptotic Signaling Pathway (GO:2001244);1/41;0.2530508266020356;0.3784245131239804;5.203790645105199;7.1508665283183;BCL2L11
gs_ind_0;Negative Regulation of Fat Cell Differentiation (GO:0045599);1/41;0.2530508266020356;0.3784245131239804;5.203790645105199;7.1508665283183;SMAD3
gs_ind_0;Regulation of Ras Protein Signal Transduction (GO:0046578);1/42;0.25835466637598076;0.38287096176852814;5.078058713728152;6.872756188432083;MAPKAP1
gs_ind_0;Positive Regulation of Lipid Biosynthetic Process (GO:0046889);1/42;0.25835466637598076;0.38287096176852814;5.078058713728152;6.872756188432083;SLC45A3
gs_ind_0;Zymogen Activation (GO:0031638);1/42;0.25835466637598076;0.38287096176852814;5.078058713728152;6.872756188432083;PLAUR
gs_ind_0;Regulation of Cardiac Muscle Contraction (GO:0055117);1/42;0.25835466637598076;0.38287096176852814;5.078058713728152;6.872756188432083;PRKACA
gs_ind_0;Regulation of Phosphorylation (GO:0042325);1/42;0.25835466637598076;0.38287096176852814;5.078058713728152;6.872756188432083;ANG
gs_ind_0;Negative Regulation of Secretion by Cell (GO:1903531);1/42;0.25835466637598076;0.38287096176852814;5.078058713728152;6.872756188432083;RHBDF2
gs_ind_0;Negative Regulation of Protein Secretion (GO:0050709);1/42;0.25835466637598076;0.38287096176852814;5.078058713728152;6.872756188432083;RHBDF2
gs_ind_0;DNA-templated Transcription Termination (GO:0006353);1/43;0.2636211948268549;0.3882317608373688;4.958243579121789;6.610538954436474;SSU72
gs_ind_0;Substrate Adhesion-Dependent Cell Spreading (GO:0034446);1/43;0.2636211948268549;0.3882317608373688;4.958243579121789;6.610538954436474;NTN4
gs_ind_0;Positive Regulation of Protein Localization (GO:1903829);2/141;0.26366000453390004;0.3882317608373688;2.525013164823591;3.366082090285926;"CDK5RAP3;TRAPPC12"
gs_ind_0;Ribosome Disassembly (GO:0032790);1/43;0.2636211948268549;0.3882317608373688;4.958243579121789;6.610538954436474;CDK5RAP3
gs_ind_0;Regulation of Protein Import Into Nucleus (GO:0042306);1/43;0.2636211948268549;0.3882317608373688;4.958243579121789;6.610538954436474;SMAD3
gs_ind_0;Regulation of Cell Adhesion (GO:0030155);2/142;0.2662866262526853;0.3915979797833607;2.5068728812130003;3.3170490928371392;"PKP4;PLAUR"
gs_ind_0;Keratinocyte Differentiation (GO:0030216);1/44;0.2688506719725064;0.39195224103816706;4.843937186336409;6.362991898004851;EVPL
gs_ind_0;Substantia Nigra Development (GO:0021762);1/44;0.2688506719725064;0.39195224103816706;4.843937186336409;6.362991898004851;MAPKAP1
gs_ind_0;Membrane Fission (GO:0090148);1/44;0.2688506719725064;0.39195224103816706;4.843937186336409;6.362991898004851;CHMP2B
gs_ind_0;Positive Regulation of Defense Response (GO:0031349);2/143;0.26891332015575115;0.39195224103816706;2.4889889973707566;3.2689539745549667;"CX3CL1;SERPINE1"
gs_ind_0;Axonal Transport (GO:0098930);1/44;0.2688506719725064;0.39195224103816706;4.843937186336409;6.362991898004851;KIF3A
gs_ind_0;Positive Regulation of Receptor-Mediated Endocytosis (GO:0048260);1/44;0.2688506719725064;0.39195224103816706;4.843937186336409;6.362991898004851;SERPINE1
gs_ind_0;Regulation of Mitotic Spindle Organization (GO:0060236);1/44;0.2688506719725064;0.39195224103816706;4.843937186336409;6.362991898004851;CHMP2B
gs_ind_0;Negative Regulation of RNA Biosynthetic Process (GO:1902679);5/492;0.2695321993840757;0.3923569991034013;1.5978136335209505;2.0948413942041153;"PBXIP1;BMP7;SMARCA2;BRD7;BHLHE41"
gs_ind_0;G2/M Transition of Mitotic Cell Cycle (GO:0000086);1/45;0.27404335603589003;0.3969141806565158;4.734768159518911;6.129010374593831;MELK
gs_ind_0;Establishment of Protein Localization to Extracellular Region (GO:0035592);1/45;0.27404335603589003;0.3969141806565158;4.734768159518911;6.129010374593831;ARL4D
gs_ind_0;Regulation of Telomere Maintenance via Telomerase (GO:0032210);1/45;0.27404335603589003;0.3969141806565158;4.734768159518911;6.129010374593831;HNRNPC
gs_ind_0;Phospholipid Biosynthetic Process (GO:0008654);1/45;0.27404335603589003;0.3969141806565158;4.734768159518911;6.129010374593831;FDPS
gs_ind_0;Regulation of Apoptotic Signaling Pathway (GO:2001233);1/46;0.2791995034573409;0.3983615744118388;4.6303977712428415;5.9075943066583365;CX3CL1
gs_ind_0;Regulation of Dendrite Development (GO:0050773);1/46;0.2791995034573409;0.3983615744118388;4.6303977712428415;5.9075943066583365;BMP7
gs_ind_0;Positive Regulation of Calcium Ion Transmembrane Transport (GO:1904427);1/46;0.2791995034573409;0.3983615744118388;4.6303977712428415;5.9075943066583365;CX3CL1
gs_ind_0;Potassium Ion Import Across Plasma Membrane (GO:1990573);1/46;0.2791995034573409;0.3983615744118388;4.6303977712428415;5.9075943066583365;FXYD5
gs_ind_0;Positive Regulation of Wound Healing (GO:0090303);1/46;0.2791995034573409;0.3983615744118388;4.6303977712428415;5.9075943066583365;SERPINE1
gs_ind_0;Regulation of Receptor-Mediated Endocytosis (GO:0048259);1/46;0.2791995034573409;0.3983615744118388;4.6303977712428415;5.9075943066583365;SERPINE1
gs_ind_0;Positive Regulation of Gene Expression, Epigenetic (GO:0141137);1/46;0.2791995034573409;0.3983615744118388;4.6303977712428415;5.9075943066583365;BRD7
gs_ind_0;Regulation of Microtubule-Based Process (GO:0032886);1/46;0.2791995034573409;0.3983615744118388;4.6303977712428415;5.9075943066583365;PRKACA
gs_ind_0;Regulation of Nitric Oxide Biosynthetic Process (GO:0045428);1/46;0.2791995034573409;0.3983615744118388;4.6303977712428415;5.9075943066583365;SMAD3
gs_ind_0;Defense Response to Fungus (GO:0050832);1/46;0.2791995034573409;0.3983615744118388;4.6303977712428415;5.9075943066583365;ANG
gs_ind_0;Regulation of Cell-Substrate Adhesion (GO:0010810);1/46;0.2791995034573409;0.3983615744118388;4.6303977712428415;5.9075943066583365;CX3CL1
gs_ind_0;Negative Regulation of Multicellular Organismal Process (GO:0051241);3/259;0.27795007214136597;0.3983615744118388;1.9256741001893356;2.465467082476969;"ANGPTL4;SINHCAF;SMAD3"
gs_ind_0;Neg Reg Phosphatidylinositol 3-Kinase/Protein Kinase B Signal Transduction (GO:0051898);1/47;0.28431936890676096;0.40396510849853673;4.530516431924883;5.69783631238615;SH2B3
gs_ind_0;Skeletal Muscle Tissue Development (GO:0007519);1/47;0.28431936890676096;0.40396510849853673;4.530516431924883;5.69783631238615;MYH14
gs_ind_0;Cellular Response to Amino Acid Stimulus (GO:0071230);1/47;0.28431936890676096;0.40396510849853673;4.530516431924883;5.69783631238615;CPEB1
gs_ind_0;Regulation of RNA Biosynthetic Process (GO:2001141);5/503;0.2845319459859259;0.40396510849853673;1.5613719206399688;1.9625035803485582;"PBXIP1;RUVBL1;SMARCA2;SMAD3;MEAF6"
gs_ind_0;Regulation of Ossification (GO:0030278);1/48;0.28940320529572583;0.4060915682801932;4.43484062268347;5.498911398628941;SMAD3
gs_ind_0;Regulation of Endothelial Cell Apoptotic Process (GO:2000351);1/48;0.28940320529572583;0.4060915682801932;4.43484062268347;5.498911398628941;SERPINE1
gs_ind_0;Negative Regulation of Mitotic Cell Cycle Phase Transition (GO:1901991);1/48;0.28940320529572583;0.4060915682801932;4.43484062268347;5.498911398628941;BRD7
gs_ind_0;Positive Regulation of Cell-Matrix Adhesion (GO:0001954);1/48;0.28940320529572583;0.4060915682801932;4.43484062268347;5.498911398628941;CX3CL1
gs_ind_0;Negative Regulation of Inflammatory Response (GO:0050728);2/151;0.2899140674417727;0.4060915682801932;2.3545309007909463;2.9153112185263272;"RHBDF2;SMAD3"
gs_ind_0;Positive Regulation of miRNA Transcription (GO:1902895);1/48;0.28940320529572583;0.4060915682801932;4.43484062268347;5.498911398628941;SMAD3
gs_ind_0;Cellular Response to Growth Factor Stimulus (GO:0071363);2/151;0.2899140674417727;0.4060915682801932;2.3545309007909463;2.9153112185263272;"BMP7;SMAD3"
gs_ind_0;Chromosome Organization (GO:0051276);1/48;0.28940320529572583;0.4060915682801932;4.43484062268347;5.498911398628941;TOP2A
gs_ind_0;Negative Regulation of Tumor Necrosis Factor Production (GO:0032720);1/48;0.28940320529572583;0.4060915682801932;4.43484062268347;5.498911398628941;CX3CL1
gs_ind_0;Positive Regulation of Nucleocytoplasmic Transport (GO:0046824);1/48;0.28940320529572583;0.4060915682801932;4.43484062268347;5.498911398628941;SMAD3
gs_ind_0;Blood Circulation (GO:0008015);1/48;0.28940320529572583;0.4060915682801932;4.43484062268347;5.498911398628941;ADCY6
gs_ind_0;Negative Regulation of Small GTPase Mediated Signal Transduction (GO:0051058);1/49;0.29445126378950864;0.40945459898178344;4.343110207637578;5.310067984432948;MAPKAP1
gs_ind_0;Regulation of Calcium-Mediated Signaling (GO:0050848);1/49;0.29445126378950864;0.40945459898178344;4.343110207637578;5.310067984432948;PRKACA
gs_ind_0;Purine Ribonucleotide Biosynthetic Process (GO:0009152);1/49;0.29445126378950864;0.40945459898178344;4.343110207637578;5.310067984432948;ADCY6
gs_ind_0;Cell Cycle G2/M Phase Transition (GO:0044839);1/49;0.29445126378950864;0.40945459898178344;4.343110207637578;5.310067984432948;MELK
gs_ind_0;Positive Regulation of Epithelial to Mesenchymal Transition (GO:0010718);1/49;0.29445126378950864;0.40945459898178344;4.343110207637578;5.310067984432948;SMAD3
gs_ind_0;Regulation of MAP Kinase Activity (GO:0043405);1/49;0.29445126378950864;0.40945459898178344;4.343110207637578;5.310067984432948;CDK5RAP3
gs_ind_0;Positive Regulation of Smooth Muscle Cell Proliferation (GO:0048661);1/50;0.2994637938190235;0.41491971432756264;4.25508607198748;5.130620060411444;CX3CL1
gs_ind_0;Negative Regulation of Tumor Necrosis Factor Superfamily Cytokine Production (GO:1903556);1/50;0.2994637938190235;0.41491971432756264;4.25508607198748;5.130620060411444;CX3CL1
gs_ind_0;Regulation of Protein Serine/Threonine Kinase Activity (GO:0071900);1/50;0.2994637938190235;0.41491971432756264;4.25508607198748;5.130620060411444;CDK5RAP3
gs_ind_0;Primary Alcohol Metabolic Process (GO:0034308);1/51;0.30444104309268655;0.41729106025815205;4.170548040719565;4.959940320949849;GDPD1
gs_ind_0;Epithelial to Mesenchymal Transition (GO:0001837);1/51;0.30444104309268655;0.41729106025815205;4.170548040719565;4.959940320949849;BMP7
gs_ind_0;Mitotic G2/M Transition Checkpoint (GO:0044818);1/51;0.30444104309268655;0.41729106025815205;4.170548040719565;4.959940320949849;CDK5RAP3
gs_ind_0;Cellular Response to Ketone (GO:1901655);1/51;0.30444104309268655;0.41729106025815205;4.170548040719565;4.959940320949849;ADCY6
gs_ind_0;Negative Regulation of Response to Biotic Stimulus (GO:0002832);1/51;0.30444104309268655;0.41729106025815205;4.170548040719565;4.959940320949849;SMAD3
gs_ind_0;Positive Regulation of Insulin Secretion (GO:0032024);1/51;0.30444104309268655;0.41729106025815205;4.170548040719565;4.959940320949849;PRKACA
gs_ind_0;Negative Regulation of Protein Metabolic Process (GO:0051248);2/156;0.30300950793262993;0.41729106025815205;2.2775656068344605;2.7193930520402803;"CDK5RAP3;SERPINE1"
gs_ind_0;Response to Glucose (GO:0009749);1/51;0.30444104309268655;0.41729106025815205;4.170548040719565;4.959940320949849;PRKACA
gs_ind_0;Oligosaccharide Metabolic Process (GO:0009311);1/51;0.30444104309268655;0.41729106025815205;4.170548040719565;4.959940320949849;MPDU1
gs_ind_0;Intracellular Glucose Homeostasis (GO:0001678);1/52;0.3093832576081977;0.4210541375732868;4.0892930397921505;4.79745413229798;PRKACA
gs_ind_0;Double-strand Break Repair via Nonhomologous End Joining (GO:0006303);1/52;0.3093832576081977;0.4210541375732868;4.0892930397921505;4.79745413229798;SMARCAL1
gs_ind_0;Positive Regulation of Cellular Process (GO:0048522);6/647;0.3091674506087897;0.4210541375732868;1.4337739826223177;1.6830674730645097;"SINHCAF;CCN1;CX3CL1;SMARCA2;MAPKAP1;BRD7"
gs_ind_0;Retrograde Vesicle-Mediated Transport, Golgi to Endoplasmic Reticulum (GO:0006890);1/52;0.3093832576081977;0.4210541375732868;4.0892930397921505;4.79745413229798;COG4
gs_ind_0;Cognition (GO:0050890);1/52;0.3093832576081977;0.4210541375732868;4.0892930397921505;4.79745413229798;CHMP2B
gs_ind_0;T Cell Differentiation (GO:0030217);1/52;0.3093832576081977;0.4210541375732868;4.0892930397921505;4.79745413229798;MR1
gs_ind_0;Negative Regulation of Cell Projection Organization (GO:0031345);1/53;0.3142906816642427;0.4222363129835036;4.011133467471495;4.642634221088844;ADCY6
gs_ind_0;Myelination (GO:0042552);1/53;0.3142906816642427;0.4222363129835036;4.011133467471495;4.642634221088844;MARVELD1
gs_ind_0;Negative Regulation of TORC1 Signaling (GO:1904262);1/53;0.3142906816642427;0.4222363129835036;4.011133467471495;4.642634221088844;PRKACA
gs_ind_0;Regulation of Secretion by Cell (GO:1903530);1/53;0.3142906816642427;0.4222363129835036;4.011133467471495;4.642634221088844;RHBDF2
gs_ind_0;Plasma Membrane Bounded Cell Projection Assembly (GO:0120031);3/277;0.31275634580794087;0.4222363129835036;1.797204138015182;2.0889457944701966;"KIF3A;IFT122;FXYD5"
gs_ind_0;Regulation of Insulin Receptor Signaling Pathway (GO:0046626);1/53;0.3142906816642427;0.4222363129835036;4.011133467471495;4.642634221088844;MAPKAP1
gs_ind_0;Cardiac Muscle Tissue Development (GO:0048738);1/53;0.3142906816642427;0.4222363129835036;4.011133467471495;4.642634221088844;BMP7
gs_ind_0;Positive Regulation of Fat Cell Differentiation (GO:0045600);1/53;0.3142906816642427;0.4222363129835036;4.011133467471495;4.642634221088844;BMP7
gs_ind_0;Regulation of Wound Healing (GO:0061041);1/53;0.3142906816642427;0.4222363129835036;4.011133467471495;4.642634221088844;SERPINE1
gs_ind_0;Positive Regulation of Actin Filament Bundle Assembly (GO:0032233);1/53;0.3142906816642427;0.4222363129835036;4.011133467471495;4.642634221088844;CX3CL1
gs_ind_0;DNA-templated DNA Replication Maintenance of Fidelity (GO:0045005);1/53;0.3142906816642427;0.4222363129835036;4.011133467471495;4.642634221088844;SMARCAL1
gs_ind_0;Transport Along Microtubule (GO:0010970);1/54;0.3191635578721145;0.4233426661510169;3.935895748321706;4.49499598560331;IFT122
gs_ind_0;Transcription Initiation-Coupled Chromatin Remodeling (GO:0045815);1/54;0.3191635578721145;0.4233426661510169;3.935895748321706;4.49499598560331;BRD7
gs_ind_0;Positive Regulation of Peptidyl-Tyrosine Phosphorylation (GO:0050731);1/54;0.3191635578721145;0.4233426661510169;3.935895748321706;4.49499598560331;CSPG4
gs_ind_0;Autophagosome Maturation (GO:0097352);1/54;0.3191635578721145;0.4233426661510169;3.935895748321706;4.49499598560331;CHMP2B
gs_ind_0;BMP Signaling Pathway (GO:0030509);1/54;0.3191635578721145;0.4233426661510169;3.935895748321706;4.49499598560331;BMP7
gs_ind_0;Regulation of Protein Kinase Activity (GO:0045859);1/54;0.3191635578721145;0.4233426661510169;3.935895748321706;4.49499598560331;TRAF4
gs_ind_0;Positive Regulation of miRNA Metabolic Process (GO:2000630);1/54;0.3191635578721145;0.4233426661510169;3.935895748321706;4.49499598560331;SMAD3
gs_ind_0;Myofibril Assembly (GO:0030239);1/54;0.3191635578721145;0.4233426661510169;3.935895748321706;4.49499598560331;FLII
gs_ind_0;Regulation of Release of Sequestered Calcium Ion Into Cytosol (GO:0051279);1/54;0.3191635578721145;0.4233426661510169;3.935895748321706;4.49499598560331;CX3CL1
gs_ind_0;Response to Lipopolysaccharide (GO:0032496);2/161;0.31606478788634884;0.4233426661510169;2.205425723157379;2.540227126868854;"GCH1;SERPINE1"
gs_ind_0;Intraciliary Transport (GO:0042073);1/54;0.3191635578721145;0.4233426661510169;3.935895748321706;4.49499598560331;IFT122
gs_ind_0;Regulation of Embryonic Development (GO:0045995);1/55;0.3240021271672578;0.4277869646869649;3.8634190463884224;4.354093346869569;RACGAP1
gs_ind_0;Positive Regulation of Pattern Recognition Receptor Signaling Pathway (GO:0062208);1/55;0.3240021271672578;0.4277869646869649;3.8634190463884224;4.354093346869569;HSP90B1
gs_ind_0;Negative Regulation of Neuron Projection Development (GO:0010977);1/55;0.3240021271672578;0.4277869646869649;3.8634190463884224;4.354093346869569;ADCY6
gs_ind_0;Regulation of Small GTPase Mediated Signal Transduction (GO:0051056);2/164;0.3238732030997573;0.4277869646869649;2.164272694130514;2.4400079355924738;"RACGAP1;PKP4"
gs_ind_0;Regulation of Inflammatory Response (GO:0050727);3/283;0.3244032337398319;0.4278253655972553;1.7580448447321513;1.9791506084039825;"SERPINE1;CX3CL1;SMAD3"
gs_ind_0;Endosome Organization (GO:0007032);1/56;0.3288066288207357;0.4319941397893317;3.7935541174977794;4.219515068999894;CHMP2B
gs_ind_0;Plasma Membrane Bounded Cell Projection Morphogenesis (GO:0120039);1/56;0.3288066288207357;0.4319941397893317;3.7935541174977794;4.219515068999894;BMP7
gs_ind_0;Synapse Organization (GO:0050808);2/166;0.32906684039604744;0.4319941397893317;2.137671242743341;2.376009586605883;"CX3CL1;PPFIA3"
gs_ind_0;Cellular Response to Nitrogen Compound (GO:1901699);2/166;0.32906684039604744;0.4319941397893317;2.137671242743341;2.376009586605883;"HSP90B1;CRTC2"
gs_ind_0;Response to Peptide Hormone (GO:0043434);1/57;0.33357730045061357;0.43395237049570773;3.7261622834351242;4.090881488468869;SMAD3
gs_ind_0;Ceramide Metabolic Process (GO:0006672);1/57;0.33357730045061357;0.43395237049570773;3.7261622834351242;4.090881488468869;CERS2
gs_ind_0;Regulation of Ubiquitin-Dependent Protein Catabolic Process (GO:2000058);1/57;0.33357730045061357;0.43395237049570773;3.7261622834351242;4.090881488468869;CDK5RAP3
gs_ind_0;Nucleus Organization (GO:0006997);1/57;0.33357730045061357;0.43395237049570773;3.7261622834351242;4.090881488468869;CHMP2B
gs_ind_0;Regulation of Mitotic Nuclear Division (GO:0007088);1/57;0.33357730045061357;0.43395237049570773;3.7261622834351242;4.090881488468869;BMP7
gs_ind_0;Positive Regulation of Leukocyte Chemotaxis (GO:0002690);1/57;0.33357730045061357;0.43395237049570773;3.7261622834351242;4.090881488468869;SERPINE1
gs_ind_0;Regulation of Protein Localization to Nucleus (GO:1900180);1/57;0.33357730045061357;0.43395237049570773;3.7261622834351242;4.090881488468869;CDK5RAP3
gs_ind_0;Positive Regulation of Protein Kinase Activity (GO:0045860);1/57;0.33357730045061357;0.43395237049570773;3.7261622834351242;4.090881488468869;TRAF4
gs_ind_0;Regulation of Cellular Component Organization (GO:0051128);2/169;0.33683744195945875;0.43769837090777125;2.0989601754261864;2.2839936593314056;"ANGPTL4;MEAF6"
gs_ind_0;Epidermal Cell Differentiation (GO:0009913);1/58;0.3383143780332732;0.43813235893948665;3.6611145131659524;3.967841600684511;EVPL
gs_ind_0;Negative Regulation of Protein Phosphorylation (GO:0001933);1/58;0.3383143780332732;0.43813235893948665;3.6611145131659524;3.967841600684511;CDK5RAP3
gs_ind_0;Regulation of Lipid Metabolic Process (GO:0019216);1/58;0.3383143780332732;0.43813235893948665;3.6611145131659524;3.967841600684511;CERS2
gs_ind_0;Protein-RNA Complex Assembly (GO:0022618);2/170;0.3394219818466195;0.4390723049759419;2.086362805349684;2.254338298108158;"EIF3I;SF3B2"
gs_ind_0;Cytoplasmic Microtubule Organization (GO:0031122);1/59;0.3430180959146473;0.4397667896341632;3.5982905982905984;3.8500704594863095;KATNA1
gs_ind_0;Organic Hydroxy Compound Transport (GO:0015850);1/59;0.3430180959146473;0.4397667896341632;3.5982905982905984;3.8500704594863095;SLC49A4
gs_ind_0;Proton Transmembrane Transport (GO:1902600);1/59;0.3430180959146473;0.4397667896341632;3.5982905982905984;3.8500704594863095;FXYD5
gs_ind_0;Replication Fork Processing (GO:0031297);1/59;0.3430180959146473;0.4397667896341632;3.5982905982905984;3.8500704594863095;SMARCAL1
gs_ind_0;Regulation of Macromolecule Biosynthetic Process (GO:0010556);2/171;0.34200354295037394;0.4397667896341632;2.0739140768080078;2.225173304511311;"MEAF6;HNRNPDL"
gs_ind_0;Regulation of MAPK Cascade (GO:0043408);3/292;0.3418773088314237;0.4397667896341632;1.702349373197478;1.8271372891940114;"SH2B3;CCN1;CX3CL1"
gs_ind_0;Regulation of Protein Catabolic Process (GO:0042176);2/171;0.34200354295037394;0.4397667896341632;2.0739140768080078;2.225173304511311;"PRKACA;CDK5RAP3"
gs_ind_0;Rho Protein Signal Transduction (GO:0007266);1/59;0.3430180959146473;0.4397667896341632;3.5982905982905984;3.8500704594863095;RACGAP1
gs_ind_0;Brain Development (GO:0007420);2/172;0.34458203825781525;0.44127989309185695;2.061611374407583;2.196488339667108;"CDK5RAP3;UGP2"
gs_ind_0;Gene Expression (GO:0010467);3/294;0.3457580191592039;0.4422933504261229;1.6904396497246548;1.7952741497590008;"SARNP;SRSF3;HNRNPDL"
gs_ind_0;Positive Regulation of Peptide Hormone Secretion (GO:0090277);1/60;0.3476886868213736;0.4442688776050885;3.537578411646349;3.737266851355879;PRKACA
gs_ind_0;Response to Reactive Oxygen Species (GO:0000302);1/61;0.3523263818718791;0.4482028087971913;3.4788732394366195;3.62915121133817;PEX5
gs_ind_0;Cellular Response to BMP Stimulus (GO:0071773);1/61;0.3523263818718791;0.4482028087971913;3.4788732394366195;3.62915121133817;BMP7
gs_ind_0;Cellular Response to Alcohol (GO:0097306);1/61;0.3523263818718791;0.4482028087971913;3.4788732394366195;3.62915121133817;ADCY6
gs_ind_0;Negative Regulation of Protein Localization (GO:1903828);1/61;0.3523263818718791;0.4482028087971913;3.4788732394366195;3.62915121133817;PRKACA
gs_ind_0;Mesenchymal Cell Differentiation (GO:0048762);1/62;0.3569314105873892;0.450572033123488;3.422077178518264;3.5254637521006345;BMP7
gs_ind_0;Negative Regulation of Intrinsic Apoptotic Signaling Pathway (GO:2001243);1/62;0.3569314105873892;0.450572033123488;3.422077178518264;3.5254637521006345;PLAUR
gs_ind_0;Protein Homotetramerization (GO:0051289);1/62;0.3569314105873892;0.450572033123488;3.422077178518264;3.5254637521006345;CTH
gs_ind_0;Negative Regulation of Response to Stimulus (GO:0048585);1/62;0.3569314105873892;0.450572033123488;3.422077178518264;3.5254637521006345;SH2B3
gs_ind_0;Regulation of Interleukin-2 Production (GO:0032663);1/62;0.3569314105873892;0.450572033123488;3.422077178518264;3.5254637521006345;PRKACA
gs_ind_0;Positive Regulation of Response to External Stimulus (GO:0032103);2/176;0.354863668469142;0.450572033123488;2.0138106166569347;2.0863512886019113;"CX3CL1;SERPINE1"
gs_ind_0;Mitotic DNA Damage Checkpoint Signaling (GO:0044773);1/62;0.3569314105873892;0.450572033123488;3.422077178518264;3.5254637521006345;CDK5RAP3
gs_ind_0;Glycerophospholipid Metabolic Process (GO:0006650);1/63;0.361504000902856;0.45286448914845795;3.3670985915492957;3.4259627813318976;GDPD1
gs_ind_0;Mitotic Metaphase Chromosome Alignment (GO:0007080);1/63;0.361504000902856;0.45286448914845795;3.3670985915492957;3.4259627813318976;CHMP2B
gs_ind_0;Intracellular Protein Transport (GO:0006886);3/301;0.3593247871122564;0.45286448914845795;1.6500124225593678;1.6888349048625086;"ARL4D;KPNA2;PEX5"
gs_ind_0;Neurotransmitter Transport (GO:0006836);1/63;0.361504000902856;0.45286448914845795;3.3670985915492957;3.4259627813318976;PPFIA3
gs_ind_0;Protein Polymerization (GO:0051258);1/63;0.361504000902856;0.45286448914845795;3.3670985915492957;3.4259627813318976;ANG
gs_ind_0;Regulation of Phagocytosis (GO:0050764);1/63;0.361504000902856;0.45286448914845795;3.3670985915492957;3.4259627813318976;PRKACA
gs_ind_0;Vesicle Organization (GO:0016050);1/63;0.361504000902856;0.45286448914845795;3.3670985915492957;3.4259627813318976;CHMP2B
gs_ind_0;Regulation of Neuron Projection Development (GO:0010975);2/179;0.3625386354360552;0.4536664099580669;1.9793738735731927;2.0083206920662433;"ADCY6;CX3CL1"
gs_ind_0;Regulation of Signal Transduction by P53 Class Mediator (GO:1901796);1/64;0.3660443791778213;0.456291131564828;3.3138516136187204;3.3304231859061493;CDK5RAP3
gs_ind_0;Positive Regulation of Multicellular Organismal Process (GO:0051240);4/432;0.3662232299429011;0.456291131564828;1.4789203997767744;1.4855936045598253;"SERPINE1;SINHCAF;SMARCA2;SMAD3"
gs_ind_0;Positive Regulation of Mitotic Cell Cycle Phase Transition (GO:1901992);1/64;0.3660443791778213;0.456291131564828;3.3138516136187204;3.3304231859061493;DLGAP5
gs_ind_0;Heart Development (GO:0007507);2/180;0.365089631770212;0.456291131564828;1.968152189785867;1.9831345299689094;"IFT122;BMP7"
gs_ind_0;Protein Phosphorylation (GO:0006468);3/305;0.3670619890080068;0.45684122008572275;1.6277511961722488;1.6313721902567386;"PRKACA;MELK;CSK"
gs_ind_0;Protein Secretion (GO:0009306);1/65;0.3705527702071959;0.45821041477233904;3.2622557047712633;3.2386350640023154;ARL4D
gs_ind_0;Positive Regulation of Interleukin-8 Production (GO:0032757);1/65;0.3705527702071959;0.45821041477233904;3.2622557047712633;3.2386350640023154;SERPINE1
gs_ind_0;Positive Regulation of Protein Modification Process (GO:0031401);1/65;0.3705527702071959;0.45821041477233904;3.2622557047712633;3.2386350640023154;PLAUR
gs_ind_0;Positive Regulation of Neurogenesis (GO:0050769);1/65;0.3705527702071959;0.45821041477233904;3.2622557047712633;3.2386350640023154;CX3CL1
gs_ind_0;MRNA Stabilization (GO:0048255);1/65;0.3705527702071959;0.45821041477233904;3.2622557047712633;3.2386350640023154;HNRNPC
gs_ind_0;Granulocyte Chemotaxis (GO:0071621);1/65;0.3705527702071959;0.45821041477233904;3.2622557047712633;3.2386350640023154;CX3CL1
gs_ind_0;Regulation of Receptor Signaling Pathway via JAK-STAT (GO:0046425);1/66;0.37502939723197676;0.46275086568323315;3.212235243522202;3.150402488739232;SH2B3
gs_ind_0;Glycolipid Biosynthetic Process (GO:0009247);1/66;0.37502939723197676;0.46275086568323315;3.212235243522202;3.150402488739232;CERS2
gs_ind_0;Regulation of miRNA Transcription (GO:1902893);1/67;0.3794744819498827;0.46524056955476023;3.1637191570475482;3.0655423889309588;SMAD3
gs_ind_0;Anterior/posterior Pattern Specification (GO:0009952);1/67;0.3794744819498827;0.46524056955476023;3.1637191570475482;3.0655423889309588;BHLHE41
gs_ind_0;Protein Modification Process (GO:0036211);4/439;0.3775227570824402;0.46524056955476023;1.454450157240553;1.4168154281279868;"CTH;PRKACA;EVPL;CSK"
gs_ind_0;Response to Molecule of Bacterial Origin (GO:0002237);1/67;0.3794744819498827;0.46524056955476023;3.1637191570475482;3.0655423889309588;GCH1
gs_ind_0;Myeloid Cell Differentiation (GO:0030099);1/67;0.3794744819498827;0.46524056955476023;3.1637191570475482;3.0655423889309588;RACGAP1
gs_ind_0;Positive Regulation of Phagocytosis (GO:0050766);1/67;0.3794744819498827;0.46524056955476023;3.1637191570475482;3.0655423889309588;PRKACA
gs_ind_0;Regulation of Alternative mRNA Splicing, via Spliceosome (GO:0000381);1/68;0.38388824452592213;0.4686533770751703;3.116640584246218;2.9838835343287182;SRSF3
gs_ind_0;Regulation of Cell-Matrix Adhesion (GO:0001952);1/68;0.38388824452592213;0.4686533770751703;3.116640584246218;2.9838835343287182;CX3CL1
gs_ind_0;Negative Regulation of Protein-Containing Complex Assembly (GO:0031333);1/68;0.38388824452592213;0.4686533770751703;3.116640584246218;2.9838835343287182;PEX5
gs_ind_0;Glucose Metabolic Process (GO:0006006);1/68;0.38388824452592213;0.4686533770751703;3.116640584246218;2.9838835343287182;CRTC2
gs_ind_0;Positive Regulation of Intracellular Signal Transduction (GO:1902533);6/707;0.38515691550813763;0.46970355549772885;1.305664497961792;1.2457403142160786;"BMP7;PRKACA;CDK5RAP3;CX3CL1;SMAD3;BCL2L11"
gs_ind_0;Chordate Embryonic Development (GO:0043009);1/69;0.3882709036028885;0.4724989832204463;3.0709365683149996;2.9052656142406015;BMP7
gs_ind_0;Spliceosomal Complex Assembly (GO:0000245);1/69;0.3882709036028885;0.4724989832204463;3.0709365683149996;2.9052656142406015;SF3B2
gs_ind_0;Spliceosomal snRNP Assembly (GO:0000387);1/70;0.39262267631178394;0.47678572096995936;3.026547775863816;2.8295383997417365;SF3B2
gs_ind_0;Positive Regulation of Endothelial Cell Proliferation (GO:0001938);1/70;0.39262267631178394;0.47678572096995936;3.026547775863816;2.8295383997417365;ANG
gs_ind_0;Action Potential (GO:0001508);1/71;0.39694377828217187;0.4805108894994712;2.9834182399360705;2.7565609808356273;MYH14
gs_ind_0;Positive Regulation of Type II Interferon Production (GO:0032729);1/71;0.39694377828217187;0.4805108894994712;2.9834182399360705;2.7565609808356273;SCRIB
gs_ind_0;Cellular Response to Reactive Oxygen Species (GO:0034614);1/71;0.39694377828217187;0.4805108894994712;2.9834182399360705;2.7565609808356273;PEX5
gs_ind_0;Kidney Development (GO:0001822);1/72;0.40123442365246287;0.48316187141396055;2.941495124593716;2.686201070926762;BMP7
gs_ind_0;Positive Regulation of Cell-Substrate Adhesion (GO:0010811);1/72;0.40123442365246287;0.48316187141396055;2.941495124593716;2.686201070926762;CX3CL1
gs_ind_0;Skin Development (GO:0043588);1/72;0.40123442365246287;0.48316187141396055;2.941495124593716;2.686201070926762;EVPL
gs_ind_0;Sterol Metabolic Process (GO:0016125);1/72;0.40123442365246287;0.48316187141396055;2.941495124593716;2.686201070926762;PMVK
gs_ind_0;Positive Regulation of Apoptotic Signaling Pathway (GO:2001235);1/72;0.40123442365246287;0.48316187141396055;2.941495124593716;2.686201070926762;BCL2L11
gs_ind_0;Extrinsic Apoptotic Signaling Pathway (GO:0097191);1/73;0.4054948250801257;0.486255525382841;2.900728508984944;2.6183343718364656;SMAD3
gs_ind_0;Regulation of Heart Contraction (GO:0008016);1/73;0.4054948250801257;0.486255525382841;2.900728508984944;2.6183343718364656;PRKACA
gs_ind_0;Positive Regulation of Type I Interferon Production (GO:0032481);1/73;0.4054948250801257;0.486255525382841;2.900728508984944;2.6183343718364656;KPNA2
gs_ind_0;Positive Regulation of Intracellular Protein Transport (GO:0090316);1/73;0.4054948250801257;0.486255525382841;2.900728508984944;2.6183343718364656;SMAD3
gs_ind_0;Negative Regulation of Immune Response (GO:0050777);1/74;0.4097251937518303;0.48827354695813974;2.861071189038996;2.5528439933557925;RHBDF2
gs_ind_0;Negative Regulation of Protein Catabolic Process (GO:0042177);1/74;0.4097251937518303;0.48827354695813974;2.861071189038996;2.5528439933557925;CDK5RAP3
gs_ind_0;Negative Regulation of TOR Signaling (GO:0032007);1/74;0.4097251937518303;0.48827354695813974;2.861071189038996;2.5528439933557925;PRKACA
gs_ind_0;Peptidyl-lysine Modification (GO:0018205);1/74;0.4097251937518303;0.48827354695813974;2.861071189038996;2.5528439933557925;CTH
gs_ind_0;Spindle Assembly (GO:0051225);1/74;0.4097251937518303;0.48827354695813974;2.861071189038996;2.5528439933557925;INCENP
gs_ind_0;Epigenetic Regulation of Gene Expression (GO:0040029);1/74;0.4097251937518303;0.48827354695813974;2.861071189038996;2.5528439933557925;HDAC11
gs_ind_0;Cell-cell Junction Assembly (GO:0007043);1/75;0.4139257393935274;0.4912431375671378;2.822478495131865;2.4896199219964967;PKP4
gs_ind_0;Regulation of Type I Interferon Production (GO:0032479);1/75;0.4139257393935274;0.4912431375671378;2.822478495131865;2.4896199219964967;KPNA2
gs_ind_0;Positive Regulation of Protein Transport (GO:0051222);1/75;0.4139257393935274;0.4912431375671378;2.822478495131865;2.4896199219964967;ANG
gs_ind_0;Positive Regulation of Protein Ubiquitination (GO:0031398);1/75;0.4139257393935274;0.4912431375671378;2.822478495131865;2.4896199219964967;CDK5RAP3
gs_ind_0;Regulation of Fat Cell Differentiation (GO:0045598);1/76;0.41809667028045044;0.49415331019786024;2.7849081242421416;2.428558534186598;SMAD3
gs_ind_0;Regulation of Translational Initiation (GO:0006446);1/76;0.41809667028045044;0.49415331019786024;2.7849081242421416;2.428558534186598;SCRIB
gs_ind_0;Positive Regulation of Cytoskeleton Organization (GO:0051495);1/76;0.41809667028045044;0.49415331019786024;2.7849081242421416;2.428558534186598;CX3CL1
gs_ind_0;Establishment of Protein Localization to Membrane (GO:0090150);1/76;0.41809667028045044;0.49415331019786024;2.7849081242421416;2.428558534186598;PEX5
gs_ind_0;Cellular Response to Cytokine Stimulus (GO:0071345);3/332;0.41877917435762346;0.49445179723949384;1.4916249791259775;1.2983275775255827;"PRKACA;SH2B3;CX3CL1"
gs_ind_0;Regulation of Non-Canonical NF-kappaB Signal Transduction (GO:1901222);1/77;0.42223819324705897;0.49740630135084407;2.7483199852711038;2.3695621496712933;BMP7
gs_ind_0;Response to Type II Interferon (GO:0034341);1/77;0.42223819324705897;0.49740630135084407;2.7483199852711038;2.3695621496712933;GCH1
gs_ind_0;RNA Splicing, via Transesterification Reactions With Bulged Adenosine as Nucleophile (GO:0000377);2/203;0.42257909253893444;0.49740630135084407;1.7407947502734233;1.4994834291833359;"HNRNPC;SF3B2"
gs_ind_0;Positive Regulation of Secretion by Cell (GO:1903532);1/78;0.42635051369690724;0.500309276276983;2.712676056338028;2.3125386213331556;ANG
gs_ind_0;DNA Metabolic Process (GO:0006259);3/336;0.42633819466054657;0.500309276276983;1.4733327116346133;1.2560490855334692;"SMARCAL1;TOP2A;KPNA2"
gs_ind_0;Negative Regulation of Cytokine-Mediated Signaling Pathway (GO:0001960);1/78;0.42635051369690724;0.500309276276983;2.712676056338028;2.3125386213331556;SH2B3
gs_ind_0;Positive Regulation of Growth (GO:0045927);1/79;0.4304338356124492;0.5035594211132417;2.6779402529828653;2.2574009580448413;MAPKAP1
gs_ind_0;Transforming Growth Factor Beta Receptor Signaling Pathway (GO:0007179);1/79;0.4304338356124492;0.5035594211132417;2.6779402529828653;2.2574009580448413;SMAD3
gs_ind_0;Positive Regulation of GTPase Activity (GO:0043547);1/79;0.4304338356124492;0.5035594211132417;2.6779402529828653;2.2574009580448413;SCRIB
gs_ind_0;Protein-containing Complex Assembly (GO:0065003);3/339;0.4319859125234835;0.5047333459703706;1.4598989030051828;1.2253841027006527;"CX3CL1;TRAPPC12;DLGAP5"
gs_ind_0;Small GTPase-mediated Signal Transduction (GO:0007264);2/207;0.43231508328766527;0.5047333459703706;1.7064494182493284;1.4310295011146466;"RACGAP1;NUCB1"
gs_ind_0;Response to Tumor Necrosis Factor (GO:0034612);1/80;0.4344883615647786;0.5067562026364051;2.644078306315883;2.204066977520522;GCH1
gs_ind_0;Positive Regulation of Macroautophagy (GO:0016239);1/81;0.4385142927232994;0.509385289527065;2.611057650249322;2.1524589864445183;CDK5RAP3
gs_ind_0;Gland Development (GO:0048732);1/81;0.4385142927232994;0.509385289527065;2.611057650249322;2.1524589864445183;CDK5RAP3
gs_ind_0;Protein N-linked Glycosylation (GO:0006487);1/81;0.4385142927232994;0.509385289527065;2.611057650249322;2.1524589864445183;MPDU1
gs_ind_0;Positive Regulation of Protein Modification by Small Protein Conjugation or Removal (GO:1903322);1/81;0.4385142927232994;0.509385289527065;2.611057650249322;2.1524589864445183;CDK5RAP3
gs_ind_0;Positive Regulation of Macromolecule Biosynthetic Process (GO:0010557);3/344;0.4413551960401551;0.512167987332168;1.4380337240012049;1.1761753965659671;"BMP7;SMAD3;SLC25A37"
gs_ind_0;Regulation of BMP Signaling Pathway (GO:0030510);1/82;0.44251182886533214;0.5129925435434798;2.5788473170310207;2.1025034854322837;CCN1
gs_ind_0;Positive Regulation of DNA-templated Transcription (GO:0045893);10/1304;0.44481583957621473;0.5151442250882647;1.1405235166532965;0.9239323139633919;"BCL11B;CCN1;BMP7;RUVBL1;KANSL3;CX3CL1;SMARCA2;SMAD3;MEAF6;CRTC2"
gs_ind_0;Regulation of Angiogenesis (GO:0045765);2/213;0.4467562459872113;0.5158330149450733;1.657367259363831;1.3354106491130968;"ANGPTL4;SERPINE1"
gs_ind_0;Carbohydrate Derivative Biosynthetic Process (GO:1901137);1/83;0.4464811683856546;0.5158330149450733;2.5474178403755867;2.0541308966245526;MPDU1
gs_ind_0;Protein Import Into Nucleus (GO:0006606);1/83;0.4464811683856546;0.5158330149450733;2.5474178403755867;2.0541308966245526;KPNA2
gs_ind_0;Regulation of Cell Migration (GO:0030334);4/484;0.4494445736880818;0.5184165092691014;1.3141654978962132;1.050994315132056;"CX3CL1;SINHCAF;CCN1;SERPINE1"
gs_ind_0;Regulation of Rho Protein Signal Transduction (GO:0035023);1/84;0.4504225083059808;0.5185043889408187;2.5167411655562115;2.0072753119337747;PKP4
gs_ind_0;Negative Regulation of Transforming Growth Factor Beta Receptor Signaling Pathway (GO:0030512);1/84;0.4504225083059808;0.5185043889408187;2.5167411655562115;2.0072753119337747;SINHCAF
gs_ind_0;DNA-templated Transcription (GO:0006351);2/215;0.4515251478721172;0.5192539200529348;1.6416195877776174;1.3052914765021393;"GTF3C2;ANG"
gs_ind_0;Positive Regulation of JNK Cascade (GO:0046330);1/85;0.45433604428436886;0.5198870158477853;2.48679056588049;1.9618742601563974;TRAF4
gs_ind_0;Regulation of Endothelial Cell Proliferation (GO:0001936);1/85;0.45433604428436886;0.5198870158477853;2.48679056588049;1.9618742601563974;ANG
gs_ind_0;Regulation of Interleukin-8 Production (GO:0032677);1/85;0.45433604428436886;0.5198870158477853;2.48679056588049;1.9618742601563974;SERPINE1
gs_ind_0;Positive Regulation of Cell Population Proliferation (GO:0008284);4/486;0.45259265928682185;0.5198870158477853;1.3085379589997748;1.0373601703538955;"CX3CL1;SINHCAF;SMARCA2;CCN1"
gs_ind_0;Regulation of Interleukin-1 Beta Production (GO:0032651);1/85;0.45433604428436886;0.5198870158477853;2.48679056588049;1.9618742601563974;CX3CL1
gs_ind_0;Regulation of Epithelial to Mesenchymal Transition (GO:0010717);1/86;0.4582219706245735;0.5232922206735446;2.4575405650275925;1.9178684913377084;SMAD3
gs_ind_0;Regulation of Proteasomal Protein Catabolic Process (GO:0061136);1/86;0.4582219706245735;0.5232922206735446;2.4575405650275925;1.9178684913377084;PRKACA
gs_ind_0;Negative Regulation of Intracellular Signal Transduction (GO:1902532);3/354;0.45991682637097975;0.5247066967526058;1.3961695263634322;1.0844182996029588;"SH2B3;PLAUR;BMP7"
gs_ind_0;Epidermis Development (GO:0008544);1/87;0.46208048028532756;0.5250914548696904;2.4289668647724496;1.8752017769307918;EVPL
gs_ind_0;Sphingolipid Biosynthetic Process (GO:0030148);1/87;0.46208048028532756;0.5250914548696904;2.4289668647724496;1.8752017769307918;CERS2
gs_ind_0;Regulation of Organelle Assembly (GO:1902115);1/87;0.46208048028532756;0.5250914548696904;2.4289668647724496;1.8752017769307918;TRAPPC12
gs_ind_0;Integrin-mediated Signaling Pathway (GO:0007229);1/87;0.46208048028532756;0.5250914548696904;2.4289668647724496;1.8752017769307918;CCN1
gs_ind_0;Cell Chemotaxis (GO:0060326);1/88;0.4659117648895655;0.5289225366465945;2.401046277665996;1.8338207244293006;CX3CL1
gs_ind_0;Positive Regulation of Cytokine Production (GO:0001819);3/358;0.4672703896988713;0.5299417634651894;1.380083311462392;1.0500325176811582;"KPNA2;SCRIB;SERPINE1"
gs_ind_0;Organelle Assembly (GO:0070925);3/359;0.4691020970144345;0.5314949867651229;1.3761181610151862;1.0416317846594063;"CHMP2B;KIF3A;IFT122"
gs_ind_0;Positive Regulation of Ubiquitin-Dependent Protein Catabolic Process (GO:2000060);1/90;0.4734934187961278;0.5359423539523099;2.3470768746557558;1.7547151949728441;CDK5RAP3
gs_ind_0;Regulation of Cell Population Proliferation (GO:0042127);6/777;0.47401270744613266;0.5360025698751746;1.1813880579384413;0.8819311700588787;"P3H2;SINHCAF;SH2B3;CX3CL1;SMARCA2;SMAD3"
gs_ind_0;Intracellular Signaling Cassette (GO:0141124);3/362;0.47458076888767187;0.536117764460533;1.3643550651822374;1.016885833042712;"PRKACA;NUCB1;SMAD3"
gs_ind_0;Positive Regulation of Biosynthetic Process (GO:0009891);1/91;0.47724416474744724;0.5385974381349994;2.320986693642518;1.7168966243727486;SMAD3
gs_ind_0;Regulation of Protein Metabolic Process (GO:0051246);1/92;0.4809684389582488;0.5422683380411629;2.2954667898098977;1.6801752413130022;PLAUR
gs_ind_0;Regulation of ERK1 and ERK2 Cascade (GO:0070372);2/229;0.484248597932292;0.5443031157079228;1.5391385865319516;1.1161169230421977;"CX3CL1;CCN1"
gs_ind_0;Positive Regulation of DNA Metabolic Process (GO:0051054);1/93;0.48466642650861996;0.5443031157079228;2.2704986676817662;1.644509481717825;BRPF3
gs_ind_0;Regulation of Phosphatidylinositol 3-Kinase/Protein Kinase B Signal Transduction (GO:0051896);2/229;0.484248597932292;0.5443031157079228;1.5391385865319516;1.1161169230421977;"SH2B3;CX3CL1"
gs_ind_0;Positive Regulation of Supramolecular Fiber Organization (GO:1902905);1/93;0.48466642650861996;0.5443031157079228;2.2704986676817662;1.644509481717825;CX3CL1
gs_ind_0;DNA-templated Transcription Initiation (GO:0006352);1/94;0.4883383111968779;0.5473577562148241;2.2460646230323116;1.6098597494603943;GTF3C2
gs_ind_0;Negative Regulation of Angiogenesis (GO:0016525);1/94;0.4883383111968779;0.5473577562148241;2.2460646230323116;1.6098597494603943;SERPINE1
gs_ind_0;Regulation of Protein Localization to Plasma Membrane (GO:1903076);1/95;0.49198427554836516;0.5498366539170262;2.2221477010209405;1.5761883042948104;TMBIM1
gs_ind_0;T Cell Receptor Signaling Pathway (GO:0050852);1/95;0.49198427554836516;0.5498366539170262;2.2221477010209405;1.5761883042948104;CSK
gs_ind_0;Carbohydrate Metabolic Process (GO:0005975);1/95;0.49198427554836516;0.5498366539170262;2.2221477010209405;1.5761883042948104;B4GALNT1
gs_ind_0;Negative Regulation of DNA-templated Transcription (GO:0045892);8/1074;0.4942736128542033;0.5518588881381881;1.1164000970629047;0.7866892387466393;"PBXIP1;SINHCAF;BMP7;JDP2;SMARCA2;SMAD3;BRD7;BHLHE41"
gs_ind_0;Intracellular Monoatomic Cation Homeostasis (GO:0030003);2/234;0.4956451745995293;0.5523177817727313;1.5055292259083728;1.0567234089953257;"PRKACA;FXYD5"
gs_ind_0;Cellular Response to Lipid (GO:0071396);2/234;0.4956451745995293;0.5523177817727313;1.5055292259083728;1.0567234089953257;"ADCY6;SERPINE1"
gs_ind_0;Regulation of Signal Transduction (GO:0009966);2/235;0.497905573837848;0.5542995255697243;1.4989800785491745;1.0453060091034212;"CX3CL1;CSK"
gs_ind_0;Positive Regulation of Canonical Wnt Signaling Pathway (GO:0090263);1/97;0.49919916702983946;0.555202168360073;2.175800919506677;1.5116379728528533;RUVBL1
gs_ind_0;Regulation of Insulin Secretion (GO:0050796);1/98;0.5027684529239198;0.5580923946549303;2.1533405561574575;1.4806919778631493;PRKACA
gs_ind_0;Regulation of Organelle Organization (GO:0033043);1/98;0.5027684529239198;0.5580923946549303;2.1533405561574575;1.4806919778631493;RUVBL1
gs_ind_0;Sodium Ion Transmembrane Transport (GO:0035725);1/100;0.5098315926280822;0.565387012075501;2.10977422322882;1.4213017665477026;FXYD5
gs_ind_0;MRNA Splicing, via Spliceosome (GO:0000398);2/242;0.5135488820631094;0.567866552281323;1.4546610044240376;0.9694007276059377;"HNRNPC;SF3B2"
gs_ind_0;Protein Autophosphorylation (GO:0046777);1/101;0.5133257977972219;0.567866552281323;2.088641300539556;1.3927990722762345;MELK
gs_ind_0;Cellular Response to Transforming Growth Factor Beta Stimulus (GO:0071560);1/101;0.5133257977972219;0.567866552281323;2.088641300539556;1.3927990722762345;SMAD3
gs_ind_0;RNA Catabolic Process (GO:0006401);1/102;0.5167953253897132;0.5709074199790299;2.0679247901200304;1.3650544663209963;ANG
gs_ind_0;RRNA Metabolic Process (GO:0016072);1/105;0.5270575632426227;0.5778038109904824;2.0081541882876204;1.2861133297448948;ANG
gs_ind_0;Regulation of Immune Response (GO:0050776);1/105;0.5270575632426227;0.5778038109904824;2.0081541882876204;1.2861133297448948;CSK
gs_ind_0;Protein Targeting (GO:0006605);1/105;0.5270575632426227;0.5778038109904824;2.0081541882876204;1.2861133297448948;PEX5
gs_ind_0;Inorganic Cation Import Across Plasma Membrane (GO:0098659);1/105;0.5270575632426227;0.5778038109904824;2.0081541882876204;1.2861133297448948;FXYD5
gs_ind_0;Cilium Organization (GO:0044782);2/248;0.5267035781248071;0.5778038109904824;1.418676638820261;0.909538220009316;"KIF3A;IFT122"
gs_ind_0;Glucose Homeostasis (GO:0042593);1/105;0.5270575632426227;0.5778038109904824;2.0081541882876204;1.2861133297448948;CRTC2
gs_ind_0;Sensory Perception of Mechanical Stimulus (GO:0050954);1/104;0.5236610372520834;0.5778038109904824;2.0276927264067495;1.3117360793524275;MYH14
gs_ind_0;Positive Regulation of Protein-Containing Complex Assembly (GO:0031334);1/105;0.5270575632426227;0.5778038109904824;2.0081541882876204;1.2861133297448948;BCL2L11
gs_ind_0;Cytoplasmic Translation (GO:0002181);1/106;0.5304300951142009;0.5803944903723416;1.988986048995394;1.2611506186300951;EIF3I
gs_ind_0;Striated Muscle Contraction (GO:0006941);1/106;0.5304300951142009;0.5803944903723416;1.988986048995394;1.2611506186300951;MYH14
gs_ind_0;Regulation of Type II Interferon Production (GO:0032649);1/107;0.5337788007808757;0.5835034419182576;1.970177874760299;1.2368259655821194;SCRIB
gs_ind_0;Cell Junction Assembly (GO:0034329);1/109;0.5404053993438672;0.5879528942719464;1.9336016096579476;1.1900074245093983;PKP4
gs_ind_0;Positive Regulation of Cell Motility (GO:2000147);2/254;0.5396198000154051;0.5879528942719464;1.3844024212847825;0.8540246484931862;"CX3CL1;CCN1"
gs_ind_0;Regulation of RNA Splicing (GO:0043484);1/109;0.5404053993438672;0.5879528942719464;1.9336016096579476;1.1900074245093983;SRSF3
gs_ind_0;Regulation of TORC1 Signaling (GO:1903432);1/109;0.5404053993438672;0.5879528942719464;1.9336016096579476;1.1900074245093983;PRKACA
gs_ind_0;Sensory Perception of Sound (GO:0007605);1/109;0.5404053993438672;0.5879528942719464;1.9336016096579476;1.1900074245093983;MYH14
gs_ind_0;Positive Regulation of Cell Growth (GO:0030307);1/110;0.5436836222803528;0.5909604590003835;1.9158145218342015;1.1674739545169284;MAPKAP1
gs_ind_0;Negative Regulation of Catabolic Process (GO:0009895);1/111;0.5469386791080856;0.5939371869445689;1.8983493722516092;1.1454992955543764;CDK5RAP3
gs_ind_0;Phosphorylation (GO:0016310);2/258;0.5480965341758675;0.5940725865242672;1.3624437607974649;0.8192426791748587;"PRKACA;CSK"
gs_ind_0;Cilium Assembly (GO:0060271);2/258;0.5480965341758675;0.5940725865242672;1.3624437607974649;0.8192426791748587;"KIF3A;IFT122"
gs_ind_0;Cytoskeleton Organization (GO:0007010);1/112;0.5501707320006417;0.5957592672323333;1.8811974988947135;1.1240655964369763;MAPKAP1
gs_ind_0;Regulation of Macroautophagy (GO:0016241);1/113;0.5533799420070367;0.5975464162517298;1.8643505477308293;1.103155715173111;PRKACA
gs_ind_0;Regulation of mRNA Splicing, via Spliceosome (GO:0048024);1/113;0.5533799420070367;0.5975464162517298;1.8643505477308293;1.103155715173111;SRSF3
gs_ind_0;Regulation of Wnt Signaling Pathway (GO:0030111);1/113;0.5533799420070367;0.5975464162517298;1.8643505477308293;1.103155715173111;HSP90B1
gs_ind_0;Regulation of Protein Ubiquitination (GO:0031396);1/114;0.5565664690594642;0.6004234891354444;1.8478004591425203;1.08275318512305;CDK5RAP3
gs_ind_0;Regulation of Interleukin-6 Production (GO:0032675);1/115;0.5597304719809528;0.6021422289785742;1.8315394550710375;1.0628421830436001;CX3CL1
gs_ind_0;Regulation of Primary Metabolic Process (GO:0080090);1/115;0.5597304719809528;0.6021422289785742;1.8315394550710375;1.0628421830436001;CERS2
gs_ind_0;Positive Regulation of Cell Projection Organization (GO:0031346);1/115;0.5597304719809528;0.6021422289785742;1.8315394550710375;1.0628421830436001;CX3CL1
gs_ind_0;Cell-matrix Adhesion (GO:0007160);1/116;0.562872108492993;0.6049560044550859;1.8155600268276324;1.0434074988984074;PLAUR
gs_ind_0;Positive Regulation of Epithelial Cell Proliferation (GO:0050679);1/117;0.5659915352231002;0.607740677410425;1.799854923532612;1.0244345073225303;ANG
gs_ind_0;Mitotic Cell Cycle Phase Transition (GO:0044772);1/118;0.569088907712338;0.6104964961466313;1.7844171411447407;1.0059091406376344;MELK
gs_ind_0;Regulation of Gene Expression (GO:0010468);8/1146;0.5696231356751362;0.6105000988130538;1.0403952127788703;0.5855139323612922;"PBXIP1;BMP7;RUVBL1;HDAC11;SMARCA2;SMAD3;MEAF6;HNRNPDL"
gs_ind_0;Heterochromatin Organization (GO:0070828);1/120;0.5752181067448796;0.6153496025642898;1.7543166951499793;0.9701476478428945;SMARCA2
gs_ind_0;Antigen Receptor-Mediated Signaling Pathway (GO:0050851);1/120;0.5752181067448796;0.6153496025642898;1.7543166951499793;0.9701476478428945;CSK
gs_ind_0;Protein Complex Oligomerization (GO:0051259);1/122;0.5812609284723136;0.6200835507821527;1.7252072103402307;0.9360206961223159;PEX5
gs_ind_0;Cellular Response to Molecule of Bacterial Origin (GO:0071219);1/122;0.5812609284723136;0.6200835507821527;1.7252072103402307;0.9360206961223159;SERPINE1
gs_ind_0;Regulation of JNK Cascade (GO:0046328);1/122;0.5812609284723136;0.6200835507821527;1.7252072103402307;0.9360206961223159;TRAF4
gs_ind_0;Protein Localization to Nucleus (GO:0034504);1/123;0.5842503253667269;0.6226949714288563;1.711008910606496;0.9195402447584602;KPNA2
gs_ind_0;Apoptotic Process (GO:0006915);2/276;0.5848947996754992;0.6228046478026149;1.2715493055016014;0.6819614910753652;"BCL2L11;MELK"
gs_ind_0;T Cell Activation (GO:0042110);1/124;0.5872185788654766;0.6241232584984271;1.6970405428522553;0.9034333849536781;SCRIB
gs_ind_0;Intrinsic Apoptotic Signaling Pathway (GO:0097193);1/124;0.5872185788654766;0.6241232584984271;1.6970405428522553;0.9034333849536781;BCL2L11
gs_ind_0;Positive Regulation of Transcription by RNA Polymerase II (GO:0045944);7/1019;0.5887002706573208;0.6251203243360285;1.0312511516491616;0.5463961541062007;"BCL11B;CCN1;KANSL3;CX3CL1;SMARCA2;SMAD3;CRTC2"
gs_ind_0;Cellular Response to Lipopolysaccharide (GO:0071222);1/125;0.5901658371105987;0.625521394172524;1.6832965665478816;0.887689308884348;SERPINE1
gs_ind_0;Positive Regulation of Protein Catabolic Process (GO:0045732);1/125;0.5901658371105987;0.625521394172524;1.6832965665478816;0.887689308884348;CDK5RAP3
gs_ind_0;Regulation of Transforming Growth Factor Beta Receptor Signaling Pathway (GO:0017015);1/126;0.5930922472159814;0.628044276517844;1.6697716177543347;0.8722975960922391;SINHCAF
gs_ind_0;Positive Regulation of Signal Transduction (GO:0009967);2/283;0.5986043521032128;0.6330106363229975;1.2393407018932092;0.6359731505359668;"KIF3A;HSP90B1"
gs_ind_0;Neg Reg Transmembrane Rec Protein Serine/Threonine Kinase Signaling Pathway (GO:0090101);1/128;0.5988831063647141;0.6330106363229975;1.6433581883457609;0.8425314162414701;SINHCAF
gs_ind_0;Cytokine-mediated Signaling Pathway (GO:0019221);2/287;0.6062866187678267;0.6402475772112036;1.2216449066657813;0.6113140877885577;"PRKACA;CX3CL1"
gs_ind_0;Heterochromatin Formation (GO:0031507);1/131;0.6074166535491768;0.640852432643627;1.6052560574173007;0.8002848508623965;SMARCA2
gs_ind_0;Cellular Response to Oxidative Stress (GO:0034599);1/132;0.6102210075160798;0.6432210436695617;1.5929416805012584;0.7868081834979983;PEX5
gs_ind_0;Epithelial Cell Differentiation (GO:0030855);1/134;0.6157703149601451;0.6484760642895301;1.568866381811468;0.7607138927736247;SCRIB
gs_ind_0;Central Nervous System Development (GO:0007417);2/294;0.6194650273605735;0.6517701568752603;1.1918418600883056;0.5707719137084042;"CDK5RAP3;UGP2"
gs_ind_0;Lipid Biosynthetic Process (GO:0008610);1/137;0.6239478475352748;0.6558866770251974;1.5340762523861116;0.7236061137533121;CERS2
gs_ind_0;Neuron Projection Guidance (GO:0097485);1/138;0.6266351901061507;0.6575095516624756;1.5228169014084507;0.711750520933907;NTN4
gs_ind_0;Protein Localization to Cell Periphery (GO:1990778);1/138;0.6266351901061507;0.6575095516624756;1.5228169014084507;0.711750520933907;HSP90B1
gs_ind_0;Regulation of Cytoskeleton Organization (GO:0051493);1/139;0.6293035066075299;0.6597074134901179;1.5117201403366045;0.7001405090824893;PRKACA
gs_ind_0;Regulation of Canonical NF-kappaB Signal Transduction (GO:0043122);2/301;0.6323060918811634;0.6622513712780855;1.1634319442356533;0.5332958885650466;"CX3CL1;TRAF4"
gs_ind_0;Circulatory System Development (GO:0072359);1/141;0.6345835942366398;0.663428303065578;1.4900005012280086;0.6776317438783592;BMP7
gs_ind_0;Regulation of Response to External Stimulus (GO:0032101);1/141;0.6345835942366398;0.663428303065578;1.4900005012280086;0.6776317438783592;CX3CL1
gs_ind_0;Response to Cytokine (GO:0034097);1/143;0.6397891668601096;0.6682629808257275;1.468890536199654;0.6560308730809276;GCH1
gs_ind_0;DNA Damage Response (GO:0006974);3/464;0.6426722089258936;0.6706651908028836;1.055404936057271;0.4666161249658458;"SMARCAL1;TOP2A;BCL2L11"
gs_ind_0;Nitrogen Compound Transport (GO:0071705);1/145;0.6449212662858652;0.6724020455383001;1.448364930064818;0.6352920183644575;SLC48A1
gs_ind_0;Protein Homooligomerization (GO:0051260);1/146;0.6474600851637409;0.6732179909026238;1.438313731184357;0.6252322919504205;CTH
gs_ind_0;Regulation of Tumor Necrosis Factor Production (GO:0032680);1/146;0.6474600851637409;0.6732179909026238;1.438313731184357;0.6252322919504205;CX3CL1
gs_ind_0;Negative Regulation of Gene Expression, Epigenetic (GO:0045814);1/146;0.6474600851637409;0.6732179909026238;1.438313731184357;0.6252322919504205;SMARCA2
gs_ind_0;Potassium Ion Transmembrane Transport (GO:0071805);1/148;0.6524838966737465;0.6772170407714878;1.4186201957507758;0.6057065903227397;FXYD5
gs_ind_0;Negative Regulation of Defense Response (GO:0031348);1/148;0.6524838966737465;0.6772170407714878;1.4186201957507758;0.6057065903227397;SMAD3
gs_ind_0;Sensory Perception of Chemical Stimulus (GO:0007606);1/151;0.659886928207438;0.6836666373320304;1.3900612980206821;0.5778301043326672;GNAL
gs_ind_0;RNA Biosynthetic Process (GO:0032774);1/151;0.659886928207438;0.6836666373320304;1.3900612980206821;0.5778301043326672;HNRNPDL
gs_ind_0;Supramolecular Fiber Organization (GO:0097435);2/318;0.6620970392156698;0.6853389694851667;1.0996683213165324;0.4534406983239358;"KATNA1;FLII"
gs_ind_0;Axon Guidance (GO:0007411);1/158;0.6765586218921871;0.6984222757414857;1.3276548177956629;0.5187627724533784;NTN4
gs_ind_0;Transcription Initiation at RNA Polymerase II Promoter (GO:0006367);1/158;0.6765586218921871;0.6984222757414857;1.3276548177956629;0.5187627724533784;BRD7
gs_ind_0;Positive Regulation of ERK1 and ERK2 Cascade (GO:0070374);1/158;0.6765586218921871;0.6984222757414857;1.3276548177956629;0.5187627724533784;CX3CL1
gs_ind_0;Negative Regulation of Transcription by RNA Polymerase II (GO:0000122);5/802;0.6773938551265606;0.6986573393682015;0.9558620689655173;0.37231057939639883;"SINHCAF;JDP2;SMARCA2;SMAD3;BHLHE41"
gs_ind_0;Protein Localization to Plasma Membrane (GO:0072659);1/161;0.6834533722044617;0.7042754283468915;1.3025755780790662;0.4957561544852563;HSP90B1
gs_ind_0;Epithelium Development (GO:0060429);1/163;0.6879687775327922;0.708293727988103;1.286370530877573;0.48111778804228716;IFT122
gs_ind_0;Neuron Projection Morphogenesis (GO:0048812);1/166;0.6946225085213668;0.7145043692303862;1.2627973277732862;0.460146594205041;BMP7
gs_ind_0;Regulation of Intracellular Signal Transduction (GO:1902531);2/340;0.6977700479929054;0.717100585515497;1.0266578927103824;0.3694589351792039;"RACGAP1;TRAF4"
gs_ind_0;Skeletal System Development (GO:0001501);1/169;0.7011356537902844;0.7199160730882385;1.240063526559953;0.4402893863797906;BMP7
gs_ind_0;Protein Localization to Organelle (GO:0033365);1/171;0.7054011033076637;0.7236496599498781;1.2253521126760563;0.4276340372834925;IFT122
gs_ind_0;Actin Filament Organization (GO:0007015);1/173;0.709606236402246;0.7266671165294594;1.2109818330271485;0.4154213348539193;FLII
gs_ind_0;Pos Reg Phosphatidylinositol 3-Kinase/Protein Kinase B Signal Transduction (GO:0051897);1/173;0.709606236402246;0.7266671165294594;1.2109818330271485;0.4154213348539193;CX3CL1
gs_ind_0;Positive Regulation of Cell Migration (GO:0030335);2/349;0.7114511173233814;0.7279081716386909;0.9994544648641277;0.34026284084856934;"CX3CL1;CCN1"
gs_ind_0;Protein Catabolic Process (GO:0030163);1/178;0.7198607011693211;0.7358576056397504;1.176472922039278;0.3867037745133742;PRKACA
gs_ind_0;Double-strand Break Repair (GO:0006302);1/183;0.7297563228728903;0.7453106317085468;1.1438549102836195;0.36036531821427736;SMARCAL1
gs_ind_0;Membrane Organization (GO:0061024);1/190;0.7430309465575766;0.7581948434260986;1.1010814225723735;0.3270405442654853;CHMP2B
gs_ind_0;Negative Regulation of Macromolecule Biosynthetic Process (GO:0010558);1/194;0.750324250751812;0.7649582343657657;1.0780288968955853;0.3096636190345383;SMAD3
gs_ind_0;Positive Regulation of MAPK Cascade (GO:0043410);2/380;0.7546961065227409;0.7687338551825971;0.915656088200492;0.25770235813144116;"CX3CL1;TRAF4"
gs_ind_0;Positive Regulation of Protein Metabolic Process (GO:0051247);1/197;0.7556593043896748;0.7690338053523239;1.061355409812565;0.2973542774736369;SLC25A37
gs_ind_0;Generation of Neurons (GO:0048699);1/206;0.7709961565885173;0.7839483466638327;1.014255851410164;0.26377943662624354;RACGAP1
gs_ind_0;Neuron Projection Development (GO:0031175);1/214;0.7838259671562432;0.7962896309449468;0.9757231916086684;0.23765520386723313;BMP7
gs_ind_0;Axonogenesis (GO:0007409);1/216;0.7869205317625776;0.7987278124686357;0.966537041273161;0.2316093495531251;NTN4
gs_ind_0;Transcription by RNA Polymerase II (GO:0006366);1/217;0.7884513161792157;0.7995758497408272;0.9620076114887942;0.22865441050216664;SSU72
gs_ind_0;Positive Regulation of Canonical NF-kappaB Signal Transduction (GO:0043123);1/218;0.7899712053331018;0.8004113534212045;0.9575198316334791;0.22574371032950752;CX3CL1
gs_ind_0;Protein Stabilization (GO:0050821);1/222;0.7959433376944719;0.8057524985463403;0.9399739293549105;0.21452769267161154;RUVBL1
gs_ind_0;Regulation of Canonical Wnt Signaling Pathway (GO:0060828);1/228;0.8045874951481328;0.8137868244682082;0.9148119486147656;0.198903501399877;RUVBL1
gs_ind_0;Positive Regulation of Gene Expression (GO:0010628);2/424;0.8065057332016952;0.8150101873303598;0.8178300008413023;0.1758696577219831;"BMP7;SMAD3"
gs_ind_0;Regulation of Autophagy (GO:0010506);1/238;0.8181954571887264;0.8260972570386614;0.875700518902891;0.1757128344287367;PRKACA
gs_ind_0;Sensory Perception of Smell (GO:0007608);1/263;0.8482449902332874;0.8556857357616495;0.7909590878604963;0.13018061948179016;GNAL
gs_ind_0;Chemical Synaptic Transmission (GO:0007268);1/268;0.8536358253364071;0.8596157610655588;0.7759115440305384;0.12278847528444647;PPFIA3
gs_ind_0;Lipid Metabolic Process (GO:0006629);1/268;0.8536358253364071;0.8596157610655588;0.7759115440305384;0.12278847528444647;SLC16A11
gs_ind_0;Inflammatory Response (GO:0006954);1/298;0.8822194379008204;0.8876223565931264;0.696248076695467;0.08724995044398698;CX3CL1
gs_ind_0;Protein Modification by Small Protein Conjugation (GO:0032446);1/313;0.8943617766924944;0.8990524853115109;0.6621521126760563;0.0739259155095474;CDK5RAP3
gs_ind_0;DNA Repair (GO:0006281);1/325;0.9031756845595432;0.9071196831820739;0.6371449033182144;0.06488568241198595;SMARCAL1
gs_ind_0;Monoatomic Cation Transmembrane Transport (GO:0098655);1/334;0.9093042964722836;0.9124781334582253;0.6195704964419199;0.0589059631043067;FXYD5
gs_ind_0;Negative Regulation of Gene Expression (GO:0010629);1/383;0.936514913792478;0.9389643861040537;0.538396391420418;0.0353133289664663;SMAD3
gs_ind_0;Cellular Component Assembly (GO:0022607);1/399;0.9435095324856428;0.9451532773157572;0.5162139714068602;0.030017228607871507;SMARCA2
gs_ind_0;Ubiquitin-dependent Protein Catabolic Process (GO:0006511);1/502;0.9734364941673775;0.9742836973824928;0.40729922907334337;0.010965591226113703;CHMP2B
gs_ind_0;Nervous System Development (GO:0007399);1/531;0.9785412317468718;0.9785412317468718;0.384264114375224;0.00833559370813089;CSPG4
